TimeInstant,Period,Status,Laeq,Lamax,Lamin,La1,La10,La50,La90,La99

2025-06-03 09:27:00,0,connected,56.265472412109375,62.850135803222656,53.779136657714844,61.899375915527344,57.71979522705078,55.47283935546875,54.32970428466797,53.973262786865234
2025-06-03 09:27:30,0,connected,55.4346580505371,58.81169128417969,53.94061279296875,57.85216522216797,56.33106994628906,55.124080657958984,54.40467071533203,54.05731201171875
2025-06-03 09:28:00,0,connected,58.61576461791992,64.3118209838867,54.5192642211914,62.917545318603516,61.306434631347656,57.80238342285156,55.276004791259766,54.627601623535156
2025-06-03 09:28:30,0,connected,56.3445167541504,59.83575439453125,54.07707214355469,59.443565368652344,58.216880798339844,55.726593017578125,54.43603515625,54.25384521484375
2025-06-03 09:29:00,0,connected,58.54631805419922,67.1239776611328,53.883209228515625,66.63197326660156,61.3213119506836,55.72446060180664,54.41019821166992,54.05207443237305
2025-06-03 09:29:30,0,connected,58.82260513305664,68.41395568847656,53.8915138244629,66.3504409790039,61.162841796875,57.01194763183594,54.5777816772461,54.03736877441406
2025-06-03 09:30:00,0,connected,56.60463333129883,61.2577133178711,54.12733840942383,60.9945411682129,58.1261215209961,56.12807083129883,54.568241119384766,54.277069091796875
2025-06-03 09:30:30,0,connected,56.119659423828125,62.12213134765625,53.81361389160156,60.05487060546875,57.55683898925781,55.29612731933594,54.39557647705078,53.925376892089844
2025-06-03 09:31:00,0,connected,55.46158981323242,62.130775451660156,53.830963134765625,60.676551818847656,56.10429382324219,54.89617919921875,54.26704406738281,53.99561309814453
2025-06-03 09:31:30,0,connected,56.62094497680664,65.9262008666992,53.7633285522461,62.5681037902832,59.201812744140625,54.81141662597656,54.1590576171875,53.803558349609375
2025-06-03 09:32:00,0,connected,55.556095123291016,62.6817970275879,53.67960739135742,60.271366119384766,57.485198974609375,54.63435363769531,53.995697021484375,53.70878601074219
2025-06-03 09:32:30,0,connected,57.30421447753906,64.04580688476562,53.79941177368164,62.7052001953125,59.98052215576172,56.27110290527344,54.30230712890625,53.91813659667969
2025-06-03 09:33:00,0,connected,56.35723114013672,61.833740234375,53.55140686035156,60.72312545776367,58.47675323486328,55.22999572753906,54.24451446533203,53.8526382446289
2025-06-03 09:33:30,0,connected,55.71345138549805,60.77995300292969,53.8144187927246,59.195587158203125,57.6965103149414,54.83786392211914,54.18156433105469,53.97471237182617
2025-06-03 09:34:00,0,connected,55.78366470336914,60.7261962890625,53.856529235839844,60.62078857421875,57.09385681152344,55.20294189453125,54.458797454833984,54.18295669555664
2025-06-03 09:34:00,0,connected,55.78366470336914,60.7261962890625,53.856529235839844,60.62078857421875,57.09385681152344,55.20294189453125,54.458797454833984,54.18295669555664
2025-06-03 09:34:30,0,connected,56.747039794921875,61.1854019165039,53.9111099243164,60.77936935424805,59.56635284423828,55.6993751525879,54.52184295654297,53.940673828125
2025-06-03 09:35:00,0,connected,55.61885070800781,59.799842834472656,53.602779388427734,58.888885498046875,57.11676788330078,55.18290710449219,54.209808349609375,53.60481262207031
2025-06-03 09:35:30,0,connected,55.36204528808594,60.11817932128906,53.60753631591797,59.859439849853516,56.92395782470703,54.60126495361328,54.03223419189453,53.7478904724121
2025-06-03 09:36:00,0,connected,56.391754150390625,61.248043060302734,54.09174346923828,61.02742385864258,58.74797821044922,55.51804733276367,54.60382080078125,54.154937744140625
2025-06-03 09:36:30,0,connected,56.884429931640625,61.68681335449219,54.1885757446289,60.23622131347656,58.49267578125,56.613311767578125,54.80714416503906,54.33197021484375
2025-06-03 09:37:00,0,connected,56.1455421447754,62.14726638793945,53.67144012451172,60.66276550292969,58.48638153076172,54.744808197021484,54.17779541015625,53.92388916015625
2025-06-03 09:37:30,0,connected,56.03386306762695,60.392860412597656,53.94169998168945,59.98044204711914,58.16510772705078,55.068233489990234,54.16936492919922,53.97087097167969
2025-06-03 09:38:30,0,connected,54.75606155395508,62.48576354980469,53.49217987060547,56.60039138793945,55.3432388305664,54.3946304321289,53.85657501220703,53.65472412109375
2025-06-03 09:39:00,0,connected,55.6016616821289,60.9267578125,53.86601638793945,60.02968978881836,57.73023986816406,54.79958724975586,54.13998794555664,53.87022399902344
2025-06-03 09:39:30,0,connected,59.86790466308594,67.5486297607422,53.88921356201172,66.9741439819336,63.349327087402344,57.436981201171875,54.61909103393555,53.910728454589844
2025-06-03 09:40:00,0,connected,55.228763580322266,59.3750991821289,53.44905090332031,59.0170669555664,57.236785888671875,54.6420669555664,53.80961608886719,53.45006561279297
2025-06-03 09:40:30,0,connected,55.13291549682617,59.75274658203125,53.342613220214844,59.46092987060547,56.761077880859375,54.497520446777344,53.69160461425781,53.420249938964844
2025-06-03 09:41:00,0,connected,54.38743209838867,58.8873291015625,53.26039505004883,58.0154914855957,54.790977478027344,54.10542678833008,53.613616943359375,53.44248580932617
2025-06-03 09:41:30,0,connected,59.54694747924805,71.39639282226562,53.36927032470703,68.7230758666992,62.7659912109375,55.3505859375,53.773597717285156,53.45477294921875
2025-06-03 09:42:00,0,connected,61.2069969177246,69.4823532104492,53.69603729248047,67.28286743164062,64.26798248291016,59.75238800048828,54.8208236694336,53.80259323120117
2025-06-03 09:42:30,0,connected,66.1461715698242,80.8138198852539,52.998783111572266,74.6974868774414,70.912109375,56.85770797729492,53.73002624511719,53.2523193359375
2025-06-03 09:43:00,0,connected,62.70320510864258,73.15623474121094,53.0537338256836,71.23760986328125,66.1330337524414,58.98988342285156,53.64860534667969,53.13501739501953
2025-06-03 09:43:30,0,connected,65.0219268798828,76.0376434326172,53.481163024902344,72.7481231689453,68.52201080322266,59.1120834350586,54.30272674560547,53.51061248779297
2025-06-03 09:44:00,0,connected,63.76018524169922,77.3910446166992,53.17121124267578,74.9673080444336,65.54347229003906,57.667572021484375,54.051429748535156,53.4481201171875
2025-06-03 09:44:30,0,connected,58.774112701416016,65.91275787353516,53.1759147644043,64.9093780517578,61.70359420776367,56.559234619140625,53.85612487792969,53.29027557373047
2025-06-03 09:45:00,0,connected,60.89527893066406,72.64114379882812,52.62397766113281,70.9157180786133,63.104286193847656,56.2502212524414,53.196563720703125,52.917724609375
2025-06-03 09:45:30,0,connected,57.64684295654297,65.6265182495117,52.980438232421875,62.5537223815918,61.01177215576172,55.540077209472656,53.6041145324707,53.054325103759766
2025-06-03 09:46:00,0,connected,60.6320571899414,69.35018157958984,53.15955352783203,68.4443588256836,64.4122772216797,56.019412994384766,53.67073059082031,53.34660720825195
2025-06-03 09:50:30,0,connected,58.60356140136719,65.9873580932617,53.29267883300781,65.78439331054688,61.25859451293945,56.98291778564453,53.93898010253906,53.32353210449219
2025-06-03 09:51:00,0,connected,60.9389762878418,69.68577575683594,52.93088150024414,68.69649505615234,65.265380859375,57.98455810546875,53.6485595703125,53.16393280029297
2025-06-03 09:51:30,0,connected,63.86522674560547,77.83743286132812,53.43060302734375,76.5025634765625,64.25430297851562,57.94626998901367,54.50831604003906,53.48365783691406
2025-06-03 09:52:00,0,connected,58.29005432128906,66.170166015625,52.566593170166016,64.73797607421875,61.1235580444336,56.400272369384766,53.668609619140625,53.2039794921875
2025-06-03 09:52:30,0,connected,59.485599517822266,69.4121551513672,53.017578125,66.9329299926758,62.56739044189453,57.4786148071289,53.759307861328125,53.036827087402344
2025-06-03 09:53:00,0,connected,59.166046142578125,68.5603256225586,52.94516372680664,67.25125122070312,62.7026252746582,56.422943115234375,53.85589599609375,53.12699890136719
2025-06-03 09:53:30,0,connected,59.9776954650879,64.63841247558594,53.145599365234375,64.56900787353516,62.45092010498047,59.48351287841797,55.7280502319336,53.88551330566406
2025-06-03 09:54:00,0,connected,57.60129165649414,64.08035278320312,52.3979835510254,63.62483215332031,60.176483154296875,56.40089416503906,53.58540725708008,52.80009460449219
2025-06-03 09:54:30,0,connected,56.76813507080078,63.946533203125,52.45466995239258,61.44126892089844,59.880699157714844,55.71181106567383,53.011192321777344,52.56224060058594
2025-06-03 09:55:00,0,connected,54.542755126953125,58.9621238708496,52.5287094116211,58.528656005859375,56.91025924682617,53.47258758544922,52.7945556640625,52.5635757446289
2025-06-03 09:55:30,0,connected,54.513671875,61.72304916381836,52.658512115478516,60.527748107910156,56.72521209716797,53.46369934082031,52.975528717041016,52.707847595214844
2025-06-03 09:55:30,0,connected,54.513671875,61.72304916381836,52.658512115478516,60.527748107910156,56.72521209716797,53.46369934082031,52.975528717041016,52.707847595214844
2025-06-03 09:56:00,0,connected,54.83350372314453,61.1917381286621,52.63243865966797,60.83477020263672,56.40271759033203,53.94621658325195,53.00642776489258,52.72130584716797
2025-06-03 09:56:30,0,connected,55.39341354370117,65.88744354248047,52.51616287231445,60.34894561767578,56.920166015625,54.155067443847656,53.047080993652344,52.80516815185547
2025-06-03 09:57:00,0,connected,56.46940231323242,65.5549774169922,53.0447883605957,61.558013916015625,58.69334411621094,55.3413314819336,53.4485092163086,53.12360382080078
2025-06-03 09:57:30,0,connected,55.155426025390625,61.07313537597656,52.630126953125,58.92748260498047,57.11137390136719,54.4539566040039,53.413665771484375,52.99969482421875
2025-06-03 09:58:00,0,connected,56.6343650817871,62.040367126464844,52.71807098388672,60.88178253173828,59.37096405029297,55.376220703125,53.49017333984375,52.78865051269531
2025-06-03 17:31:00,0,connected,55.82481002807617,56.40593719482422,55.16150665283203,56.39494705200195,56.12177658081055,55.8470230102539,55.48107147216797,55.216156005859375
2025-06-03 17:31:30,0,connected,56.41242980957031,67.0533447265625,55.04064178466797,61.52508544921875,56.17293167114258,55.69696807861328,55.30321502685547,55.043251037597656
2025-06-03 17:32:00,0,connected,57.95234298706055,70.39366149902344,55.0212631225586,68.25337982177734,56.62661361694336,55.89485168457031,55.518035888671875,55.08306884765625
2025-06-03 17:32:30,0,connected,58.18455505371094,72.3306121826172,55.24216842651367,64.82032775878906,57.687583923339844,56.165950775146484,55.54387664794922,55.27253723144531
2025-06-03 17:33:00,0,connected,57.11043167114258,65.05936431884766,55.2669448852539,62.433753967285156,58.31330871582031,56.12303924560547,55.51325225830078,55.304443359375
2025-06-03 17:33:30,0,connected,57.72837829589844,69.0593795776367,55.20016860961914,66.6455078125,57.30814743041992,55.8350486755371,55.48271179199219,55.269325256347656
2025-06-03 17:34:00,0,connected,56.982421875,66.41458129882812,54.908878326416016,66.12294006347656,56.70088577270508,56.200801849365234,55.42497253417969,54.96003723144531
2025-06-03 17:34:30,0,connected,56.35124969482422,57.048404693603516,55.451480865478516,56.879451751708984,56.710662841796875,56.3725814819336,55.97937774658203,55.6723518371582
2025-06-03 17:35:00,0,connected,56.36511993408203,56.92626190185547,55.79296875,56.84362030029297,56.69272232055664,56.35486602783203,56.038902282714844,55.80510711669922
2025-06-03 17:35:30,0,connected,56.416542053222656,57.05754852294922,55.77703094482422,56.830623626708984,56.7004165649414,56.4157371520996,56.1216049194336,56.006866455078125
2025-06-03 17:36:00,0,connected,56.43000793457031,57.0673599243164,55.73430252075195,57.0379753112793,56.82375717163086,56.41273498535156,56.06941223144531,55.925052642822266
2025-06-03 17:36:30,0,connected,56.42462921142578,57.04253387451172,55.91450881958008,56.92668914794922,56.78999710083008,56.41919708251953,56.05134582519531,55.9412841796875
2025-06-03 17:37:00,0,connected,56.332557678222656,57.0950927734375,55.58527755737305,57.01533126831055,56.71286392211914,56.2834243774414,55.945255279541016,55.72858428955078
2025-06-03 17:37:00,0,connected,56.332557678222656,57.0950927734375,55.58527755737305,57.01533126831055,56.71286392211914,56.2834243774414,55.945255279541016,55.72858428955078
2025-06-03 17:37:30,0,connected,56.17565155029297,58.015621185302734,55.51879119873047,57.80617904663086,56.43760681152344,56.108829498291016,55.79042053222656,55.59798049926758
2025-06-03 17:38:00,0,connected,56.1515884399414,56.76332092285156,55.53424072265625,56.65519714355469,56.47123718261719,56.16151428222656,55.73419189453125,55.58061981201172
2025-06-03 17:38:30,0,connected,56.109798431396484,56.85302734375,55.28582763671875,56.71214294433594,56.41657638549805,56.11077117919922,55.6953125,55.3545265197754
2025-06-03 17:39:00,0,connected,56.10100555419922,56.81865692138672,55.323638916015625,56.70063781738281,56.42995071411133,56.07817840576172,55.737144470214844,55.35606384277344
2025-06-03 17:39:30,0,connected,56.215057373046875,57.267822265625,55.51940155029297,56.89197540283203,56.62535095214844,56.18968963623047,55.8540267944336,55.57060241699219
2025-06-03 17:40:00,0,connected,56.17426300048828,56.97816467285156,55.233123779296875,56.83381652832031,56.568328857421875,56.14691925048828,55.77997970581055,55.5341796875
2025-06-03 17:40:30,0,connected,56.163150787353516,57.03862380981445,55.55580139160156,56.963104248046875,56.560585021972656,56.11555480957031,55.79229736328125,55.609130859375
2025-06-03 17:41:00,0,connected,56.13672637939453,56.95109176635742,55.507110595703125,56.9463119506836,56.51884460449219,56.08275604248047,55.77033996582031,55.55319595336914
2025-06-03 17:41:30,0,connected,56.12493896484375,56.66010284423828,55.51139831542969,56.62444305419922,56.46607971191406,56.09960174560547,55.785648345947266,55.56468963623047
2025-06-03 17:42:00,0,connected,56.21293640136719,56.81654739379883,55.44035339355469,56.8023452758789,56.60784912109375,56.21484375,55.81321716308594,55.48456573486328
2025-06-03 17:42:30,0,connected,56.20620346069336,57.12453079223633,55.48561096191406,57.1050033569336,56.53245544433594,56.19066619873047,55.78363037109375,55.6667709350586
2025-06-03 17:43:00,0,connected,56.50374221801758,57.36033248901367,55.75431823730469,57.345863342285156,56.93281936645508,56.4821548461914,56.07732009887695,55.8614273071289
2025-06-03 17:43:30,0,connected,56.76688766479492,57.79827880859375,55.970703125,57.36653137207031,57.19029998779297,56.7538070678711,56.32633972167969,56.07789611816406
2025-06-03 17:44:00,0,connected,57.1921157836914,58.04181671142578,56.47325134277344,57.91059875488281,57.54850769042969,57.190982818603516,56.78774642944336,56.63783264160156
2025-06-03 17:44:30,0,connected,58.00261688232422,59.23108673095703,56.92427062988281,59.2119483947754,58.7276382446289,57.943695068359375,57.252899169921875,57.02452087402344
2025-06-03 17:45:00,0,connected,58.773555755615234,63.2869873046875,56.96376037597656,62.359989166259766,59.6070213317871,58.51233673095703,57.73350524902344,57.0690803527832
2025-06-03 17:45:30,0,connected,58.012901306152344,61.434600830078125,56.54316711425781,60.3179054260254,59.13102722167969,57.69628143310547,56.88915252685547,56.658851623535156
2025-06-03 17:46:00,0,connected,56.7729835510254,57.56621551513672,56.09227752685547,57.46739959716797,57.19721221923828,56.72735595703125,56.36170959472656,56.16600036621094
2025-06-03 17:46:30,0,connected,56.25322723388672,58.748348236083984,55.5457992553711,58.07261657714844,56.63694763183594,56.18389892578125,55.798583984375,55.60466766357422
2025-06-03 17:47:00,0,connected,56.2979850769043,57.9813003540039,55.441078186035156,57.7434310913086,56.774444580078125,56.1721305847168,55.8223876953125,55.65498352050781
2025-06-03 17:47:30,0,connected,56.1340560913086,56.85493469238281,55.6631202697754,56.70295715332031,56.471923828125,56.095252990722656,55.79970169067383,55.70822525024414
2025-06-03 17:48:00,0,connected,56.17241287231445,56.731414794921875,55.63373565673828,56.70603942871094,56.52951431274414,56.16822052001953,55.77741241455078,55.65858459472656
2025-06-03 17:48:30,0,connected,56.14112854003906,56.70281982421875,55.560508728027344,56.52953338623047,56.388004302978516,56.15753173828125,55.86029052734375,55.69951629638672
2025-06-03 17:49:00,0,connected,56.353118896484375,58.12281799316406,55.454315185546875,57.677677154541016,56.77931594848633,56.26542663574219,55.856754302978516,55.60630798339844
2025-06-03 17:49:30,0,connected,56.28105926513672,60.11036682128906,55.46071243286133,57.4862937927246,56.615753173828125,56.17292022705078,55.75505065917969,55.498992919921875
2025-06-03 17:50:00,0,connected,56.4841423034668,61.228729248046875,55.51524353027344,58.53594970703125,56.769893646240234,56.35760498046875,55.901859283447266,55.60426330566406
2025-06-03 17:50:30,0,connected,60.615440368652344,63.26013946533203,56.9851188659668,63.145591735839844,62.29711151123047,60.68817138671875,57.865055084228516,57.1552505493164
2025-06-03 17:51:00,0,connected,59.57945251464844,62.54846954345703,55.67219924926758,62.30820846557617,60.7396240234375,59.34883117675781,58.32097244262695,56.5679817199707
2025-06-03 17:51:30,0,connected,57.1938133239746,60.0817642211914,55.887123107910156,60.035831451416016,58.23945617675781,56.793670654296875,56.22019577026367,55.90978240966797
2025-06-03 17:52:00,0,connected,57.4742431640625,61.347900390625,55.53131103515625,60.929840087890625,58.62236022949219,57.10363006591797,56.2627296447754,55.731597900390625
2025-06-03 17:52:30,0,connected,58.45954513549805,60.31492614746094,56.60710144042969,60.02392578125,59.70591354370117,58.21238708496094,57.197113037109375,56.657318115234375
2025-06-03 17:53:00,0,connected,59.18689727783203,60.39569091796875,56.39984130859375,60.34373474121094,59.949462890625,59.2361068725586,58.119293212890625,56.580726623535156
2025-06-03 17:53:30,0,connected,57.88845443725586,60.9302635192871,55.40602111816406,60.54109191894531,59.39532470703125,57.56974792480469,56.07317352294922,55.58385467529297
2025-06-03 17:54:00,0,connected,57.361576080322266,60.4599380493164,56.068241119384766,59.35906982421875,57.972625732421875,57.20580291748047,56.636383056640625,56.26959228515625
2025-06-03 17:54:30,0,connected,57.7147102355957,60.4049072265625,56.28839111328125,60.40148162841797,59.30225372314453,57.20436096191406,56.75041198730469,56.36415100097656
2025-06-03 17:55:00,0,connected,58.40607833862305,60.037017822265625,56.64910888671875,59.91841506958008,59.272857666015625,58.363037109375,57.38764572143555,56.78883361816406
2025-06-03 17:55:30,0,connected,58.736446380615234,62.786346435546875,56.53254699707031,62.76353454589844,60.03108215332031,58.36634063720703,57.50115966796875,56.924041748046875
2025-06-03 17:56:00,0,connected,58.32719421386719,60.1708755493164,56.64450454711914,60.08476257324219,59.34247589111328,58.21103286743164,57.419254302978516,56.79246520996094
2025-06-03 17:56:30,0,connected,58.779937744140625,60.52304458618164,57.0705680847168,60.17559814453125,59.537384033203125,58.73487091064453,57.91676712036133,57.36033248901367
2025-06-03 17:57:00,0,connected,58.419307708740234,60.8918228149414,56.44486618041992,60.258872985839844,59.5232162475586,58.23127746582031,57.26308059692383,56.841705322265625
2025-06-03 17:57:30,0,connected,59.15174865722656,61.304237365722656,57.25043487548828,60.93973922729492,59.9940414428711,59.04790496826172,58.0196533203125,57.49784851074219
2025-06-03 17:58:00,0,connected,59.631771087646484,62.94622039794922,57.80793380737305,62.2906494140625,60.882164001464844,59.2660140991211,58.5447998046875,58.122928619384766
2025-06-03 17:58:30,0,connected,58.3069725036621,60.39472198486328,55.70054626464844,60.33349609375,59.4341926574707,58.23064422607422,56.94398498535156,56.1221809387207
2025-06-03 17:58:30,0,connected,58.3069725036621,60.39472198486328,55.70054626464844,60.33349609375,59.4341926574707,58.23064422607422,56.94398498535156,56.1221809387207
2025-06-03 17:59:00,0,connected,58.27785110473633,60.86663818359375,56.70697784423828,60.08645248413086,59.04026794433594,58.200531005859375,57.27250289916992,56.856868743896484
2025-06-03 17:59:30,0,connected,58.4015235900879,61.11448669433594,56.6713638305664,60.98189163208008,59.241127014160156,58.155235290527344,57.51476287841797,56.98722839355469
2025-06-03 18:00:00,0,connected,58.54878234863281,60.8630142211914,56.67394256591797,59.8586654663086,59.53849792480469,58.457923889160156,57.6889877319336,56.9905776977539
2025-06-03 18:00:30,0,connected,58.8902473449707,60.313629150390625,57.18949890136719,60.29033660888672,59.8800277709961,58.84019470214844,57.9537124633789,57.24211120605469
2025-06-03 18:01:00,0,connected,58.89398956298828,61.42042922973633,57.67903137207031,60.920082092285156,59.71392822265625,58.77162170410156,58.00436782836914,57.7298469543457
2025-06-03 18:01:30,0,connected,57.7496452331543,61.071983337402344,56.31892013549805,60.368221282958984,58.615264892578125,57.54834747314453,56.92133331298828,56.596649169921875
2025-06-03 18:02:00,0,connected,57.25419235229492,58.80491638183594,56.02130126953125,58.776885986328125,57.963714599609375,57.123329162597656,56.5828971862793,56.156044006347656
2025-06-03 18:02:30,0,connected,57.62619400024414,58.585079193115234,56.120426177978516,58.5848388671875,58.1981430053711,57.614532470703125,56.99409484863281,56.714263916015625
2025-06-03 18:03:00,0,connected,57.59247970581055,58.8094253540039,56.46208953857422,58.760772705078125,58.392181396484375,57.486419677734375,56.853355407714844,56.47407531738281
2025-06-03 18:03:30,0,connected,57.44240951538086,58.479339599609375,56.30384063720703,58.46308135986328,58.06352233886719,57.43388366699219,56.72264862060547,56.35237503051758
2025-06-03 18:04:00,0,connected,57.5951156616211,58.78594970703125,56.66156768798828,58.48052978515625,58.05486297607422,57.59986877441406,57.049842834472656,56.768558502197266
2025-06-03 18:04:30,0,connected,57.7367172241211,58.88270568847656,56.690460205078125,58.74411392211914,58.406333923339844,57.68193435668945,57.04644775390625,56.70967102050781
2025-06-03 18:05:00,0,connected,57.950931549072266,59.64105224609375,56.78318786621094,58.91999816894531,58.48017501831055,57.91145324707031,57.30049133300781,56.89081573486328
2025-06-03 18:05:30,0,connected,57.8921890258789,59.54235076904297,56.34148406982422,59.32516860961914,58.84760284423828,57.8736343383789,56.823570251464844,56.4245376586914
2025-06-03 18:06:00,0,connected,57.8021011352539,58.858367919921875,56.40016174316406,58.835601806640625,58.45587921142578,57.796417236328125,56.9613037109375,56.54750061035156
2025-06-03 18:06:30,0,connected,58.62626266479492,60.356571197509766,56.58935546875,60.28083038330078,59.52197265625,58.54990768432617,57.712074279785156,57.1098976135254
2025-06-03 18:07:00,0,connected,58.5009536743164,60.24968719482422,56.6136474609375,59.98006057739258,59.44920349121094,58.496856689453125,57.327945709228516,56.988067626953125
2025-06-03 18:07:30,0,connected,57.71501922607422,60.246856689453125,56.337196350097656,59.973690032958984,59.17844009399414,57.312774658203125,56.796356201171875,56.33887481689453
2025-06-03 18:08:00,0,connected,57.253700256347656,58.470550537109375,56.175689697265625,58.3620719909668,57.6904182434082,57.27525329589844,56.69219970703125,56.27112579345703
2025-06-03 18:08:30,0,connected,56.8700942993164,57.91743087768555,55.727012634277344,57.79859161376953,57.37211990356445,56.81895446777344,56.29241180419922,55.906410217285156
2025-06-03 18:09:00,0,connected,56.580020904541016,57.217166900634766,55.99427795410156,57.12748718261719,56.90589141845703,56.53034210205078,56.2371711730957,56.00865173339844
2025-06-03 18:09:30,0,connected,56.72981262207031,57.531982421875,55.957725524902344,57.518402099609375,57.1710319519043,56.68866729736328,56.260215759277344,56.097320556640625
2025-06-03 18:10:00,0,connected,56.8395118713379,57.39584732055664,56.24585723876953,57.268882751464844,57.17179489135742,56.8282241821289,56.42594528198242,56.247432708740234
2025-06-03 18:10:30,0,connected,56.874271392822266,57.80397033691406,56.11182403564453,57.639896392822266,57.27228927612305,56.83457946777344,56.43102264404297,56.13373947143555
2025-06-03 18:11:00,0,connected,56.80586624145508,57.33695983886719,56.3411865234375,57.33095932006836,57.014862060546875,56.8259162902832,56.52417755126953,56.3664894104004
2025-06-03 18:11:30,0,connected,56.90381622314453,57.822052001953125,56.280426025390625,57.60749816894531,57.30219268798828,56.87582778930664,56.492515563964844,56.328277587890625
2025-06-03 18:12:00,0,connected,56.805877685546875,57.76906204223633,55.839561462402344,57.61402893066406,57.201446533203125,56.77308654785156,56.444828033447266,56.071598052978516
2025-06-03 18:15:00,0,connected,56.56755828857422,61.55979919433594,55.779510498046875,58.47570037841797,56.7581787109375,56.48472595214844,56.15502166748047,55.9060401916504
2025-06-03 18:15:30,0,connected,56.418636322021484,57.03759765625,55.83610534667969,56.9178123474121,56.705169677734375,56.39078903198242,56.163414001464844,55.90850067138672
2025-06-03 18:16:00,0,connected,56.472232818603516,57.2284049987793,55.77320861816406,57.121124267578125,56.777381896972656,56.46796417236328,56.06475830078125,55.885414123535156
2025-06-03 18:16:00,0,connected,56.472232818603516,57.2284049987793,55.77320861816406,57.121124267578125,56.777381896972656,56.46796417236328,56.06475830078125,55.885414123535156
2025-06-03 18:16:30,0,connected,56.4537582397461,57.04595184326172,55.76132583618164,57.0022087097168,56.80683135986328,56.46284484863281,56.04338073730469,55.7909927368164
2025-06-03 18:17:00,0,connected,56.56919860839844,57.143218994140625,55.58625030517578,57.135101318359375,56.877986907958984,56.56659698486328,56.22624206542969,55.9649658203125
2025-06-03 18:17:30,0,connected,56.5609130859375,57.16204071044922,55.8230857849121,57.124874114990234,56.88303756713867,56.589759826660156,56.2143325805664,55.88602828979492
2025-06-03 18:18:00,0,connected,56.42778015136719,56.994140625,55.900474548339844,56.95683670043945,56.71886444091797,56.41188049316406,56.10737609863281,55.921566009521484
2025-06-03 18:18:30,0,connected,56.3736228942871,57.13842010498047,55.6884536743164,57.06513977050781,56.75154495239258,56.341583251953125,56.03813171386719,55.74818801879883
2025-06-03 18:19:00,0,connected,56.4291763305664,57.00062942504883,55.79265594482422,56.98855209350586,56.68079376220703,56.44654846191406,56.11737823486328,55.8530158996582
2025-06-03 18:19:30,0,connected,56.51954650878906,57.35548782348633,55.996826171875,57.184906005859375,56.87144088745117,56.4797134399414,56.145591735839844,56.01585388183594
2025-06-03 18:20:00,0,connected,56.51496124267578,56.99445343017578,55.934486389160156,56.92674255371094,56.806922912597656,56.554656982421875,56.1077651977539,55.9365577697754
2025-06-03 18:20:30,0,connected,56.498592376708984,57.1517333984375,55.8535270690918,57.11309051513672,56.838462829589844,56.480010986328125,56.1206169128418,55.94029235839844
2025-06-03 18:21:00,0,connected,56.5254135131836,57.1444435119629,55.411651611328125,57.04034423828125,56.87178039550781,56.515594482421875,56.14977264404297,56.030677795410156
2025-06-03 18:21:30,0,connected,56.6980857849121,57.456214904785156,55.94721984863281,57.33750915527344,57.09661865234375,56.64781951904297,56.27960205078125,56.164730072021484
2025-06-03 18:22:00,0,connected,56.6569938659668,57.334800720214844,55.83573913574219,57.265663146972656,57.02288055419922,56.65510559082031,56.19801330566406,56.06221008300781
2025-06-03 18:22:30,0,connected,56.57194519042969,57.4805908203125,55.81977844238281,57.210601806640625,56.940738677978516,56.5967674255371,56.163368225097656,55.86505889892578
2025-06-03 18:23:00,0,connected,56.486778259277344,57.1750144958496,55.86451721191406,57.1642951965332,56.821834564208984,56.48572540283203,56.124725341796875,55.902679443359375
2025-06-03 18:23:30,0,connected,56.468841552734375,57.18519592285156,55.78758239746094,57.09020233154297,56.800865173339844,56.50634002685547,56.06208801269531,55.85173797607422
2025-06-03 18:24:00,0,connected,56.45193099975586,57.0211524963379,55.7593765258789,56.98651885986328,56.755191802978516,56.43763732910156,56.12310028076172,55.9209976196289
2025-06-03 18:24:30,0,connected,56.44980239868164,57.067386627197266,55.82822036743164,57.05516052246094,56.81340026855469,56.41585159301758,56.095458984375,55.9417610168457
2025-06-03 18:25:00,0,connected,56.6108055114746,57.281219482421875,56.030399322509766,57.145660400390625,56.95526885986328,56.60224151611328,56.24366760253906,56.054622650146484
2025-06-03 18:25:30,0,connected,56.4814796447754,57.04353332519531,55.89976501464844,57.00991439819336,56.82527160644531,56.45772171020508,56.133819580078125,55.954261779785156
2025-06-03 18:26:00,0,connected,56.64478302001953,57.3562240600586,56.092491149902344,57.28271484375,56.98860168457031,56.61449432373047,56.324092864990234,56.18543243408203
2025-06-03 18:26:30,0,connected,56.7165412902832,57.6280746459961,56.05908203125,57.61998748779297,57.09400939941406,56.68572235107422,56.33323669433594,56.10676574707031
2025-06-03 18:27:00,0,connected,56.49200439453125,57.372276306152344,55.683998107910156,57.25260543823242,56.99549102783203,56.47010803222656,55.96742248535156,55.690948486328125
2025-06-03 18:27:30,0,connected,56.343692779541016,57.10752868652344,55.633174896240234,57.09962463378906,56.7019386291504,56.29336166381836,55.95172882080078,55.78020477294922
2025-06-03 18:28:00,0,connected,56.470001220703125,57.135494232177734,55.815032958984375,57.05693817138672,56.794036865234375,56.4923973083496,56.08074951171875,55.87150573730469
2025-06-03 18:28:30,0,connected,56.4465560913086,57.00116729736328,55.4809455871582,56.94905471801758,56.743560791015625,56.46354675292969,56.11442565917969,55.881874084472656
2025-06-03 18:29:00,0,connected,56.4545021057129,57.1213035583496,55.88755416870117,57.058284759521484,56.73377990722656,56.39191818237305,56.1468734741211,55.9454574584961
2025-06-03 18:29:30,0,connected,56.524173736572266,57.707977294921875,55.74803161621094,57.379310607910156,56.826202392578125,56.506309509277344,56.206260681152344,56.00905227661133
2025-06-03 18:30:00,0,connected,56.4315071105957,57.061805725097656,55.92975616455078,57.02447509765625,56.751190185546875,56.3939552307129,56.113075256347656,55.944000244140625
2025-06-03 18:30:30,0,connected,56.69071578979492,57.44633865356445,55.982845306396484,57.28851318359375,57.07984924316406,56.704383850097656,56.24955749511719,56.00965118408203
2025-06-03 18:31:00,0,connected,57.00129318237305,57.81134796142578,56.32183074951172,57.71232604980469,57.44481658935547,56.95470428466797,56.6156883239746,56.39604949951172
2025-06-03 18:31:30,0,connected,57.365081787109375,58.305118560791016,56.42970275878906,58.107669830322266,57.7026138305664,57.324127197265625,57.0211181640625,56.76958465576172
2025-06-03 18:32:00,0,connected,57.89984893798828,59.3176040649414,57.05150604248047,59.05284118652344,58.4990234375,57.75135040283203,57.288639068603516,57.09730529785156
2025-06-03 18:32:30,0,connected,58.777523040771484,59.6203727722168,58.04472732543945,59.5576171875,59.24266815185547,58.715850830078125,58.3318977355957,58.14851379394531
2025-06-03 18:33:00,0,connected,60.24986267089844,62.617889404296875,57.85596466064453,62.19312286376953,61.61725616455078,60.04923629760742,58.577091217041016,58.009578704833984
2025-06-03 18:33:30,0,connected,58.83403396606445,60.00788116455078,58.0874252319336,59.695499420166016,59.32046127319336,58.79563522338867,58.32862854003906,58.11017608642578
2025-06-03 18:33:30,0,connected,58.83403396606445,60.00788116455078,58.0874252319336,59.695499420166016,59.32046127319336,58.79563522338867,58.32862854003906,58.11017608642578
2025-06-03 18:34:00,0,connected,59.302154541015625,60.4698715209961,58.5433120727539,60.273921966552734,59.77935028076172,59.2514419555664,58.801639556884766,58.65785217285156
2025-06-03 18:34:30,0,connected,59.86660385131836,62.037418365478516,58.98820114135742,61.51519775390625,60.47645568847656,59.77241516113281,59.25678253173828,59.01213836669922
2025-06-03 18:35:00,0,connected,59.4058494567871,62.0537109375,58.53216552734375,61.833534240722656,60.009925842285156,59.22782897949219,58.8251724243164,58.539215087890625
2025-06-03 18:35:30,0,connected,59.623287200927734,60.76152038574219,58.7697525024414,60.580204010009766,60.06932830810547,59.581695556640625,59.18492126464844,58.837371826171875
2025-06-03 18:36:00,0,connected,59.7198371887207,60.70552062988281,58.81004333496094,60.66403579711914,60.3339614868164,59.61445617675781,59.206382751464844,58.99006652832031
2025-06-03 18:36:30,0,connected,59.87451934814453,60.935794830322266,59.330963134765625,60.56596374511719,60.2270278930664,59.82373046875,59.4866943359375,59.347713470458984
2025-06-03 18:37:00,0,connected,60.01607131958008,60.69993591308594,59.25035095214844,60.638946533203125,60.43268585205078,59.979217529296875,59.64061737060547,59.49544143676758
2025-06-03 18:37:30,0,connected,60.0407829284668,60.83000183105469,59.3570327758789,60.80755615234375,60.507991790771484,60.01905822753906,59.6179428100586,59.375572204589844
2025-06-03 18:38:00,0,connected,59.90192794799805,60.75018310546875,59.2905158996582,60.608001708984375,60.2779541015625,59.84874725341797,59.52257537841797,59.312835693359375
2025-06-03 18:38:30,0,connected,60.33699035644531,61.44481658935547,59.36627960205078,61.43111038208008,60.933467864990234,60.294464111328125,59.731689453125,59.44775390625
2025-06-03 18:39:00,0,connected,59.936798095703125,60.69807434082031,59.1894645690918,60.62956619262695,60.35053253173828,59.918861389160156,59.5733528137207,59.32421112060547
2025-06-03 18:39:30,0,connected,59.98193359375,60.7166976928711,59.298858642578125,60.71424865722656,60.36357879638672,59.948089599609375,59.60393524169922,59.443729400634766
2025-06-03 18:40:00,0,connected,60.31199645996094,61.316810607910156,59.49290084838867,61.08563232421875,60.79716491699219,60.27776336669922,59.87179946899414,59.496742248535156
2025-06-03 18:40:30,0,connected,60.23766326904297,60.93507385253906,59.241207122802734,60.8232650756836,60.692535400390625,60.23675537109375,59.74408721923828,59.310699462890625
2025-06-03 18:41:00,0,connected,60.18888854980469,61.14666748046875,59.25322723388672,61.019718170166016,60.678916931152344,60.18495178222656,59.63018035888672,59.291748046875
2025-06-03 18:41:30,0,connected,60.299076080322266,63.94820022583008,59.36684799194336,62.0384521484375,60.73320007324219,60.200042724609375,59.71788787841797,59.402549743652344
2025-06-03 18:42:00,0,connected,59.78449249267578,60.45161437988281,59.145748138427734,60.4009017944336,60.125213623046875,59.77653503417969,59.417850494384766,59.14992141723633
2025-06-03 18:42:30,0,connected,59.87404251098633,60.97161865234375,59.03908920288086,60.68626403808594,60.27790069580078,59.83918380737305,59.48455047607422,59.228885650634766
2025-06-03 18:43:00,0,connected,60.12045669555664,60.85051727294922,59.28504943847656,60.8074722290039,60.62791442871094,60.140560150146484,59.62324523925781,59.390960693359375
2025-06-03 18:43:30,0,connected,59.682186126708984,61.41673278808594,58.4771728515625,61.13529968261719,60.297935485839844,59.6758804321289,58.82707214355469,58.67571258544922
2025-06-03 18:44:00,0,connected,58.739383697509766,60.58160400390625,57.924015045166016,60.4282455444336,59.35553741455078,58.61020278930664,58.11841583251953,57.965484619140625
2025-06-03 18:44:30,0,connected,58.432373046875,62.61290740966797,56.6256332397461,61.952842712402344,59.3335838317871,58.14750671386719,57.2353630065918,56.70433044433594
2025-06-03 18:45:00,0,connected,56.5774803161621,57.55083465576172,55.562896728515625,57.43220520019531,57.1007308959961,56.583126068115234,56.00273132324219,55.64424133300781
2025-06-03 18:45:30,0,connected,56.17856979370117,56.91270446777344,55.5128173828125,56.87554931640625,56.5028305053711,56.18769454956055,55.806365966796875,55.602088928222656
2025-06-03 18:46:00,0,connected,56.2046890258789,56.837005615234375,55.4477310180664,56.82611083984375,56.58214569091797,56.19475173950195,55.862953186035156,55.544254302978516
2025-06-03 18:46:30,0,connected,56.2663345336914,56.83293914794922,55.62146759033203,56.83002471923828,56.696197509765625,56.253753662109375,55.9134292602539,55.69150161743164
2025-06-03 18:47:00,0,connected,56.121768951416016,56.777130126953125,55.38079833984375,56.59361267089844,56.460853576660156,56.09239959716797,55.791805267333984,55.41082000732422
2025-06-03 18:47:30,0,connected,56.08501052856445,57.69429397583008,55.37553024291992,56.9610595703125,56.35144805908203,56.08344268798828,55.72212219238281,55.54644012451172
2025-06-03 18:48:00,0,connected,56.48749542236328,60.10789489746094,55.61836242675781,59.26490783691406,57.13817596435547,56.27927017211914,55.81029510498047,55.62495422363281
2025-06-03 18:48:30,0,connected,56.03871536254883,56.66533660888672,55.437103271484375,56.59819030761719,56.3998908996582,56.01939010620117,55.69699478149414,55.47745895385742
2025-06-03 18:49:00,0,connected,56.02595901489258,56.6259536743164,55.114013671875,56.56941223144531,56.373416900634766,55.997840881347656,55.6755714416504,55.58649444580078
2025-06-03 18:49:30,0,connected,56.2095947265625,61.93147277832031,55.3272705078125,58.13349914550781,56.50811767578125,56.04583740234375,55.65329360961914,55.448822021484375
2025-06-03 18:50:00,0,connected,56.111244201660156,57.1859130859375,55.479766845703125,56.720008850097656,56.43860626220703,56.0726547241211,55.76979064941406,55.56462860107422
2025-06-03 18:50:30,0,connected,55.951351165771484,56.554656982421875,55.30872344970703,56.51464080810547,56.26538848876953,55.92937469482422,55.63318634033203,55.323211669921875
2025-06-03 18:51:00,0,connected,55.9610252380371,56.45365524291992,55.34832000732422,56.443572998046875,56.2603530883789,55.93902587890625,55.66243362426758,55.37260437011719
2025-06-03 18:51:30,0,connected,55.921268463134766,56.48979187011719,55.33449935913086,56.430938720703125,56.20466995239258,55.92818069458008,55.63032913208008,55.43309783935547
2025-06-03 18:52:00,0,connected,56.02593231201172,56.77275848388672,55.41350555419922,56.66675567626953,56.3756446838379,55.98411560058594,55.7110366821289,55.526123046875
2025-06-03 18:52:30,0,connected,55.79206466674805,56.562652587890625,55.03315734863281,56.46293640136719,56.1130256652832,55.78181076049805,55.40007400512695,55.14059829711914
2025-06-03 18:53:00,0,connected,55.8369369506836,56.39257049560547,55.141883850097656,56.3821678161621,56.164981842041016,55.78871154785156,55.51690673828125,55.349769592285156
2025-06-03 18:53:30,0,connected,55.91754913330078,56.42278289794922,55.38212585449219,56.41984176635742,56.20668029785156,55.90174865722656,55.60081481933594,55.4272346496582
2025-06-03 18:54:00,0,connected,55.77743911743164,56.30790710449219,55.071083068847656,56.26805877685547,56.10236358642578,55.793304443359375,55.4280014038086,55.084075927734375
2025-06-03 18:54:30,0,connected,55.81890869140625,56.47419738769531,54.821868896484375,56.387298583984375,56.15312194824219,55.781429290771484,55.42901611328125,55.13043975830078
2025-06-03 18:55:00,0,connected,55.80335235595703,56.71162414550781,55.000736236572266,56.466800689697266,56.1148338317871,55.78929138183594,55.48848342895508,55.13930130004883
2025-06-03 18:55:00,0,connected,55.80335235595703,56.71162414550781,55.000736236572266,56.466800689697266,56.1148338317871,55.78929138183594,55.48848342895508,55.13930130004883
2025-06-03 18:55:30,0,connected,55.85495376586914,56.4718894958496,55.21269989013672,56.467132568359375,56.232177734375,55.8366470336914,55.42683792114258,55.22723388671875
2025-06-03 18:56:00,0,connected,56.02174758911133,56.65776824951172,55.47795486450195,56.51853942871094,56.278533935546875,56.01652908325195,55.718719482421875,55.49818801879883
2025-06-03 18:56:30,0,connected,55.975830078125,56.7677230834961,55.4105110168457,56.55607986450195,56.28953170776367,55.966556549072266,55.683143615722656,55.4677848815918
2025-06-03 18:57:00,0,connected,56.0300636291504,56.74592590332031,55.4241828918457,56.7293472290039,56.39875030517578,55.97901916503906,55.735599517822266,55.4519271850586
2025-06-03 18:57:30,0,connected,56.91486740112305,68.22618865966797,55.41581344604492,64.436279296875,56.48473358154297,56.038055419921875,55.681121826171875,55.4315299987793
2025-06-03 18:58:00,0,connected,56.06584548950195,56.773895263671875,55.456634521484375,56.64431381225586,56.46815490722656,56.03972625732422,55.64607238769531,55.54249572753906
2025-06-03 18:58:30,0,connected,55.959632873535156,56.48878479003906,55.39024353027344,56.48851013183594,56.28986358642578,55.95566940307617,55.63642120361328,55.40068817138672
2025-06-03 18:59:00,0,connected,56.081695556640625,58.03632354736328,55.34027099609375,56.76062774658203,56.413047790527344,56.047080993652344,55.73500061035156,55.45631408691406
2025-06-03 18:59:30,0,connected,56.16349411010742,57.00444793701172,55.42467498779297,56.738067626953125,56.53256607055664,56.12311553955078,55.81291198730469,55.66389465332031
2025-06-03 19:00:00,0,connected,56.12903594970703,56.665191650390625,55.2477035522461,56.64546203613281,56.490570068359375,56.12037658691406,55.78038787841797,55.465003967285156
2025-06-03 19:00:30,0,connected,56.109405517578125,56.94343566894531,55.300079345703125,56.78289031982422,56.42390441894531,56.0796890258789,55.824302673339844,55.4995994567871
2025-06-03 19:01:00,0,connected,56.32029724121094,56.95195388793945,55.578765869140625,56.8850326538086,56.62538146972656,56.2969856262207,55.91648864746094,55.6219253540039
2025-06-03 19:01:30,0,connected,56.452091217041016,57.0522804260254,55.929847717285156,56.934661865234375,56.76987838745117,56.44141387939453,56.12965393066406,55.9714012145996
2025-06-03 19:02:00,0,connected,56.07184600830078,56.778018951416016,55.19636535644531,56.64911651611328,56.45518493652344,56.03127670288086,55.78758239746094,55.337860107421875
2025-06-03 19:02:30,0,connected,56.080318450927734,56.74916076660156,55.31304931640625,56.61207580566406,56.43507766723633,56.0843391418457,55.6806297302246,55.41884231567383
2025-06-03 19:03:00,0,connected,56.23815155029297,59.36726379394531,55.5888671875,59.14735412597656,56.58918762207031,56.13356018066406,55.76744079589844,55.6756591796875
2025-06-03 19:03:30,0,connected,56.2143325805664,56.6432113647461,55.58081817626953,56.6286735534668,56.47016906738281,56.21874237060547,55.9060287475586,55.6497802734375
2025-06-03 19:04:00,0,connected,56.223628997802734,56.83489990234375,55.73080825805664,56.82280731201172,56.552520751953125,56.24052429199219,55.87223815917969,55.76325988769531
2025-06-03 19:04:30,0,connected,56.146297454833984,56.76673889160156,55.734283447265625,56.7385025024414,56.41029357910156,56.12846374511719,55.86454772949219,55.75132751464844
2025-06-03 19:05:00,0,connected,56.25822830200195,57.1801528930664,55.8304328918457,56.929351806640625,56.58361053466797,56.20574188232422,55.922447204589844,55.83654022216797
2025-06-03 19:05:30,0,connected,56.35308074951172,56.91840362548828,55.758235931396484,56.91714096069336,56.717323303222656,56.354530334472656,56.03571701049805,55.8051528930664
2025-06-03 19:06:00,0,connected,56.291255950927734,56.85071563720703,55.7159423828125,56.81990051269531,56.5590934753418,56.30859375,55.943817138671875,55.78633117675781
2025-06-03 19:06:30,0,connected,56.1686019897461,56.77362060546875,55.35865783691406,56.77124786376953,56.54498291015625,56.217041015625,55.720672607421875,55.40827178955078
2025-06-03 19:07:00,0,connected,56.24967575073242,57.13523864746094,55.54181671142578,56.99509811401367,56.64009094238281,56.248451232910156,55.90337371826172,55.55563735961914
2025-06-03 19:07:30,0,connected,56.509029388427734,57.9869728088379,55.75944519042969,57.405303955078125,56.88966369628906,56.48387908935547,56.06511688232422,55.8349380493164
2025-06-03 19:08:00,0,connected,56.349639892578125,57.176849365234375,55.53052520751953,57.173095703125,56.72319030761719,56.31139373779297,55.89884948730469,55.557342529296875
2025-06-03 19:08:30,0,connected,56.17543411254883,57.194366455078125,55.474815368652344,56.9119758605957,56.50975799560547,56.16876220703125,55.815582275390625,55.51089096069336
2025-06-03 19:09:00,0,connected,56.13112258911133,56.718231201171875,55.47826385498047,56.60177993774414,56.44709014892578,56.132484436035156,55.797760009765625,55.57605743408203
2025-06-03 19:09:30,0,connected,56.57788848876953,57.93975830078125,55.93915557861328,57.629310607910156,56.984458923339844,56.524627685546875,56.15237045288086,55.97836685180664
2025-06-03 19:10:00,0,connected,56.35304641723633,56.9082260131836,55.74363708496094,56.87269973754883,56.648380279541016,56.33672332763672,56.03977966308594,55.764617919921875
2025-06-03 19:10:30,0,connected,56.3473892211914,56.93370819091797,55.6497573852539,56.93183898925781,56.730377197265625,56.332359313964844,55.97222900390625,55.65939712524414
2025-06-03 19:11:00,0,connected,56.2958984375,56.93675231933594,55.7101821899414,56.81853103637695,56.56768798828125,56.316436767578125,55.933597564697266,55.75714874267578
2025-06-03 19:11:30,0,connected,56.30520248413086,57.07243728637695,55.35491180419922,57.06723403930664,56.64208984375,56.300418853759766,55.944580078125,55.70039367675781
2025-06-03 19:12:00,0,connected,56.26198196411133,56.868438720703125,55.4365463256836,56.74341583251953,56.5973129272461,56.2643165588379,55.937782287597656,55.66447067260742
2025-06-03 19:12:30,0,connected,56.395015716552734,57.74522399902344,55.81555938720703,56.9951171875,56.79710388183594,56.32073974609375,56.02701950073242,55.82074737548828
2025-06-03 19:13:00,0,connected,56.41973114013672,57.1928482055664,55.85504150390625,56.99525451660156,56.76576232910156,56.3790397644043,56.08673095703125,55.858306884765625
2025-06-03 19:13:30,0,connected,56.28603744506836,58.26460266113281,55.59098815917969,57.667640686035156,56.70240020751953,56.18730163574219,55.83596420288086,55.69585037231445
2025-06-03 19:14:00,0,connected,56.18103790283203,56.78802490234375,55.595977783203125,56.70494079589844,56.5349349975586,56.18508529663086,55.867340087890625,55.713294982910156
2025-06-03 19:14:30,0,connected,56.265380859375,57.59257507324219,55.534759521484375,57.52924728393555,57.11395263671875,56.1136474609375,55.75946044921875,55.585453033447266
2025-06-03 19:15:00,0,connected,56.4181137084961,56.970062255859375,55.720035552978516,56.964935302734375,56.74252700805664,56.40436553955078,56.08711242675781,55.894615173339844
2025-06-03 19:15:30,0,connected,56.308109283447266,57.53522491455078,55.625244140625,57.505313873291016,56.70232391357422,56.26765060424805,55.892005920410156,55.66053009033203
2025-06-03 19:16:00,0,connected,56.400203704833984,57.00269317626953,55.75519561767578,56.96089553833008,56.77838134765625,56.413780212402344,55.9786720275879,55.795379638671875
2025-06-03 19:16:30,0,connected,56.21619415283203,56.8392333984375,55.70526123046875,56.83843994140625,56.681060791015625,56.185787200927734,55.84697723388672,55.725582122802734
2025-06-03 19:16:30,0,connected,56.21619415283203,56.8392333984375,55.70526123046875,56.83843994140625,56.681060791015625,56.185787200927734,55.84697723388672,55.725582122802734
2025-06-03 19:17:00,0,connected,56.17497253417969,56.78440856933594,55.59756088256836,56.719200134277344,56.4534912109375,56.13795471191406,55.89936828613281,55.710655212402344
2025-06-03 19:17:30,0,connected,56.2276382446289,57.035614013671875,55.42621612548828,56.78411102294922,56.58366394042969,56.21891784667969,55.85779571533203,55.666099548339844
2025-06-03 19:18:00,0,connected,56.19971466064453,56.95660400390625,55.5519790649414,56.804935455322266,56.51308822631836,56.1886978149414,55.7953109741211,55.5709571838379
2025-06-03 19:18:30,0,connected,56.21848678588867,56.83580017089844,55.558876037597656,56.81092834472656,56.560096740722656,56.2191390991211,55.82496643066406,55.5956039428711
2025-06-03 19:19:00,0,connected,56.24528884887695,56.896209716796875,55.53221130371094,56.740814208984375,56.53504943847656,56.25806427001953,55.92160415649414,55.5611915588379
2025-06-03 19:19:30,0,connected,56.2155990600586,56.711341857910156,55.62627410888672,56.68897247314453,56.50681686401367,56.202362060546875,55.9576187133789,55.6856689453125
2025-06-03 19:20:00,0,connected,56.14732360839844,56.74491882324219,55.417720794677734,56.7254409790039,56.52349853515625,56.129425048828125,55.82502746582031,55.441314697265625
2025-06-03 19:20:30,0,connected,56.28716278076172,56.9504280090332,55.698448181152344,56.925987243652344,56.64820098876953,56.297035217285156,55.89405059814453,55.74847412109375
2025-06-03 19:21:00,0,connected,56.26850891113281,56.8719482421875,55.42673873901367,56.81110382080078,56.57331085205078,56.250179290771484,55.94487380981445,55.65327835083008
2025-06-03 19:21:30,0,connected,56.185585021972656,56.895660400390625,55.55604553222656,56.80030822753906,56.50221252441406,56.17108154296875,55.76955032348633,55.57805633544922
2025-06-03 19:22:00,0,connected,56.32655334472656,56.974578857421875,55.668209075927734,56.88612747192383,56.625572204589844,56.33452606201172,55.9930191040039,55.79217529296875
2025-06-03 19:22:30,0,connected,56.28135299682617,56.94532775878906,55.512939453125,56.696956634521484,56.59172058105469,56.28602600097656,55.968963623046875,55.72917938232422
2025-06-03 19:23:00,0,connected,56.285247802734375,59.46678161621094,55.527679443359375,59.27696228027344,56.5123291015625,56.21324157714844,55.87450408935547,55.63025665283203
2025-06-03 19:23:30,0,connected,56.27320098876953,57.16413116455078,55.63279342651367,56.888877868652344,56.5487174987793,56.27069091796875,55.94208908081055,55.66658020019531
2025-06-03 19:24:00,0,connected,56.198944091796875,56.7861557006836,55.62486267089844,56.70895767211914,56.531192779541016,56.198936462402344,55.86603927612305,55.62722396850586
2025-06-03 19:24:30,0,connected,56.2562370300293,57.81529998779297,55.61511993408203,56.93745422363281,56.600467681884766,56.19883346557617,55.92259216308594,55.633262634277344
2025-06-03 19:25:00,0,connected,56.42515563964844,57.65717315673828,55.72770690917969,57.50681686401367,56.95587921142578,56.36349868774414,55.951908111572266,55.79124450683594
2025-06-03 19:25:30,0,connected,56.2371940612793,56.799766540527344,55.728271484375,56.7847557067871,56.509769439697266,56.24523162841797,55.90483474731445,55.7629165649414
2025-06-03 19:26:00,0,connected,56.25808334350586,56.850677490234375,55.31513977050781,56.83879089355469,56.532188415527344,56.2712631225586,55.92048645019531,55.70658874511719
2025-06-03 19:26:30,0,connected,56.322017669677734,57.137290954589844,55.678497314453125,57.009681701660156,56.71160125732422,56.299346923828125,55.91331481933594,55.68147277832031
2025-06-03 19:27:00,0,connected,56.28428649902344,56.88690185546875,55.59003448486328,56.79639434814453,56.62994384765625,56.2855453491211,55.91841125488281,55.724552154541016
2025-06-03 19:27:30,0,connected,56.25362014770508,56.70738983154297,55.703704833984375,56.701725006103516,56.54298400878906,56.26959228515625,55.917327880859375,55.71266174316406
2025-06-03 19:28:00,0,connected,56.49715042114258,59.50121307373047,55.678558349609375,58.354164123535156,57.2690315246582,56.364925384521484,55.96620178222656,55.71864318847656
2025-06-03 19:28:30,0,connected,56.217594146728516,57.18003845214844,55.445526123046875,56.97840881347656,56.625911712646484,56.187286376953125,55.795047760009766,55.58964920043945
2025-06-03 19:29:00,0,connected,56.2534294128418,57.53270721435547,55.40205764770508,56.88243865966797,56.57966613769531,56.217742919921875,55.93363571166992,55.659244537353516
2025-06-03 19:29:30,0,connected,56.2959861755371,57.880157470703125,55.52964401245117,57.45805358886719,56.70750427246094,56.19673538208008,55.87732696533203,55.59400177001953
2025-06-03 19:30:00,0,connected,56.40092468261719,57.67041015625,55.56853103637695,57.53324890136719,57.04935836791992,56.284027099609375,55.86766052246094,55.63910675048828
2025-06-03 19:30:30,0,connected,56.223663330078125,57.5558738708496,55.4323501586914,56.96006774902344,56.61299514770508,56.2353515625,55.775352478027344,55.52186584472656
2025-06-03 19:31:00,0,connected,56.33392333984375,59.2796974182129,55.56085205078125,57.44406509399414,56.75725173950195,56.23188018798828,55.88505554199219,55.743255615234375
2025-06-03 19:31:30,0,connected,56.32555389404297,57.557090759277344,55.581085205078125,57.541351318359375,56.82820129394531,56.2252426147461,55.91880798339844,55.70936965942383
2025-06-03 19:32:00,0,connected,56.44147872924805,57.4215316772461,55.66709899902344,57.366546630859375,56.89362716674805,56.396240234375,56.00749206542969,55.679866790771484
2025-06-03 19:32:30,0,connected,56.43413543701172,59.22107696533203,55.7038230895996,58.5899658203125,56.909393310546875,56.284053802490234,55.884857177734375,55.7598762512207
2025-06-03 19:33:00,0,connected,56.28647232055664,57.88829040527344,55.542327880859375,57.40069580078125,56.69950866699219,56.23723220825195,55.8443374633789,55.57151794433594
2025-06-03 19:33:30,0,connected,56.2457504272461,56.8255386352539,55.57945251464844,56.79042053222656,56.57032775878906,56.2298355102539,55.8748779296875,55.64445495605469
2025-06-03 19:34:00,0,connected,56.28022384643555,56.75102996826172,55.691898345947266,56.73579025268555,56.576210021972656,56.26955795288086,55.86686706542969,55.74104309082031
2025-06-03 19:34:30,0,connected,56.237117767333984,56.9951171875,55.753910064697266,56.86698913574219,56.53657531738281,56.19696807861328,55.885684967041016,55.77756118774414
2025-06-03 19:35:00,0,connected,56.16914367675781,56.74732208251953,55.5001449584961,56.695953369140625,56.5421028137207,56.115291595458984,55.87223815917969,55.642574310302734
2025-06-03 19:35:30,0,connected,56.27495193481445,56.9244155883789,55.7290916442871,56.8690185546875,56.60647201538086,56.25648498535156,55.99348449707031,55.771759033203125
2025-06-03 19:36:00,0,connected,56.30122375488281,57.0150260925293,55.510498046875,56.94554901123047,56.71605682373047,56.3076171875,55.906246185302734,55.55513000488281
2025-06-03 19:36:30,0,connected,56.25632858276367,56.9524154663086,55.645076751708984,56.85969161987305,56.602569580078125,56.19940948486328,55.93694305419922,55.69640350341797
2025-06-03 19:37:00,0,connected,56.26120376586914,56.87488555908203,55.67616653442383,56.80117416381836,56.61814880371094,56.2348861694336,55.912628173828125,55.745635986328125
2025-06-03 19:37:30,0,connected,56.25019454956055,56.8558006286621,55.74652099609375,56.79911422729492,56.61626052856445,56.2288589477539,55.979652404785156,55.8086280822754
2025-06-03 19:38:00,0,connected,56.248260498046875,57.400108337402344,55.52365493774414,56.96550750732422,56.64691162109375,56.1940689086914,55.900421142578125,55.715911865234375
2025-06-03 19:38:00,0,connected,56.248260498046875,57.400108337402344,55.52365493774414,56.96550750732422,56.64691162109375,56.1940689086914,55.900421142578125,55.715911865234375
2025-06-03 19:38:30,0,connected,56.284332275390625,57.10514831542969,55.7384262084961,56.89563751220703,56.701141357421875,56.25755310058594,55.860469818115234,55.750213623046875
2025-06-03 19:39:00,0,connected,56.553428649902344,57.686248779296875,55.810020446777344,57.47966766357422,57.03330993652344,56.51264190673828,56.07085037231445,55.860992431640625
2025-06-03 19:39:30,0,connected,56.727657318115234,57.32640075683594,56.11610412597656,57.21127700805664,57.04185485839844,56.736534118652344,56.42896270751953,56.187950134277344
2025-06-03 19:40:00,0,connected,58.28547286987305,61.12770080566406,56.39613342285156,60.77531051635742,59.4062728881836,58.13848114013672,56.87791442871094,56.47019958496094
2025-06-03 19:40:30,0,connected,57.1137809753418,57.780845642089844,56.44043731689453,57.6626968383789,57.45368957519531,57.084808349609375,56.76942443847656,56.58262634277344
2025-06-03 19:41:00,0,connected,58.16322326660156,59.73834228515625,57.1570816040039,59.34748077392578,58.878936767578125,58.125396728515625,57.34855651855469,57.18156433105469
2025-06-03 19:41:30,0,connected,58.61424255371094,59.623348236083984,57.4648208618164,59.54351806640625,59.11132049560547,58.60209274291992,57.9992446899414,57.77471160888672
2025-06-03 19:42:00,0,connected,59.43006896972656,61.76109313964844,57.581241607666016,61.53642272949219,60.78929138183594,59.176666259765625,58.17803955078125,57.86475372314453
2025-06-03 19:42:30,0,connected,58.790218353271484,60.50010681152344,57.855098724365234,60.25331115722656,59.33112335205078,58.69037628173828,58.223941802978516,57.9410171508789
2025-06-03 19:43:00,0,connected,59.56050491333008,61.28350830078125,58.43450164794922,61.26483917236328,60.5499496459961,59.3157730102539,58.723350524902344,58.455265045166016
2025-06-03 19:43:30,0,connected,59.5988540649414,61.1070556640625,58.38750457763672,60.91105270385742,60.20997619628906,59.5063247680664,58.97412872314453,58.64177703857422
2025-06-03 19:44:00,0,connected,59.78202438354492,61.03266906738281,58.973060607910156,60.913211822509766,60.41124725341797,59.66485595703125,59.14689636230469,58.978477478027344
2025-06-03 19:44:30,0,connected,60.43590545654297,61.668975830078125,59.1240463256836,61.6617431640625,61.28224563598633,60.34393310546875,59.65569305419922,59.282432556152344
2025-06-03 19:45:00,0,connected,60.536373138427734,61.75428009033203,59.407958984375,61.6572036743164,61.253841400146484,60.47475051879883,59.8522834777832,59.54383087158203
2025-06-03 19:45:30,0,connected,60.231773376464844,61.27052307128906,59.47871017456055,60.988311767578125,60.5540771484375,60.20397186279297,59.8330192565918,59.514732360839844
2025-06-03 19:46:00,0,connected,60.530521392822266,62.372108459472656,59.53488540649414,62.14964294433594,61.21857452392578,60.44411849975586,59.86895751953125,59.636016845703125
2025-06-03 19:46:30,0,connected,60.80292510986328,62.1928939819336,59.57224655151367,62.0693359375,61.56623077392578,60.633174896240234,60.06023406982422,59.680938720703125
2025-06-03 19:47:00,0,connected,61.03847122192383,64.0840606689453,59.808135986328125,62.58045196533203,61.9972152709961,60.83151626586914,60.267547607421875,59.83189392089844
2025-06-03 19:47:30,0,connected,61.406368255615234,62.952919006347656,59.78851318359375,62.7042007446289,62.2210464477539,61.33204650878906,60.545528411865234,60.0991554260254
2025-06-03 19:48:00,0,connected,61.24857711791992,62.29387664794922,60.1175308227539,62.098060607910156,61.79768371582031,61.20124816894531,60.696868896484375,60.302650451660156
2025-06-03 19:48:30,0,connected,61.1330680847168,63.57543182373047,60.2499885559082,63.209678649902344,61.7691307067871,60.89585494995117,60.50941467285156,60.29558563232422
2025-06-03 19:49:00,0,connected,61.4609718322754,63.01005554199219,60.15515899658203,62.79677200317383,62.04438781738281,61.41009521484375,60.759765625,60.51044464111328
2025-06-03 19:49:30,0,connected,61.261470794677734,62.375030517578125,59.87249755859375,62.27438735961914,61.98162078857422,61.20576477050781,60.3518295288086,60.04374313354492
2025-06-03 19:50:00,0,connected,61.22694778442383,62.64604187011719,59.791542053222656,62.555912017822266,62.2338981628418,61.035728454589844,60.27548599243164,59.90118408203125
2025-06-03 19:50:30,0,connected,61.458099365234375,62.47178649902344,59.95082092285156,62.32740783691406,62.180938720703125,61.61040496826172,60.43794250488281,59.957481384277344
2025-06-03 19:51:00,0,connected,61.5443229675293,62.8335952758789,60.07386016845703,62.67426300048828,62.3998794555664,61.48115539550781,60.394378662109375,60.161949157714844
2025-06-03 19:51:30,0,connected,61.431854248046875,63.73626708984375,59.9203758239746,63.206241607666016,62.85631561279297,61.06175994873047,60.28589630126953,59.95774841308594
2025-06-03 19:52:00,0,connected,62.1502685546875,63.4131851196289,59.78599548339844,63.37896728515625,63.144805908203125,62.37333679199219,60.4659767150879,59.90834045410156
2025-06-03 19:52:30,0,connected,62.229095458984375,63.34492874145508,60.19258117675781,63.32585906982422,62.94184875488281,62.37939453125,60.9838752746582,60.26878356933594
2025-06-03 19:53:00,0,connected,61.393341064453125,62.6252212524414,59.93364715576172,62.62152862548828,62.25181579589844,61.4923095703125,60.20435333251953,59.96166229248047
2025-06-03 19:53:30,0,connected,61.35776901245117,62.8158187866211,59.87589645385742,62.483116149902344,62.19642639160156,61.32746505737305,60.428619384765625,60.03898620605469
2025-06-03 19:54:00,0,connected,61.1119384765625,62.390708923339844,60.03611755371094,62.306610107421875,61.82548522949219,61.04090881347656,60.32875061035156,60.06106185913086
2025-06-03 19:54:30,0,connected,61.33064270019531,62.56896209716797,60.03351974487305,62.5505599975586,62.261924743652344,61.24247360229492,60.21672821044922,60.043399810791016
2025-06-03 19:55:00,0,connected,61.9490737915039,63.4246597290039,60.417327880859375,62.690887451171875,62.52464294433594,61.95403289794922,61.1944580078125,60.597103118896484
2025-06-03 19:55:30,0,connected,61.372310638427734,65.1521453857422,59.82453918457031,64.1714324951172,62.02164840698242,61.21894073486328,60.30043029785156,60.104244232177734
2025-06-03 19:56:00,0,connected,62.82867431640625,71.79896545410156,59.9776611328125,71.26145935058594,64.14280700683594,61.354305267333984,60.30610656738281,60.059661865234375
2025-06-03 19:56:30,0,connected,61.963340759277344,66.8939895629883,59.63249206542969,66.3833465576172,63.1609992980957,61.446014404296875,60.45726013183594,59.730010986328125
2025-06-03 19:57:00,0,connected,60.96637725830078,62.8702278137207,58.5399169921875,62.78166580200195,62.316986083984375,60.795196533203125,59.47899627685547,58.7864761352539
2025-06-03 19:57:30,0,connected,58.8396110534668,64.38272094726562,57.01788330078125,63.247589111328125,59.24201202392578,58.6804084777832,57.91276550292969,57.54167175292969
2025-06-03 19:58:00,0,connected,59.066162109375,64.3829803466797,57.26984405517578,61.873687744140625,59.7595100402832,58.7795181274414,58.168399810791016,57.65504455566406
2025-06-03 19:58:30,0,connected,57.57634735107422,59.703094482421875,56.42498779296875,59.6878433227539,58.8690071105957,57.218719482421875,56.72185516357422,56.44364929199219
2025-06-03 19:58:30,0,connected,57.57634735107422,59.703094482421875,56.42498779296875,59.6878433227539,58.8690071105957,57.218719482421875,56.72185516357422,56.44364929199219
2025-06-03 19:59:00,0,connected,56.52732849121094,57.18689727783203,55.80000686645508,57.13934326171875,56.903045654296875,56.48920440673828,56.16929626464844,55.984127044677734
2025-06-03 19:59:30,0,connected,56.48003005981445,57.2161750793457,55.819488525390625,57.041961669921875,56.922882080078125,56.42442321777344,56.1667366027832,55.91572570800781
2025-06-03 20:00:00,0,connected,56.43422317504883,57.47234344482422,55.81010437011719,57.13939666748047,56.78907012939453,56.37468719482422,56.12828826904297,55.8260841369629
2025-06-03 20:00:30,0,connected,56.330081939697266,56.91602325439453,55.753379821777344,56.83362579345703,56.60981750488281,56.29471969604492,56.06488037109375,55.80482482910156
2025-06-03 20:01:00,0,connected,56.454017639160156,57.2997817993164,55.70793151855469,57.10084533691406,56.840660095214844,56.44691467285156,56.0769386291504,55.82685089111328
2025-06-03 20:01:30,0,connected,56.43306350708008,57.111854553222656,55.86951446533203,57.107940673828125,56.68901062011719,56.41771697998047,56.1455421447754,55.954254150390625
2025-06-03 20:02:00,0,connected,56.50067138671875,57.80805206298828,55.75907516479492,57.3073844909668,56.91814422607422,56.46614074707031,56.08009338378906,55.802772521972656
2025-06-03 20:02:30,0,connected,56.59998321533203,57.4771385192871,55.92512512207031,57.32538604736328,56.947200775146484,56.524749755859375,56.28824996948242,56.038848876953125
2025-06-03 20:03:00,0,connected,56.67491149902344,57.81712341308594,56.01450729370117,57.41448974609375,57.01240539550781,56.64059829711914,56.3477783203125,56.12683868408203
2025-06-03 20:03:30,0,connected,56.57291793823242,57.06278991699219,55.92115020751953,57.05729675292969,56.87232971191406,56.56613540649414,56.25108337402344,55.97922134399414
2025-06-03 20:04:00,0,connected,56.4659423828125,57.11456298828125,55.7417984008789,57.04655838012695,56.7303466796875,56.448158264160156,56.171791076660156,55.83977508544922
2025-06-03 20:04:30,0,connected,56.40397644042969,56.927772521972656,55.8657455444336,56.9088249206543,56.636878967285156,56.39640808105469,56.1110954284668,55.92744445800781
2025-06-03 20:05:00,0,connected,56.391841888427734,57.09514617919922,55.77494812011719,56.97991943359375,56.796913146972656,56.3514404296875,56.015586853027344,55.7787094116211
2025-06-03 20:05:30,0,connected,56.435245513916016,57.080718994140625,55.9044418334961,57.065582275390625,56.730167388916016,56.444000244140625,56.0942726135254,55.9054832458496
2025-06-03 20:06:00,0,connected,56.50459671020508,57.30381774902344,55.85536193847656,57.296600341796875,56.7958984375,56.498573303222656,56.19275665283203,55.875118255615234
2025-06-03 20:06:30,0,connected,56.51527404785156,57.25404357910156,55.82411193847656,57.12254333496094,56.9513931274414,56.5022201538086,56.11558532714844,55.9531135559082
2025-06-03 20:07:00,0,connected,56.54795455932617,57.158851623535156,55.92041015625,57.02140808105469,56.85060119628906,56.54424285888672,56.20037078857422,56.00873565673828
2025-06-03 20:07:30,0,connected,56.55131149291992,58.145538330078125,55.92173385620117,57.24369812011719,56.966644287109375,56.52361297607422,56.1301155090332,55.953948974609375
2025-06-03 20:08:00,0,connected,56.658294677734375,57.55420684814453,56.204463958740234,57.2820816040039,56.923828125,56.65232467651367,56.3398208618164,56.21100616455078
2025-06-03 20:08:30,0,connected,56.58029556274414,57.4654312133789,55.93714141845703,57.253936767578125,56.93074035644531,56.56541442871094,56.22932434082031,56.01056671142578
2025-06-03 20:09:00,0,connected,56.54138946533203,56.979888916015625,56.008338928222656,56.9607048034668,56.828330993652344,56.52851104736328,56.25720977783203,56.07432556152344
2025-06-03 20:09:30,0,connected,56.67143630981445,57.2121353149414,55.917274475097656,57.17658996582031,57.01288986206055,56.6717529296875,56.35295104980469,55.98816680908203
2025-06-03 20:10:00,0,connected,56.5220832824707,57.2090072631836,55.81755828857422,57.074180603027344,56.86488342285156,56.521934509277344,56.12031555175781,55.82537841796875
2025-06-03 20:10:30,0,connected,56.59334182739258,57.3821144104004,56.06379699707031,57.163177490234375,56.9477310180664,56.56663513183594,56.23085021972656,56.07849884033203
2025-06-03 20:11:00,0,connected,56.63310623168945,57.397552490234375,55.88789749145508,57.36622619628906,57.011199951171875,56.6082534790039,56.24394607543945,55.96631622314453
2025-06-03 20:11:30,0,connected,56.81028747558594,58.49076843261719,56.260009765625,58.205196380615234,57.16636657714844,56.7370376586914,56.4237060546875,56.26002502441406
2025-06-03 20:12:00,0,connected,56.612186431884766,57.32115173339844,56.00028991699219,57.2148666381836,56.996620178222656,56.59581756591797,56.2142333984375,56.01276397705078
2025-06-03 20:12:30,0,connected,56.43320083618164,57.02971267700195,55.706573486328125,56.97339630126953,56.72196578979492,56.432559967041016,56.10273742675781,55.833290100097656
2025-06-03 20:13:00,0,connected,56.50506591796875,57.51624298095703,55.92518615722656,57.3055763244629,56.84630584716797,56.4776382446289,56.165733337402344,55.92571258544922
2025-06-03 20:13:30,0,connected,56.6224594116211,57.31109619140625,56.059024810791016,57.283565521240234,56.9128189086914,56.61576461791992,56.27928924560547,56.144012451171875
2025-06-03 20:14:00,0,connected,56.57044982910156,57.54387664794922,56.06280517578125,57.487422943115234,56.848846435546875,56.52155303955078,56.23191833496094,56.14626693725586
2025-06-03 20:14:30,0,connected,56.50895690917969,57.81926727294922,55.93347930908203,57.4462890625,56.748722076416016,56.47021484375,56.2376937866211,56.05213928222656
2025-06-03 20:15:00,0,connected,56.540584564208984,57.014320373535156,56.0306396484375,56.970394134521484,56.8377914428711,56.57196044921875,56.18157196044922,56.032230377197266
2025-06-03 20:15:30,0,connected,56.637542724609375,57.307044982910156,55.86956024169922,57.13975524902344,56.941314697265625,56.64600372314453,56.305362701416016,56.09784698486328
2025-06-03 20:16:00,0,connected,56.5740852355957,58.66862106323242,55.9310302734375,57.13347244262695,56.88591003417969,56.55970764160156,56.170860290527344,56.0142822265625
2025-06-03 20:16:30,0,connected,56.55672073364258,57.26033020019531,56.1274642944336,57.154457092285156,56.931827545166016,56.514686584472656,56.252262115478516,56.1410255432129
2025-06-03 20:17:00,0,connected,56.47430419921875,57.281646728515625,55.832550048828125,57.14080810546875,56.75872802734375,56.46910858154297,56.1091537475586,55.88470458984375
2025-06-03 20:17:30,0,connected,56.44377899169922,57.2708396911621,55.869815826416016,57.01109313964844,56.80971908569336,56.440582275390625,56.03681945800781,55.87152099609375
2025-06-03 20:18:00,0,connected,56.5782356262207,57.59779357910156,55.99848556518555,57.107364654541016,56.8182373046875,56.57395935058594,56.279083251953125,56.069515228271484
2025-06-03 20:18:00,0,connected,56.5782356262207,57.59779357910156,55.99848556518555,57.107364654541016,56.8182373046875,56.57395935058594,56.279083251953125,56.069515228271484
2025-06-03 20:18:30,0,connected,56.596439361572266,57.1900634765625,56.03138732910156,57.0683822631836,56.90269470214844,56.60127258300781,56.25502395629883,56.093570709228516
2025-06-03 20:19:00,0,connected,56.64069747924805,57.2226448059082,56.01033020019531,57.191368103027344,57.03364181518555,56.630455017089844,56.2807388305664,56.08942413330078
2025-06-03 20:19:30,0,connected,56.39795684814453,57.4490852355957,55.761077880859375,57.24608612060547,56.78724670410156,56.355377197265625,56.00360870361328,55.816246032714844
2025-06-03 20:20:00,0,connected,56.21526336669922,56.84267807006836,55.54694366455078,56.787784576416016,56.53139877319336,56.21156311035156,55.86431121826172,55.570438385009766
2025-06-03 20:20:30,0,connected,56.65048599243164,57.344512939453125,55.67543029785156,57.3258056640625,56.9949722290039,56.688358306884766,56.18358612060547,55.97650146484375
2025-06-03 20:21:00,0,connected,56.7609977722168,57.4048080444336,56.10553741455078,57.25737380981445,57.0354232788086,56.77837371826172,56.4837532043457,56.21154022216797
2025-06-03 20:21:30,0,connected,56.87226104736328,59.77302551269531,56.12407684326172,57.501426696777344,57.26091003417969,56.78052520751953,56.440799713134766,56.24457550048828
2025-06-03 20:22:00,0,connected,56.75236892700195,57.4920654296875,56.10097122192383,57.30149841308594,57.10609436035156,56.755767822265625,56.4336166381836,56.115447998046875
2025-06-03 20:22:30,0,connected,56.735504150390625,57.279701232910156,56.15850067138672,57.2500343322754,57.00627899169922,56.74799728393555,56.4400749206543,56.192901611328125
2025-06-03 20:23:00,0,connected,56.7858543395996,57.75519561767578,55.892539978027344,57.3907241821289,57.160926818847656,56.77247619628906,56.45354461669922,56.01256561279297
2025-06-03 20:23:30,0,connected,56.685794830322266,57.3810806274414,55.919952392578125,57.23313903808594,56.9995231628418,56.6742172241211,56.347900390625,56.19232177734375
2025-06-03 20:24:00,0,connected,56.6648292541504,57.17637634277344,55.90375518798828,57.08488464355469,56.9575424194336,56.66132736206055,56.373661041259766,56.292694091796875
2025-06-03 20:24:30,0,connected,56.783485412597656,57.794620513916016,56.165836334228516,57.51340103149414,57.0619125366211,56.76878356933594,56.39350891113281,56.23011779785156
2025-06-03 20:25:00,0,connected,56.77995300292969,58.5701675415039,56.04512023925781,57.87812805175781,57.044883728027344,56.7597312927246,56.46757507324219,56.22547912597656
2025-06-03 20:25:30,0,connected,56.78226852416992,57.4197769165039,56.24079132080078,57.24955749511719,57.100650787353516,56.7889289855957,56.43427658081055,56.2601089477539
2025-06-03 20:26:00,0,connected,56.615234375,57.320987701416016,56.113739013671875,57.08171844482422,56.91065216064453,56.5847282409668,56.32710647583008,56.24365997314453
2025-06-03 20:26:30,0,connected,56.897621154785156,59.263587951660156,56.12218475341797,59.0221176147461,57.16414260864258,56.800621032714844,56.50580596923828,56.28443908691406
2025-06-03 20:27:00,0,connected,56.87074661254883,59.766632080078125,56.03361892700195,58.81283950805664,57.11199188232422,56.82463073730469,56.43378448486328,56.279117584228516
2025-06-03 20:27:30,0,connected,56.52804946899414,56.99021911621094,55.71631622314453,56.98473358154297,56.834171295166016,56.57478332519531,56.19953155517578,55.88246536254883
2025-06-03 20:28:00,0,connected,56.19944381713867,57.067909240722656,55.32392883300781,56.83879089355469,56.53272247314453,56.19773864746094,55.8827896118164,55.66422653198242
2025-06-03 20:28:30,0,connected,56.2265739440918,56.92584228515625,55.5424575805664,56.8356590270996,56.589515686035156,56.214080810546875,55.918540954589844,55.69286346435547
2025-06-03 20:29:00,0,connected,56.23039627075195,56.97349548339844,55.50233459472656,56.887451171875,56.653621673583984,56.226654052734375,55.87129211425781,55.5774154663086
2025-06-03 20:29:30,0,connected,56.69174575805664,57.66621398925781,55.959556579589844,57.176116943359375,56.916778564453125,56.70226287841797,56.316707611083984,56.09803771972656
2025-06-03 20:30:00,0,connected,56.786136627197266,57.32025146484375,56.209312438964844,57.2866439819336,57.107391357421875,56.75910949707031,56.484619140625,56.2755470275879
2025-06-03 20:30:30,0,connected,56.562137603759766,57.467742919921875,55.68048095703125,57.34814453125,56.90185546875,56.5417709350586,56.266998291015625,55.87609100341797
2025-06-03 20:31:00,0,connected,56.64433288574219,57.2961196899414,55.813053131103516,57.21086120605469,57.017120361328125,56.6189842224121,56.2414321899414,55.912757873535156
2025-06-03 20:31:30,0,connected,56.3821792602539,57.067466735839844,55.57617950439453,56.856895446777344,56.68376922607422,56.3569564819336,56.024017333984375,55.80821990966797
2025-06-03 20:32:00,0,connected,56.69353485107422,57.57475280761719,55.773521423339844,57.51072692871094,57.17306900024414,56.744232177734375,56.07401657104492,55.844547271728516
2025-06-03 20:32:30,0,connected,58.03761672973633,70.7118377685547,55.989906311035156,64.75811767578125,57.5677490234375,56.87127685546875,56.2963638305664,56.01927185058594
2025-06-03 20:33:00,0,connected,56.40382766723633,57.09086227416992,55.63079833984375,57.03691864013672,56.80863571166992,56.37733459472656,56.07865905761719,55.7416648864746
2025-06-03 20:33:30,0,connected,56.46394348144531,57.20652389526367,55.90313720703125,56.99254608154297,56.82044982910156,56.4443588256836,56.132781982421875,55.926109313964844
2025-06-03 20:34:00,0,connected,56.58247375488281,57.3326416015625,55.7437400817871,57.2712631225586,56.88634490966797,56.5627555847168,56.18781280517578,55.94964599609375
2025-06-03 20:34:30,0,connected,56.704505920410156,57.16285705566406,56.162078857421875,57.14215850830078,56.9808464050293,56.71269989013672,56.44125747680664,56.186676025390625
2025-06-03 20:35:00,0,connected,56.722686767578125,57.45539474487305,56.152870178222656,57.33494567871094,57.019248962402344,56.687744140625,56.375396728515625,56.22734069824219
2025-06-03 20:35:30,0,connected,56.74032974243164,57.473514556884766,56.20976638793945,57.43030548095703,57.09983825683594,56.72832489013672,56.35657501220703,56.23222351074219
2025-06-03 20:36:00,0,connected,56.741790771484375,57.35652160644531,55.97310256958008,57.30565643310547,57.12152862548828,56.71946334838867,56.350303649902344,56.133358001708984
2025-06-03 20:36:30,0,connected,56.703826904296875,57.25507354736328,56.06602478027344,57.23408889770508,57.00627517700195,56.713436126708984,56.29643630981445,56.06932830810547
2025-06-03 20:37:00,0,connected,56.713985443115234,57.323760986328125,56.0931625366211,57.2128562927246,57.063194274902344,56.72236251831055,56.366092681884766,56.17303466796875
2025-06-03 20:37:30,0,connected,56.524051666259766,57.3056526184082,55.555511474609375,57.1765251159668,56.9814796447754,56.5087661743164,56.1028823852539,55.74476623535156
2025-06-03 20:38:00,0,connected,56.38560104370117,57.057777404785156,55.905914306640625,56.84621047973633,56.6597671508789,56.37043762207031,56.08692932128906,55.927162170410156
2025-06-03 20:38:30,0,connected,56.67073440551758,57.30998229980469,56.16521453857422,57.18858337402344,57.050201416015625,56.6445541381836,56.30149841308594,56.182403564453125
2025-06-03 20:39:00,0,connected,56.80051040649414,57.3748550415039,56.11707305908203,57.342498779296875,57.12672424316406,56.791015625,56.43487548828125,56.19779968261719
2025-06-03 20:39:30,0,connected,56.76579284667969,57.46012496948242,56.106903076171875,57.3467140197754,57.1772117614746,56.76940155029297,56.34046173095703,56.19059753417969
2025-06-03 20:39:30,0,connected,56.76579284667969,57.46012496948242,56.106903076171875,57.3467140197754,57.1772117614746,56.76940155029297,56.34046173095703,56.19059753417969
2025-06-03 20:40:00,0,connected,56.75547790527344,57.514495849609375,56.13927459716797,57.228797912597656,57.06662368774414,56.7437629699707,56.429874420166016,56.241912841796875
2025-06-03 20:40:30,0,connected,56.91780471801758,58.22723388671875,56.3378791809082,57.97477722167969,57.27033996582031,56.85258483886719,56.539764404296875,56.39866638183594
2025-06-03 20:41:00,0,connected,56.894649505615234,57.412994384765625,56.13056945800781,57.35187530517578,57.21543884277344,56.922122955322266,56.50147247314453,56.26606750488281
2025-06-03 20:41:30,0,connected,56.81147003173828,57.616294860839844,56.21836853027344,57.408233642578125,57.07272720336914,56.80204772949219,56.49415588378906,56.2295799255371
2025-06-03 20:42:00,0,connected,56.845821380615234,57.43182373046875,56.1737060546875,57.33245849609375,57.14467239379883,56.83868408203125,56.528778076171875,56.20600509643555
2025-06-03 20:42:30,0,connected,56.7745246887207,57.7636833190918,56.08601760864258,57.53886032104492,57.0855712890625,56.7620620727539,56.4269790649414,56.137489318847656
2025-06-03 20:43:00,0,connected,56.75638961791992,57.494598388671875,56.10049057006836,57.414268493652344,57.14545440673828,56.754329681396484,56.353355407714844,56.16374206542969
2025-06-03 20:43:30,0,connected,57.0196647644043,58.00059127807617,56.41904067993164,57.634124755859375,57.3837547302246,56.985801696777344,56.69084930419922,56.4641342163086
2025-06-03 20:44:00,0,connected,57.18743896484375,57.91801452636719,56.55966567993164,57.91632080078125,57.58847427368164,57.1423454284668,56.81465148925781,56.59174728393555
2025-06-03 20:44:30,0,connected,57.24046325683594,57.697513580322266,56.5508155822754,57.68055725097656,57.54877471923828,57.2625732421875,56.88153076171875,56.61626052856445
2025-06-03 20:45:00,0,connected,57.63527297973633,58.4546775817871,56.73588943481445,58.3904037475586,58.123626708984375,57.6138916015625,57.23095703125,56.86073303222656
2025-06-03 20:45:30,0,connected,58.08052062988281,58.80082321166992,57.488555908203125,58.755409240722656,58.465003967285156,58.04499053955078,57.626747131347656,57.51007080078125
2025-06-03 20:46:00,0,connected,59.16794204711914,66.703369140625,57.58423614501953,62.56158447265625,59.7757797241211,58.672080993652344,58.12830352783203,57.81310272216797
2025-06-03 20:46:30,0,connected,60.249473571777344,64.10630798339844,57.53453826904297,64.03408813476562,63.175575256347656,58.88344955444336,58.0337905883789,57.54723358154297
2025-06-03 20:47:00,0,connected,64.50823974609375,77.135498046875,61.4247817993164,75.06103515625,64.13360595703125,62.62519836425781,61.75590515136719,61.56407165527344
2025-06-03 20:47:30,0,connected,62.66834259033203,63.20404052734375,62.0500831604004,63.153316497802734,62.982818603515625,62.632118225097656,62.377384185791016,62.141082763671875
2025-06-03 20:48:00,0,connected,62.9314308166504,64.2393569946289,62.01641082763672,64.2180404663086,63.4478759765625,62.900718688964844,62.329254150390625,62.19200134277344
2025-06-03 20:48:30,0,connected,63.336387634277344,64.25950622558594,62.5439224243164,63.885257720947266,63.7838478088379,63.312461853027344,62.846248626708984,62.700355529785156
2025-06-03 20:49:00,0,connected,63.185394287109375,64.11170196533203,62.41807556152344,64.08382415771484,63.789878845214844,63.10028076171875,62.678070068359375,62.49406433105469
2025-06-03 20:49:30,0,connected,62.8972511291504,63.50602722167969,62.297943115234375,63.420936584472656,63.26884460449219,62.85439682006836,62.536468505859375,62.342323303222656
2025-06-03 20:50:00,0,connected,62.7446517944336,63.68506622314453,61.8313102722168,63.6824951171875,63.29106903076172,62.66297912597656,62.19337463378906,61.8906135559082
2025-06-03 20:50:30,0,connected,63.02253341674805,64.4021224975586,62.0302734375,64.26211547851562,63.756988525390625,62.85218811035156,62.331390380859375,62.07642364501953
2025-06-03 20:51:00,0,connected,62.04003143310547,63.51256561279297,61.07527542114258,63.34048080444336,62.62812423706055,61.949920654296875,61.55584716796875,61.19439697265625
2025-06-03 20:51:30,0,connected,61.51942825317383,62.24517822265625,60.79981994628906,62.06059265136719,61.908721923828125,61.55577087402344,61.13034439086914,60.981849670410156
2025-06-03 20:52:00,0,connected,61.341026306152344,61.99699401855469,60.66790771484375,61.828407287597656,61.606727600097656,61.344390869140625,61.05072021484375,60.864715576171875
2025-06-03 20:52:30,0,connected,61.27602767944336,61.966224670410156,60.6862564086914,61.79632568359375,61.56609344482422,61.24045181274414,61.02183151245117,60.7632179260254
2025-06-03 20:53:00,0,connected,61.3318099975586,62.146480560302734,60.82435607910156,62.02191925048828,61.68968200683594,61.27684020996094,61.04541778564453,60.95461654663086
2025-06-03 20:53:30,0,connected,61.282405853271484,61.96551513671875,60.53289031982422,61.7034912109375,61.55254364013672,61.270172119140625,60.963218688964844,60.72731018066406
2025-06-03 20:54:00,0,connected,61.14091873168945,61.76122283935547,60.62593078613281,61.62451934814453,61.39295196533203,61.110015869140625,60.903106689453125,60.66387176513672
2025-06-03 20:54:30,0,connected,61.060062408447266,61.58600616455078,60.4681396484375,61.53931427001953,61.32618713378906,61.0390739440918,60.76445770263672,60.483680725097656
2025-06-03 20:55:00,0,connected,60.98583221435547,61.61077117919922,60.3872947692871,61.47552490234375,61.2603759765625,61.01668167114258,60.67945861816406,60.41856384277344
2025-06-03 20:55:30,0,connected,60.9532470703125,61.61347961425781,60.37437438964844,61.3890380859375,61.27431106567383,60.95124816894531,60.63299560546875,60.4273910522461
2025-06-03 20:56:00,0,connected,60.92823791503906,61.42772674560547,60.28724670410156,61.414634704589844,61.216495513916016,60.92601013183594,60.61842727661133,60.440345764160156
2025-06-03 20:56:30,0,connected,60.9181785583496,61.668270111083984,60.41490936279297,61.463714599609375,61.24786376953125,60.85459518432617,60.62544631958008,60.44410705566406
2025-06-03 20:57:00,0,connected,62.02400207519531,63.1429443359375,61.13737869262695,63.0010986328125,62.67213439941406,61.97591018676758,61.4397201538086,61.27927017211914
2025-06-03 20:57:30,0,connected,61.87255096435547,64.04830169677734,60.77210998535156,63.96189880371094,62.9500961303711,61.60728454589844,61.1031837463379,60.86473083496094
2025-06-03 20:58:00,0,connected,61.1783676147461,62.92161560058594,60.68614196777344,62.32536315917969,61.540000915527344,61.093467712402344,60.83984375,60.72212219238281
2025-06-03 20:58:30,0,connected,61.131717681884766,62.09052276611328,60.66218185424805,61.75233459472656,61.3741798400879,61.11402893066406,60.83094024658203,60.667442321777344
2025-06-03 20:59:00,0,connected,61.16946029663086,61.70960998535156,60.58013916015625,61.70366668701172,61.4687728881836,61.17530822753906,60.84697723388672,60.60871124267578
2025-06-03 20:59:30,0,connected,61.13698959350586,61.84980010986328,60.58965301513672,61.71492385864258,61.403263092041016,61.13506317138672,60.83238983154297,60.599647521972656
2025-06-03 21:00:00,0,connected,60.961856842041016,61.70845031738281,60.29945373535156,61.44557189941406,61.28929138183594,60.973541259765625,60.60053253173828,60.33910369873047
2025-06-03 21:00:30,0,connected,60.88269805908203,61.32843780517578,60.3485336303711,61.2492904663086,61.13927459716797,60.87608337402344,60.61810302734375,60.4227523803711
2025-06-03 21:01:00,0,connected,60.903438568115234,61.5372200012207,60.282623291015625,61.42234802246094,61.16645812988281,60.9100570678711,60.61225891113281,60.423919677734375
2025-06-03 21:01:00,0,connected,60.903438568115234,61.5372200012207,60.282623291015625,61.42234802246094,61.16645812988281,60.9100570678711,60.61225891113281,60.423919677734375
2025-06-03 21:01:30,0,connected,60.9857063293457,61.467529296875,60.44023132324219,61.41992950439453,61.247650146484375,60.97660827636719,60.7270164489746,60.444793701171875
2025-06-03 21:02:00,0,connected,60.960384368896484,61.61622619628906,60.262115478515625,61.5937271118164,61.236488342285156,60.952430725097656,60.66159439086914,60.399864196777344
2025-06-03 21:02:30,0,connected,61.034610748291016,61.4398078918457,60.47460174560547,61.419830322265625,61.278865814208984,61.05043029785156,60.77565383911133,60.631011962890625
2025-06-03 21:03:00,0,connected,61.09015655517578,61.71254348754883,60.55938720703125,61.55913543701172,61.36968231201172,61.096561431884766,60.79473114013672,60.58140563964844
2025-06-03 21:03:30,0,connected,61.0692481994629,61.5908203125,60.45103454589844,61.52631378173828,61.37537384033203,61.05867004394531,60.77159118652344,60.525390625
2025-06-03 21:04:00,0,connected,61.21764373779297,61.65000915527344,60.711822509765625,61.638519287109375,61.501617431640625,61.199058532714844,60.92958068847656,60.771331787109375
2025-06-03 21:04:30,0,connected,61.24280548095703,61.89311981201172,60.65556335449219,61.82688522338867,61.55864715576172,61.20671844482422,60.8990249633789,60.67182922363281
2025-06-03 21:05:00,0,connected,61.499183654785156,61.95551681518555,60.92015075683594,61.95359802246094,61.80414581298828,61.486854553222656,61.216880798339844,61.020633697509766
2025-06-03 21:05:30,0,connected,61.47650146484375,61.98630142211914,60.84577178955078,61.94427490234375,61.73966979980469,61.48053741455078,61.18639373779297,60.97614288330078
2025-06-03 21:06:00,0,connected,62.44184494018555,64.5615921020508,61.49949645996094,64.45401763916016,63.040950775146484,62.37202835083008,61.75660705566406,61.5361557006836
2025-06-03 21:06:30,0,connected,63.18214797973633,64.6219024658203,61.676551818847656,64.4817886352539,64.25729370117188,63.07365417480469,61.973785400390625,61.7125473022461
2025-06-03 21:07:00,0,connected,62.25724792480469,63.060508728027344,61.65874481201172,62.99507141113281,62.66127395629883,62.209075927734375,61.92401123046875,61.66747283935547
2025-06-03 21:07:30,0,connected,62.26008987426758,62.76414489746094,61.650634765625,62.762420654296875,62.63609313964844,62.281673431396484,61.84014892578125,61.67994689941406
2025-06-03 21:08:00,0,connected,62.802207946777344,63.4632797241211,61.99279022216797,63.45888900756836,63.27822494506836,62.7362289428711,62.375762939453125,62.01026916503906
2025-06-03 21:08:30,0,connected,62.34072494506836,64.00645446777344,61.4455337524414,63.40138244628906,62.70539474487305,62.32419204711914,61.87171173095703,61.55567932128906
2025-06-03 21:09:00,0,connected,62.387630462646484,64.05902099609375,61.468414306640625,64.04055786132812,63.40423583984375,62.1624526977539,61.738433837890625,61.54347610473633
2025-06-03 21:09:30,0,connected,61.51411056518555,63.518348693847656,60.54136657714844,63.424285888671875,62.13461685180664,61.30488586425781,60.968658447265625,60.63848876953125
2025-06-03 21:10:00,0,connected,60.990047454833984,61.66131591796875,60.39991760253906,61.54963684082031,61.333709716796875,60.9914779663086,60.611663818359375,60.40147399902344
2025-06-03 21:10:30,0,connected,60.76673126220703,61.29193878173828,60.2392578125,61.26179504394531,61.041080474853516,60.758506774902344,60.50053405761719,60.25627136230469
2025-06-03 21:11:00,0,connected,60.78839111328125,61.43968200683594,60.31569290161133,61.319034576416016,61.01777648925781,60.78459548950195,60.51716613769531,60.32749938964844
2025-06-03 21:11:30,0,connected,60.8282241821289,61.44900131225586,60.1122055053711,61.32720184326172,61.08686065673828,60.8045425415039,60.58219909667969,60.34480285644531
2025-06-03 21:12:00,0,connected,60.778255462646484,61.26820373535156,60.260467529296875,61.22624588012695,61.02865982055664,60.76700973510742,60.53112030029297,60.2974624633789
2025-06-03 21:12:30,0,connected,60.736724853515625,61.57032012939453,59.82560729980469,61.39533996582031,61.05400085449219,60.74310302734375,60.427650451660156,59.8363380432129
2025-06-03 21:13:00,0,connected,60.77090072631836,61.31132507324219,60.2962646484375,61.26887130737305,61.04003143310547,60.78880310058594,60.429901123046875,60.29730224609375
2025-06-03 21:13:30,0,connected,60.7441749572754,61.28760528564453,60.3134651184082,61.2577896118164,60.99546813964844,60.72407531738281,60.490936279296875,60.392913818359375
2025-06-03 21:14:00,0,connected,60.73353576660156,61.202266693115234,60.29038619995117,61.1565170288086,61.00109100341797,60.719120025634766,60.48589324951172,60.291595458984375
2025-06-03 21:14:30,0,connected,60.67169952392578,61.13158416748047,60.24534606933594,61.1238784790039,60.9503173828125,60.64830780029297,60.39300537109375,60.29052734375
2025-06-03 21:15:00,0,connected,60.73832702636719,61.121673583984375,60.3216781616211,61.1019287109375,60.99024200439453,60.7489013671875,60.44994354248047,60.3377685546875
2025-06-03 21:15:30,0,connected,60.76933288574219,61.2225112915039,60.048912048339844,61.156402587890625,61.04425048828125,60.7419319152832,60.5059814453125,60.30283737182617
2025-06-03 21:16:00,0,connected,60.7932014465332,61.37430953979492,60.32255554199219,61.26258087158203,61.03917694091797,60.78742980957031,60.57469940185547,60.32872772216797
2025-06-03 21:16:30,0,connected,60.7384910583496,61.21437072753906,60.183555603027344,61.20432662963867,60.98802947998047,60.73762130737305,60.44343566894531,60.27403259277344
2025-06-03 21:17:00,0,connected,60.751708984375,61.24150848388672,60.08575439453125,61.21747589111328,61.03693389892578,60.760955810546875,60.420162200927734,60.24501037597656
2025-06-03 21:17:30,0,connected,60.66975402832031,61.11378860473633,60.22377014160156,61.06901550292969,60.90037536621094,60.65705871582031,60.39006805419922,60.228851318359375
2025-06-03 21:18:00,0,connected,60.68595504760742,61.32549285888672,60.07875061035156,61.26129150390625,60.9576187133789,60.68043899536133,60.4314308166504,60.16851806640625
2025-06-03 21:18:30,0,connected,60.63469314575195,61.421783447265625,60.00196075439453,61.15882873535156,60.97515869140625,60.64079284667969,60.30908966064453,60.05403137207031
2025-06-03 21:19:00,0,connected,60.59357833862305,61.24323654174805,60.07909393310547,61.08056640625,60.83045196533203,60.59602355957031,60.33791732788086,60.1684341430664
2025-06-03 21:19:30,0,connected,60.673095703125,61.32463073730469,60.201995849609375,61.28589630126953,60.9283447265625,60.65093994140625,60.4022445678711,60.25740432739258
2025-06-03 21:20:00,0,connected,60.75182342529297,61.24347686767578,60.2994155883789,61.16600799560547,60.96166229248047,60.747718811035156,60.49400329589844,60.33119201660156
2025-06-03 21:20:30,0,connected,60.70708465576172,61.2845115661621,60.14958572387695,61.27281188964844,60.9421043395996,60.72484588623047,60.441123962402344,60.17290496826172
2025-06-03 21:21:00,0,connected,60.713287353515625,61.25343322753906,60.114540100097656,61.198486328125,60.98741149902344,60.687686920166016,60.464874267578125,60.22084045410156
2025-06-03 21:21:30,0,connected,61.01707458496094,61.74676513671875,60.40449905395508,61.524574279785156,61.3677864074707,60.991912841796875,60.721004486083984,60.4180679321289
2025-06-03 21:22:00,0,connected,61.07670974731445,61.79266357421875,60.55241775512695,61.59093475341797,61.33366775512695,61.05583190917969,60.79383850097656,60.565521240234375
2025-06-03 21:22:30,0,connected,61.123748779296875,61.7045669555664,60.681549072265625,61.65504455566406,61.41819763183594,61.09075164794922,60.82825469970703,60.69163131713867
2025-06-03 21:22:30,0,connected,61.123748779296875,61.7045669555664,60.681549072265625,61.65504455566406,61.41819763183594,61.09075164794922,60.82825469970703,60.69163131713867
2025-06-03 21:23:00,0,connected,61.398624420166016,62.02802276611328,60.81689453125,62.01007080078125,61.71356201171875,61.3846206665039,61.07597351074219,60.91709899902344
2025-06-03 21:23:30,0,connected,61.76924514770508,64.27989196777344,61.1664047241211,63.638065338134766,62.21282196044922,61.6304931640625,61.33131408691406,61.193939208984375
2025-06-03 21:24:00,0,connected,62.31435012817383,64.1339111328125,61.46485137939453,63.6888771057129,63.04860305786133,62.19868850708008,61.7883071899414,61.47247314453125
2025-06-03 21:24:30,0,connected,62.861568450927734,64.2206344604492,61.1895866394043,64.21559143066406,63.699615478515625,62.83101272583008,61.90520477294922,61.5930061340332
2025-06-03 21:25:00,0,connected,61.49171447753906,62.1729965209961,60.69071960449219,61.980499267578125,61.816341400146484,61.4929428100586,61.10334014892578,60.86542510986328
2025-06-03 21:25:30,0,connected,61.03203582763672,61.55133056640625,60.50824737548828,61.529666900634766,61.34360122680664,61.0082130432129,60.722694396972656,60.51213455200195
2025-06-03 21:26:00,0,connected,60.80360794067383,61.4034423828125,60.21955871582031,61.37939453125,61.08451843261719,60.789276123046875,60.521766662597656,60.24817657470703
2025-06-03 21:26:30,0,connected,60.7910270690918,61.660614013671875,60.0921859741211,61.36716079711914,61.09886169433594,60.75847625732422,60.4763412475586,60.25135040283203
2025-06-03 21:27:00,0,connected,60.80891799926758,61.24860382080078,60.25457000732422,61.1939353942871,61.06761932373047,60.82994842529297,60.483551025390625,60.300621032714844
2025-06-03 21:27:30,0,connected,60.792724609375,61.27642059326172,60.147430419921875,61.23316955566406,61.0638198852539,60.7879524230957,60.49077224731445,60.23719787597656
2025-06-03 21:28:00,0,connected,60.7803611755371,61.255252838134766,60.29808807373047,61.21452331542969,61.06753158569336,60.75950622558594,60.541412353515625,60.31324005126953
2025-06-03 21:28:30,0,connected,60.772579193115234,61.26775360107422,60.21337127685547,61.26463317871094,61.04095458984375,60.76322937011719,60.4750747680664,60.22235870361328
2025-06-03 21:29:00,0,connected,60.7106704711914,61.26049041748047,60.31904602050781,61.17572021484375,60.98771667480469,60.70684051513672,60.42170333862305,60.332210540771484
2025-06-03 21:29:30,0,connected,60.772621154785156,61.321815490722656,60.21002960205078,61.201107025146484,61.02362823486328,60.779693603515625,60.5256118774414,60.39674377441406
2025-06-03 21:30:00,0,connected,60.88395690917969,61.44506072998047,60.40998077392578,61.41111755371094,61.140419006347656,60.85784912109375,60.612117767333984,60.422733306884766
2025-06-03 21:30:30,0,connected,60.828487396240234,61.41252136230469,60.349517822265625,61.38011169433594,61.14960479736328,60.81005096435547,60.530311584472656,60.37334442138672
2025-06-03 21:31:00,0,connected,60.8243179321289,61.40233612060547,60.305606842041016,61.39265823364258,61.12620544433594,60.803138732910156,60.56201171875,60.30836486816406
2025-06-03 21:31:30,0,connected,60.8588523864746,61.46869659423828,60.293243408203125,61.3300552368164,61.086605072021484,60.854164123535156,60.510101318359375,60.39100646972656
2025-06-03 21:32:00,0,connected,60.87590408325195,61.51173400878906,60.38315963745117,61.35692596435547,61.167076110839844,60.89299774169922,60.56098175048828,60.385986328125
2025-06-03 21:32:30,0,connected,60.9214210510254,61.53879928588867,60.432979583740234,61.4032859802246,61.2009162902832,60.88090133666992,60.6246681213379,60.4595832824707
2025-06-03 21:33:00,0,connected,60.875328063964844,61.6700210571289,60.400726318359375,61.409912109375,61.1443862915039,60.87297821044922,60.586978912353516,60.43988800048828
2025-06-03 21:33:30,0,connected,60.833683013916016,61.350379943847656,60.3195571899414,61.287933349609375,61.12990188598633,60.8407859802246,60.54466247558594,60.4460678100586
2025-06-03 21:34:00,0,connected,60.74488067626953,61.23577117919922,60.269596099853516,61.176109313964844,60.986846923828125,60.71321105957031,60.481285095214844,60.31578063964844
2025-06-03 21:34:30,0,connected,60.752105712890625,61.39075469970703,60.22875213623047,61.16383743286133,61.0163345336914,60.75680923461914,60.403770446777344,60.26499938964844
2025-06-03 21:35:00,0,connected,60.821563720703125,61.3077392578125,60.21513748168945,61.294097900390625,61.1363868713379,60.82574462890625,60.536163330078125,60.275672912597656
2025-06-03 21:35:30,0,connected,60.86283874511719,61.32715606689453,60.3499755859375,61.31819152832031,61.12517547607422,60.8635482788086,60.58436584472656,60.393272399902344
2025-06-03 21:36:00,0,connected,60.792659759521484,61.49785232543945,60.289222717285156,61.21648025512695,61.0753517150879,60.7845458984375,60.49681854248047,60.30384826660156
2025-06-03 21:36:30,0,connected,60.8193702697754,61.5141830444336,60.1528091430664,61.37242889404297,61.10364532470703,60.83277130126953,60.499267578125,60.310394287109375
2025-06-03 21:37:00,0,connected,60.94596862792969,61.42357635498047,60.4165153503418,61.37717056274414,61.212646484375,60.91511535644531,60.69887924194336,60.46922302246094
2025-06-03 21:37:30,0,connected,60.8727035522461,61.55232238769531,60.22130584716797,61.44268035888672,61.19684600830078,60.873863220214844,60.53459930419922,60.27629089355469
2025-06-03 21:38:00,0,connected,60.84111404418945,61.522666931152344,60.344608306884766,61.28423309326172,61.10411834716797,60.82869338989258,60.5823974609375,60.367637634277344
2025-06-03 21:38:30,0,connected,60.96348571777344,61.730628967285156,60.49452209472656,61.495361328125,61.22147750854492,60.933658599853516,60.68634033203125,60.4986572265625
2025-06-03 21:39:00,0,connected,60.911376953125,61.48664093017578,60.32481384277344,61.40251159667969,61.216102600097656,60.900550842285156,60.59081268310547,60.34375762939453
2025-06-03 21:39:30,0,connected,60.873619079589844,61.4479751586914,60.3157958984375,61.27280044555664,61.099639892578125,60.86829376220703,60.61677551269531,60.46601867675781
2025-06-03 21:40:00,0,connected,60.81365966796875,61.517154693603516,60.2263412475586,61.35771942138672,61.088775634765625,60.822425842285156,60.52680969238281,60.284488677978516
2025-06-03 21:40:30,0,connected,60.8645248413086,61.39502716064453,60.2440528869629,61.335880279541016,61.147491455078125,60.87452697753906,60.586952209472656,60.330162048339844
2025-06-03 21:41:00,0,connected,60.7168846130371,61.34505081176758,60.25090789794922,61.06950378417969,60.981727600097656,60.7147102355957,60.44982147216797,60.25678253173828
2025-06-03 21:41:30,0,connected,60.83018112182617,61.53447341918945,60.3106803894043,61.4602928161621,61.1087303161621,60.819332122802734,60.52400207519531,60.36308288574219
2025-06-03 21:42:00,0,connected,60.8598289489746,61.41831970214844,60.45262908935547,61.2573013305664,61.11090850830078,60.86936950683594,60.58159637451172,60.452728271484375
2025-06-03 21:42:30,0,connected,60.80051040649414,61.2719497680664,60.24760437011719,61.25840759277344,61.07963562011719,60.80967712402344,60.47684860229492,60.2499885559082
2025-06-03 21:43:00,0,connected,60.91193389892578,61.31724166870117,60.35038757324219,61.26942825317383,61.14695358276367,60.89108657836914,60.722938537597656,60.57099914550781
2025-06-03 21:43:30,0,connected,60.9009132385254,61.35239791870117,60.145694732666016,61.3160629272461,61.184974670410156,60.899932861328125,60.617462158203125,60.44733810424805
2025-06-03 21:44:00,0,connected,60.91850280761719,61.44755172729492,60.432613372802734,61.4383316040039,61.21864318847656,60.8999252319336,60.62934112548828,60.4432601928711
2025-06-03 21:44:00,0,connected,60.91850280761719,61.44755172729492,60.432613372802734,61.4383316040039,61.21864318847656,60.8999252319336,60.62934112548828,60.4432601928711
2025-06-03 21:44:30,0,connected,60.94945526123047,61.72736358642578,60.42527770996094,61.4543685913086,61.26031494140625,60.92462921142578,60.71430206298828,60.518341064453125
2025-06-03 21:45:00,0,connected,60.96074676513672,61.63439178466797,60.2380256652832,61.3655776977539,61.250152587890625,60.9789924621582,60.634765625,60.44908905029297
2025-06-03 21:45:30,0,connected,60.86088943481445,61.372859954833984,60.34874725341797,61.2988052368164,61.15214538574219,60.83336639404297,60.560062408447266,60.38603591918945
2025-06-03 21:46:00,0,connected,60.79111099243164,61.29325866699219,60.25822448730469,61.25408935546875,61.06333541870117,60.77328872680664,60.53355407714844,60.37171936035156
2025-06-03 21:46:30,0,connected,60.82969284057617,61.455753326416016,60.398624420166016,61.333744049072266,61.1305160522461,60.80253601074219,60.49566650390625,60.43013381958008
2025-06-03 21:47:00,0,connected,60.90395736694336,61.58650207519531,60.32158660888672,61.49213409423828,61.180389404296875,60.886505126953125,60.631927490234375,60.42076110839844
2025-06-03 21:47:30,0,connected,60.799591064453125,61.16362380981445,60.09236145019531,61.1504898071289,61.05238342285156,60.818275451660156,60.54878234863281,60.25615692138672
2025-06-03 21:48:00,0,connected,60.84844207763672,61.42736053466797,60.15582275390625,61.331459045410156,61.0626449584961,60.8580551147461,60.59514617919922,60.41838455200195
2025-06-03 21:48:30,0,connected,60.9138069152832,61.48474884033203,60.245849609375,61.38378143310547,61.227142333984375,60.90932083129883,60.655696868896484,60.30004119873047
2025-06-03 21:49:00,0,connected,60.9249153137207,61.70354461669922,60.21876525878906,61.45042419433594,61.23955535888672,60.94895935058594,60.62718963623047,60.27690887451172
2025-06-03 21:49:30,0,connected,60.926753997802734,61.35662841796875,60.050418853759766,61.346641540527344,61.21745300292969,60.954959869384766,60.61872100830078,60.34893035888672
2025-06-03 21:50:00,0,connected,60.83591842651367,61.40080261230469,60.30928039550781,61.354583740234375,61.12158203125,60.84571838378906,60.54853057861328,60.32600402832031
2025-06-03 21:50:30,0,connected,60.83412170410156,61.302947998046875,60.45789337158203,61.25092315673828,61.022308349609375,60.83386993408203,60.6244888305664,60.51275634765625
2025-06-03 21:51:00,0,connected,60.83738708496094,61.254730224609375,60.44464111328125,61.22173309326172,61.095428466796875,60.8116226196289,60.58784484863281,60.50324630737305
2025-06-03 21:51:30,0,connected,60.81907272338867,61.29713439941406,60.308143615722656,61.22596740722656,61.09839630126953,60.80876922607422,60.5795021057129,60.3181381225586
2025-06-03 21:52:00,0,connected,60.90208435058594,61.44892501831055,60.4090347290039,61.3230209350586,61.14579391479492,60.92601776123047,60.61151885986328,60.51336669921875
2025-06-03 21:52:30,0,connected,60.82975769042969,61.420989990234375,60.12390899658203,61.34832000732422,61.07228469848633,60.849449157714844,60.53662872314453,60.31951904296875
2025-06-03 21:53:00,0,connected,60.94196319580078,61.32508850097656,60.30370330810547,61.3173942565918,61.23887252807617,60.93275833129883,60.66508102416992,60.45086669921875
2025-06-03 21:53:30,0,connected,60.835262298583984,61.40794372558594,60.35896301269531,61.26860427856445,61.12522888183594,60.84297180175781,60.4880256652832,60.377685546875
2025-06-03 21:54:00,0,connected,60.87040710449219,61.60316467285156,60.189666748046875,61.50334548950195,61.14724349975586,60.87226867675781,60.59828186035156,60.38380432128906
2025-06-03 21:54:30,0,connected,60.89677810668945,61.47972869873047,60.13186264038086,61.444942474365234,61.2281494140625,60.885772705078125,60.5780906677246,60.323204040527344
2025-06-03 21:55:00,0,connected,60.86509704589844,61.50987243652344,60.36805725097656,61.4697265625,61.12306213378906,60.838661193847656,60.595157623291016,60.43213653564453
2025-06-03 21:55:30,0,connected,60.85969161987305,61.337196350097656,60.43013381958008,61.304168701171875,61.12456130981445,60.84918212890625,60.56072998046875,60.43147277832031
2025-06-03 21:56:00,0,connected,60.823909759521484,61.24665832519531,60.22969436645508,61.2096176147461,61.07350158691406,60.809844970703125,60.57145690917969,60.2788314819336
2025-06-03 21:56:30,0,connected,60.79032897949219,61.37720489501953,60.324745178222656,61.372554779052734,61.08955383300781,60.7692642211914,60.49775695800781,60.33436584472656
2025-06-03 21:57:00,0,connected,60.81570053100586,61.333946228027344,59.985313415527344,61.2121467590332,61.05290985107422,60.82060241699219,60.55769729614258,60.249549865722656
2025-06-03 21:57:30,0,connected,60.873844146728516,61.43220138549805,60.3301773071289,61.3265151977539,61.142784118652344,60.87294006347656,60.6102523803711,60.40350341796875
2025-06-03 21:58:00,0,connected,60.83746337890625,61.3959732055664,60.403263092041016,61.3729362487793,61.04827880859375,60.84709167480469,60.573856353759766,60.41606903076172
2025-06-03 21:58:30,0,connected,60.907554626464844,61.5167350769043,60.0435905456543,61.2874870300293,61.21217346191406,60.907413482666016,60.66102600097656,60.48822021484375
2025-06-03 21:59:00,0,connected,60.886932373046875,61.406734466552734,60.410484313964844,61.3664779663086,61.16362380981445,60.8881492614746,60.5954475402832,60.444366455078125
2025-06-03 21:59:30,0,connected,60.881103515625,61.55888748168945,60.2987403869629,61.48046112060547,61.1717872619629,60.88005065917969,60.5858497619629,60.43408966064453
2025-06-03 22:00:00,0,connected,60.78843688964844,61.458168029785156,60.1305923461914,61.3127670288086,61.0867576599121,60.7698974609375,60.49604034423828,60.21000671386719
2025-06-03 22:00:30,0,connected,60.885684967041016,61.395660400390625,60.43926239013672,61.34412384033203,61.165863037109375,60.88153839111328,60.5755500793457,60.47161102294922
2025-06-03 22:01:00,0,connected,60.8728141784668,61.38997268676758,60.24669647216797,61.29346466064453,61.1771011352539,60.87464904785156,60.53898620605469,60.4053611755371
2025-06-03 22:01:30,0,connected,60.89860153198242,61.6292724609375,60.29319763183594,61.44288635253906,61.127410888671875,60.88984298706055,60.66947937011719,60.33660125732422
2025-06-03 22:02:00,0,connected,60.8067855834961,61.28333282470703,60.15350341796875,61.25566101074219,61.12498474121094,60.80049133300781,60.46103286743164,60.284698486328125
2025-06-03 22:02:30,0,connected,60.9025993347168,61.5459327697754,60.36583709716797,61.38721466064453,61.15636444091797,60.8992919921875,60.6358985900879,60.4595069885254
2025-06-03 22:03:00,0,connected,60.86897659301758,61.32642364501953,60.236968994140625,61.27793884277344,61.11516571044922,60.86767578125,60.580230712890625,60.3250503540039
2025-06-03 22:03:30,0,connected,60.884456634521484,61.43782424926758,60.20619201660156,61.317840576171875,61.173492431640625,60.87450408935547,60.606895446777344,60.46240997314453
2025-06-03 22:04:00,0,connected,60.8828239440918,61.35572052001953,60.33171463012695,61.335880279541016,61.098876953125,60.8880386352539,60.628662109375,60.5264892578125
2025-06-03 22:04:30,0,connected,60.90974044799805,61.40725326538086,60.282554626464844,61.39573669433594,61.19966125488281,60.88935089111328,60.6271858215332,60.31763458251953
2025-06-03 22:05:00,0,connected,60.7602767944336,61.222129821777344,60.28593444824219,61.170501708984375,60.9875717163086,60.76520538330078,60.49189758300781,60.29191207885742
2025-06-03 22:05:30,0,connected,60.8203353881836,61.383056640625,60.262603759765625,61.27655029296875,61.05818176269531,60.82215118408203,60.423370361328125,60.27753448486328
2025-06-03 22:05:30,0,connected,60.8203353881836,61.383056640625,60.262603759765625,61.27655029296875,61.05818176269531,60.82215118408203,60.423370361328125,60.27753448486328
2025-06-03 22:06:00,0,connected,60.9241065979004,61.49580764770508,60.33636474609375,61.39146423339844,61.21800994873047,60.920372009277344,60.63165283203125,60.42939758300781
2025-06-03 22:06:30,0,connected,60.90009307861328,61.44605255126953,60.39454650878906,61.37181854248047,61.169471740722656,60.898529052734375,60.60170364379883,60.406646728515625
2025-06-03 22:07:00,0,connected,60.8699073791504,61.50971984863281,60.08186340332031,61.443572998046875,61.20491027832031,60.83981704711914,60.568031311035156,60.354583740234375
2025-06-03 22:07:30,0,connected,60.80708694458008,62.01235580444336,60.1620750427246,61.310142517089844,61.1336669921875,60.78912353515625,60.45384979248047,60.27378845214844
2025-06-03 22:08:00,0,connected,60.747074127197266,61.3504409790039,60.2750129699707,61.17424011230469,61.000770568847656,60.7327651977539,60.50383758544922,60.30906677246094
2025-06-03 22:08:30,0,connected,60.76767349243164,61.40510559082031,60.34663009643555,61.31786346435547,61.017738342285156,60.75075912475586,60.47490692138672,60.3670768737793
2025-06-03 22:09:00,0,connected,60.73686218261719,61.526451110839844,60.17961883544922,61.11835479736328,60.983116149902344,60.72468566894531,60.49633026123047,60.19398880004883
2025-06-03 22:09:30,0,connected,60.79245376586914,61.3371810913086,60.27773666381836,61.25962829589844,61.07566833496094,60.80569076538086,60.479278564453125,60.31495666503906
2025-06-03 22:10:00,0,connected,60.83254623413086,61.32689666748047,60.33404541015625,61.29173278808594,61.1080665588379,60.820186614990234,60.59824752807617,60.35643768310547
2025-06-03 22:10:30,0,connected,61.028228759765625,61.59284973144531,60.46546173095703,61.499267578125,61.3511962890625,60.995548248291016,60.71310806274414,60.47235107421875
2025-06-03 22:11:00,0,connected,61.1125144958496,61.72822570800781,60.40692138671875,61.68803024291992,61.385215759277344,61.11529541015625,60.7690315246582,60.559234619140625
2025-06-03 22:11:30,0,connected,61.236263275146484,61.98801803588867,60.72934341430664,61.82268524169922,61.50902557373047,61.23067092895508,60.93354034423828,60.7809829711914
2025-06-03 22:12:00,0,connected,61.2639274597168,61.96004104614258,60.5999984741211,61.83507537841797,61.5657958984375,61.245296478271484,60.96038818359375,60.73188781738281
2025-06-03 22:12:30,0,connected,61.934329986572266,63.8375244140625,61.051483154296875,63.79554748535156,62.996055603027344,61.64929962158203,61.341400146484375,61.10919189453125
2025-06-03 22:13:00,0,connected,63.478816986083984,64.62671661376953,62.324424743652344,64.49097442626953,64.07249450683594,63.491451263427734,62.91820526123047,62.4511604309082
2025-06-03 22:13:30,0,connected,63.19680404663086,65.8581771850586,61.6933708190918,64.7425079345703,63.97078323364258,63.13640594482422,62.19664764404297,61.81243133544922
2025-06-03 22:14:00,0,connected,63.03124237060547,64.1583938598633,61.670867919921875,63.93280792236328,63.735557556152344,62.96879577636719,62.25160217285156,61.67124557495117
2025-06-03 22:14:30,0,connected,62.121368408203125,63.0645637512207,61.50560760498047,62.94610595703125,62.54868698120117,62.03038787841797,61.736488342285156,61.5215072631836
2025-06-03 22:15:00,0,connected,61.93781661987305,63.0217056274414,61.36607360839844,62.53974914550781,62.30247497558594,61.928192138671875,61.5744857788086,61.390228271484375
2025-06-03 22:15:30,0,connected,62.06939697265625,62.7167739868164,61.66498947143555,62.565792083740234,62.3681526184082,62.023834228515625,61.7718505859375,61.67619323730469
2025-06-03 22:16:00,0,connected,62.1473045349121,62.74052429199219,61.6338882446289,62.681060791015625,62.48997497558594,62.11936950683594,61.80461883544922,61.72854232788086
2025-06-03 22:16:30,0,connected,62.03192138671875,62.59770202636719,61.52407455444336,62.4844970703125,62.30751037597656,61.99761199951172,61.7931137084961,61.61286926269531
2025-06-03 22:17:00,0,connected,62.31647491455078,62.89897918701172,61.70647430419922,62.86510467529297,62.6440200805664,62.29866027832031,61.89417266845703,61.73974609375
2025-06-03 22:17:30,0,connected,62.76820755004883,64.66493225097656,61.83417510986328,64.5077667236328,63.4971694946289,62.60652160644531,62.14476776123047,61.85795593261719
2025-06-03 22:18:00,0,connected,62.02234649658203,63.09565734863281,60.9786148071289,62.82135009765625,62.483726501464844,61.94208908081055,61.584136962890625,61.21470642089844
2025-06-03 22:18:30,0,connected,61.049251556396484,61.786651611328125,60.482261657714844,61.70659255981445,61.441864013671875,61.01959228515625,60.66168212890625,60.55084228515625
2025-06-03 22:19:00,0,connected,60.931121826171875,61.63712692260742,60.296958923339844,61.46559143066406,61.2190933227539,60.93278121948242,60.628257751464844,60.41667175292969
2025-06-03 22:19:30,0,connected,61.133331298828125,62.163875579833984,60.36089324951172,61.78102111816406,61.62504577636719,61.10389709472656,60.730918884277344,60.49821090698242
2025-06-03 22:20:00,0,connected,60.99411392211914,61.641204833984375,60.44000244140625,61.57008361816406,61.38481140136719,60.97248840332031,60.58777618408203,60.4451675415039
2025-06-03 22:20:30,0,connected,60.8100357055664,61.36425018310547,60.27619934082031,61.27509307861328,61.048301696777344,60.8095474243164,60.531524658203125,60.39885711669922
2025-06-03 22:21:00,0,connected,61.02060317993164,62.36518859863281,60.3743896484375,62.30110168457031,61.40624237060547,60.905357360839844,60.64508056640625,60.419708251953125
2025-06-03 22:21:30,0,connected,60.8201675415039,61.28270721435547,60.31201934814453,61.26536178588867,61.10035705566406,60.79740905761719,60.5629653930664,60.4477767944336
2025-06-03 22:22:00,0,connected,60.7221565246582,61.212921142578125,60.0904541015625,61.0968017578125,60.98313903808594,60.7249984741211,60.43572998046875,60.10682678222656
2025-06-03 22:22:30,0,connected,60.8492202758789,61.44343566894531,60.1089744567871,61.30780029296875,61.12745666503906,60.86568069458008,60.54814529418945,60.313846588134766
2025-06-03 22:23:00,0,connected,60.88457489013672,61.41138458251953,60.26361846923828,61.37806701660156,61.2154769897461,60.85114288330078,60.5450439453125,60.42224884033203
2025-06-03 22:23:30,0,connected,60.85204315185547,61.4319725036621,60.13158416748047,61.38545227050781,61.197471618652344,60.82130432128906,60.56327819824219,60.35026550292969
2025-06-03 22:24:00,0,connected,60.82990646362305,61.30067443847656,60.415584564208984,61.29729461669922,61.10939025878906,60.8218879699707,60.55833435058594,60.450767517089844
2025-06-03 22:24:30,0,connected,60.74177932739258,61.16791915893555,60.058998107910156,61.079193115234375,61.01667022705078,60.72755432128906,60.53532409667969,60.07487487792969
2025-06-03 22:25:00,0,connected,60.818397521972656,61.3785057067871,60.26814651489258,61.31736755371094,61.101356506347656,60.7976303100586,60.535518646240234,60.30189514160156
2025-06-03 22:25:30,0,connected,60.7989273071289,61.5419921875,60.037757873535156,61.191680908203125,61.07084655761719,60.78083801269531,60.513092041015625,60.261661529541016
2025-06-03 22:26:00,0,connected,60.63685607910156,61.157012939453125,59.95250701904297,61.1069564819336,60.890541076660156,60.670738220214844,60.32514190673828,60.04364013671875
2025-06-03 22:26:30,0,connected,60.88148880004883,64.0230484008789,59.95042419433594,61.84320831298828,61.1443099975586,60.83445739746094,60.54304504394531,60.01251983642578
2025-06-03 22:27:00,0,connected,60.81948471069336,61.3802719116211,60.22565460205078,61.2877426147461,61.21363067626953,60.774566650390625,60.47515869140625,60.32768249511719
2025-06-03 22:27:30,0,connected,60.93086242675781,61.37132263183594,60.41297912597656,61.340126037597656,61.17394256591797,60.91180419921875,60.6498794555664,60.4432144165039
2025-06-03 22:28:00,0,connected,60.918453216552734,61.81327819824219,60.386505126953125,61.38674545288086,61.192901611328125,60.9098892211914,60.62330627441406,60.393280029296875
2025-06-03 22:28:30,0,connected,60.945613861083984,61.42095947265625,60.35050964355469,61.4157371520996,61.2437744140625,60.91996765136719,60.67958068847656,60.41728973388672
2025-06-03 22:29:00,0,connected,60.968109130859375,61.38585662841797,60.409996032714844,61.319786071777344,61.274131774902344,60.96001434326172,60.7079200744629,60.461761474609375
2025-06-03 22:29:30,0,connected,61.03074645996094,61.4511947631836,60.34480285644531,61.44706726074219,61.30303955078125,61.05323028564453,60.71076202392578,60.57532501220703
2025-06-03 22:30:00,0,connected,61.126678466796875,61.48928451538086,60.592193603515625,61.48828125,61.39884948730469,61.1314926147461,60.840850830078125,60.59782791137695
2025-06-03 22:30:30,0,connected,61.384769439697266,62.02300262451172,60.745174407958984,61.9185905456543,61.67958068847656,61.373252868652344,61.04998016357422,60.88812255859375
2025-06-03 22:31:00,0,connected,61.5015983581543,62.10639953613281,60.99858856201172,62.013145446777344,61.83494567871094,61.47540283203125,61.226043701171875,61.010986328125
2025-06-03 22:31:30,0,connected,62.347782135009766,63.99699020385742,61.2021255493164,63.96565246582031,63.255615234375,62.22188186645508,61.5673828125,61.2753677368164
2025-06-03 22:32:00,0,connected,63.30764389038086,64.53504180908203,61.86847686767578,64.28614044189453,64.02433013916016,63.2718505859375,62.54214096069336,62.062950134277344
2025-06-03 22:32:30,0,connected,62.257083892822266,64.55426025390625,61.54546356201172,64.18250274658203,62.565956115722656,62.09837341308594,61.79261779785156,61.59043884277344
2025-06-03 22:33:00,0,connected,62.2822608947754,63.52943420410156,61.63487243652344,63.4383316040039,62.811492919921875,62.19370651245117,61.90037536621094,61.6380958557129
2025-06-03 22:33:30,0,connected,62.74308776855469,63.64653778076172,61.83705520629883,63.613807678222656,63.33075714111328,62.680259704589844,62.22267150878906,61.91383361816406
2025-06-03 22:34:00,0,connected,62.70769500732422,63.451988220214844,62.070377349853516,63.445281982421875,63.14363098144531,62.65219497680664,62.30295944213867,62.154541015625
2025-06-03 22:34:30,0,connected,62.70432662963867,64.0614013671875,61.85927200317383,64.02217864990234,63.18018341064453,62.598876953125,62.285247802734375,62.09233856201172
2025-06-03 22:35:00,0,connected,62.94083786010742,64.5030975341797,62.18644714355469,64.29571533203125,63.4488525390625,62.84838104248047,62.46229934692383,62.28387451171875
2025-06-03 22:35:30,0,connected,63.25090408325195,64.15565490722656,62.250404357910156,64.05370330810547,63.68811798095703,63.26322937011719,62.7713623046875,62.5306396484375
2025-06-03 22:36:00,0,connected,62.93583679199219,63.67155456542969,61.962921142578125,63.653778076171875,63.35797882080078,62.97407531738281,62.40362548828125,62.14827346801758
2025-06-03 22:36:30,0,connected,62.462928771972656,64.14540100097656,61.5780143737793,63.8458023071289,63.09077072143555,62.32167053222656,61.921627044677734,61.666351318359375
2025-06-03 22:37:00,0,connected,62.055728912353516,64.0151901245117,60.83331298828125,63.87336730957031,62.92790222167969,61.78080368041992,61.336910247802734,61.05695343017578
2025-06-03 22:37:30,0,connected,61.169368743896484,61.83384704589844,60.51123046875,61.78875732421875,61.63880920410156,61.10643005371094,60.79320526123047,60.53119659423828
2025-06-03 22:38:00,0,connected,61.05738830566406,61.741485595703125,60.50968933105469,61.680057525634766,61.3833122253418,61.0326156616211,60.72163391113281,60.57511901855469
2025-06-03 22:38:30,0,connected,61.04230499267578,61.95418167114258,60.35594940185547,61.70893478393555,61.428680419921875,61.0165023803711,60.63463592529297,60.43853759765625
2025-06-03 22:39:00,0,connected,61.01887130737305,61.530025482177734,60.29291915893555,61.50297927856445,61.3916130065918,61.0174560546875,60.61637878417969,60.41797637939453
2025-06-03 22:39:30,0,connected,61.08357620239258,61.744537353515625,60.520694732666016,61.70093536376953,61.3647575378418,61.092529296875,60.761898040771484,60.53324508666992
2025-06-03 22:40:00,0,connected,60.987728118896484,61.40492630004883,60.46674346923828,61.385948181152344,61.246883392333984,60.98146057128906,60.700111389160156,60.46748352050781
2025-06-03 22:40:30,0,connected,60.9198112487793,61.39985275268555,60.400264739990234,61.3651123046875,61.1667366027832,60.90086364746094,60.6545753479004,60.490394592285156
2025-06-03 22:41:00,0,connected,60.91801071166992,61.58289337158203,60.49313735961914,61.55539321899414,61.19833755493164,60.87641906738281,60.646453857421875,60.513458251953125
2025-06-03 22:41:30,0,connected,60.90433883666992,61.47913360595703,60.11363983154297,61.4390869140625,61.23244094848633,60.9091567993164,60.6084327697754,60.2375259399414
2025-06-03 22:42:00,0,connected,60.84449005126953,61.325469970703125,60.452030181884766,61.24147033691406,61.12990188598633,60.818572998046875,60.5703468322754,60.479164123535156
2025-06-03 22:42:30,0,connected,60.75813674926758,61.30860900878906,60.17823791503906,61.237247467041016,61.01853942871094,60.73974609375,60.479408264160156,60.2286262512207
2025-06-03 22:43:00,0,connected,60.835079193115234,62.20743942260742,60.14251708984375,61.601383209228516,61.11882400512695,60.8356590270996,60.5132064819336,60.180938720703125
2025-06-03 22:43:30,0,connected,60.80010986328125,61.49568176269531,60.26887512207031,61.27081298828125,61.074398040771484,60.796329498291016,60.499359130859375,60.276031494140625
2025-06-03 22:44:00,0,connected,60.84093475341797,61.43409729003906,60.1609878540039,61.41290283203125,61.226966857910156,60.82440185546875,60.48628234863281,60.29218292236328
2025-06-03 22:44:30,0,connected,60.7653923034668,61.39082717895508,60.1430892944336,61.37528991699219,61.09394836425781,60.75522232055664,60.45013427734375,60.1467399597168
2025-06-03 22:45:00,0,connected,60.99054718017578,61.52057647705078,60.43187713623047,61.50413513183594,61.2294921875,60.99451446533203,60.744110107421875,60.46922302246094
2025-06-03 22:45:30,0,connected,60.79309844970703,61.368247985839844,60.018463134765625,61.338539123535156,61.0797119140625,60.778160095214844,60.507652282714844,60.32173156738281
2025-06-03 22:46:00,0,connected,60.7811622619629,61.31927490234375,60.272674560546875,61.292930603027344,61.05858612060547,60.76306915283203,60.538848876953125,60.33515930175781
2025-06-03 22:46:30,0,connected,60.852333068847656,61.533443450927734,60.3510513305664,61.4429931640625,61.1490135192871,60.8365135192871,60.5693359375,60.3731689453125
2025-06-03 22:46:30,0,connected,60.852333068847656,61.533443450927734,60.3510513305664,61.4429931640625,61.1490135192871,60.8365135192871,60.5693359375,60.3731689453125
2025-06-03 22:47:00,0,connected,60.809974670410156,61.26964569091797,60.31873321533203,61.25971984863281,61.08997344970703,60.79509735107422,60.53727722167969,60.359893798828125
2025-06-03 22:47:30,0,connected,60.79772186279297,61.4605941772461,60.358184814453125,61.25657653808594,61.07523727416992,60.8111457824707,60.516143798828125,60.38213348388672
2025-06-03 22:48:00,0,connected,60.88840866088867,61.2805061340332,60.25046157836914,61.27142333984375,61.14392852783203,60.894691467285156,60.63237380981445,60.35771942138672
2025-06-03 22:48:30,0,connected,60.8146858215332,61.24372100830078,60.2052230834961,61.2269515991211,61.091766357421875,60.7854232788086,60.5722312927246,60.32851028442383
2025-06-03 22:49:00,0,connected,60.89997863769531,61.2421531677246,60.47118377685547,61.23401641845703,61.150386810302734,60.892574310302734,60.6061782836914,60.47175216674805
2025-06-03 22:49:30,0,connected,60.963775634765625,61.6030387878418,60.408355712890625,61.56965637207031,61.30259704589844,60.93462371826172,60.568939208984375,60.41847229003906
2025-06-03 22:50:00,0,connected,60.9032211303711,61.436492919921875,60.4278678894043,61.282310485839844,61.175506591796875,60.897987365722656,60.58203125,60.432281494140625
2025-06-03 22:50:30,0,connected,60.94965362548828,61.63987731933594,60.4699478149414,61.36863708496094,61.2163314819336,60.916316986083984,60.6818618774414,60.51177215576172
2025-06-03 22:51:00,0,connected,61.00267791748047,61.64446258544922,60.39540100097656,61.589202880859375,61.322265625,61.003265380859375,60.71106719970703,60.499847412109375
2025-06-03 22:51:30,0,connected,60.87741470336914,61.45011901855469,60.507904052734375,61.32875061035156,61.11369323730469,60.86592102050781,60.644737243652344,60.518402099609375
2025-06-04 01:04:30,0,connected,60.930580139160156,61.432777404785156,60.43382263183594,61.35565185546875,61.205528259277344,60.905853271484375,60.63423156738281,60.43928909301758
2025-06-04 01:05:00,0,connected,60.91401672363281,61.63163375854492,60.38222122192383,61.47454833984375,61.16826629638672,60.89948272705078,60.66172409057617,60.47845458984375
2025-06-04 01:05:30,0,connected,60.913875579833984,61.47441101074219,60.48670959472656,61.24121856689453,61.184478759765625,60.9210090637207,60.6795654296875,60.50031280517578
2025-06-04 01:06:00,0,connected,60.97760772705078,61.512779235839844,60.4364013671875,61.4140968322754,61.24270248413086,60.97389221191406,60.685638427734375,60.4922103881836
2025-06-04 01:06:30,0,connected,60.95875549316406,61.4672622680664,60.27009582519531,61.40338134765625,61.17864227294922,60.95439910888672,60.68791961669922,60.53765869140625
2025-06-04 01:07:00,0,connected,60.9334945678711,61.3891830444336,60.46038818359375,61.28114318847656,61.16954803466797,60.92597198486328,60.68574523925781,60.52445983886719
2025-06-04 01:07:30,0,connected,60.91704559326172,61.52186584472656,60.28583526611328,61.43235778808594,61.17890930175781,60.91566848754883,60.64389419555664,60.38917541503906
2025-06-04 01:08:00,0,connected,60.928741455078125,61.69935989379883,60.28755187988281,61.51830291748047,61.1656723022461,60.91558837890625,60.6785888671875,60.3814926147461
2025-06-04 01:08:30,0,connected,60.93009948730469,61.50764465332031,60.37984085083008,61.40009689331055,61.26345443725586,60.915008544921875,60.59965515136719,60.40637969970703
2025-06-04 01:09:00,0,connected,60.91944885253906,61.57647705078125,60.4010124206543,61.4489974975586,61.21040344238281,60.89366149902344,60.63079833984375,60.4890365600586
2025-06-04 01:09:30,0,connected,60.91096115112305,61.36517333984375,60.410247802734375,61.2408676147461,61.14698791503906,60.9206314086914,60.67005920410156,60.46531677246094
2025-06-04 01:10:00,0,connected,60.91930389404297,61.365447998046875,60.42860412597656,61.342708587646484,61.2115249633789,60.9063949584961,60.67083740234375,60.463436126708984
2025-06-04 01:10:30,0,connected,60.900325775146484,61.28606414794922,60.417518615722656,61.26713943481445,61.132484436035156,60.90577697753906,60.587398529052734,60.4306869506836
2025-06-04 01:11:00,0,connected,60.89520263671875,61.30928039550781,60.47626495361328,61.2908706665039,61.13703155517578,60.8641700744629,60.68170166015625,60.50236511230469
2025-06-04 01:11:30,0,connected,60.91617965698242,61.392127990722656,60.341026306152344,61.36469650268555,61.188140869140625,60.94165802001953,60.6415672302246,60.34941864013672
2025-06-04 01:12:00,0,connected,60.89514923095703,61.418331146240234,60.33701705932617,61.37506866455078,61.147178649902344,60.914642333984375,60.64326095581055,60.35088348388672
2025-06-04 01:12:00,0,connected,60.89514923095703,61.418331146240234,60.33701705932617,61.37506866455078,61.147178649902344,60.914642333984375,60.64326095581055,60.35088348388672
2025-06-04 01:12:30,0,connected,60.91828155517578,61.60760498046875,60.36013412475586,61.39250564575195,61.19325256347656,60.895259857177734,60.63136291503906,60.386962890625
2025-06-04 01:13:00,0,connected,60.935211181640625,61.37708282470703,60.42605209350586,61.2938575744629,61.192081451416016,60.952964782714844,60.6808853149414,60.51817321777344
2025-06-04 01:13:30,0,connected,60.906124114990234,61.33161926269531,60.474449157714844,61.31520080566406,61.1568603515625,60.91181564331055,60.63514709472656,60.48291778564453
2025-06-04 01:14:00,0,connected,60.88418197631836,61.32048034667969,60.309844970703125,61.30522537231445,61.168148040771484,60.87190246582031,60.57333755493164,60.35715866088867
2025-06-04 01:14:30,0,connected,60.87799072265625,61.400543212890625,60.32811737060547,61.27705764770508,61.11447525024414,60.896728515625,60.56678771972656,60.44334411621094
2025-06-04 01:15:00,0,connected,60.93119812011719,61.453006744384766,60.39149475097656,61.45014190673828,61.15094757080078,60.92144012451172,60.64317321777344,60.42475128173828
2025-06-04 01:15:30,0,connected,60.906314849853516,61.5323143005371,60.4192123413086,61.3795166015625,61.1884422302246,60.89459991455078,60.61720275878906,60.447021484375
2025-06-04 01:16:00,0,connected,60.9163475036621,61.431644439697266,60.422523498535156,61.384185791015625,61.167930603027344,60.90656280517578,60.62486267089844,60.48342514038086
2025-06-04 01:16:30,0,connected,60.943077087402344,61.316650390625,60.51427459716797,61.30788040161133,61.1948013305664,60.92412185668945,60.725135803222656,60.54575729370117
2025-06-04 01:17:00,0,connected,60.89494705200195,61.47443389892578,60.18608093261719,61.33795166015625,61.12622833251953,60.90776824951172,60.65074920654297,60.44350814819336
2025-06-04 01:17:30,0,connected,60.89705276489258,61.508384704589844,60.394683837890625,61.46845626831055,61.19786834716797,60.90378952026367,60.5882568359375,60.39680480957031
2025-06-04 01:18:00,0,connected,60.965579986572266,61.5234146118164,60.3304443359375,61.4869613647461,61.222496032714844,60.937068939208984,60.697113037109375,60.471473693847656
2025-06-04 01:18:30,0,connected,60.8853759765625,61.3449478149414,60.24611282348633,61.28129577636719,61.14280700683594,60.87294006347656,60.63969421386719,60.43553924560547
2025-06-04 01:19:00,0,connected,60.9632568359375,61.454254150390625,60.2441291809082,61.42640686035156,61.20281982421875,60.95863342285156,60.734432220458984,60.56536865234375
2025-06-04 01:19:30,0,connected,60.97963333129883,61.61237335205078,60.53510284423828,61.45790100097656,61.27496337890625,60.95374298095703,60.702728271484375,60.53827667236328
2025-06-04 01:20:00,0,connected,60.94309997558594,61.36705017089844,60.58745193481445,61.314849853515625,61.19666290283203,60.949745178222656,60.709808349609375,60.6067123413086
2025-06-04 01:20:30,0,connected,60.982967376708984,61.423667907714844,60.39836883544922,61.413726806640625,61.259185791015625,60.979942321777344,60.62786102294922,60.42931365966797
2025-06-04 01:21:00,0,connected,60.8740234375,61.3644142150879,60.236289978027344,61.3199234008789,61.1549072265625,60.8727798461914,60.55436325073242,60.44568634033203
2025-06-04 01:21:30,0,connected,60.98189163208008,61.4760856628418,60.35138702392578,61.4654426574707,61.23326873779297,60.9838752746582,60.74974060058594,60.46098327636719
2025-06-04 01:22:00,0,connected,60.94145965576172,61.35868835449219,60.41114044189453,61.35406494140625,61.16127014160156,60.94987487792969,60.69343566894531,60.496612548828125
2025-06-04 01:22:30,0,connected,60.92860794067383,61.52931213378906,60.26023864746094,61.420082092285156,61.2680549621582,60.8788070678711,60.618412017822266,60.50579071044922
2025-06-04 01:23:00,0,connected,60.95469665527344,61.4618148803711,60.40419387817383,61.377845764160156,61.18339538574219,60.95361328125,60.68623733520508,60.455970764160156
2025-06-04 01:23:30,0,connected,60.9678611755371,61.40656280517578,60.504024505615234,61.37860107421875,61.277748107910156,60.961761474609375,60.70408630371094,60.5629653930664
2025-06-04 01:24:00,0,connected,60.97465515136719,61.44097137451172,60.381404876708984,61.4348373413086,61.217857360839844,60.973968505859375,60.74180603027344,60.5882568359375
2025-06-04 01:24:30,0,connected,60.990142822265625,61.398597717285156,60.3161392211914,61.328369140625,61.225624084472656,60.9918098449707,60.75456237792969,60.43983459472656
2025-06-04 01:25:00,0,connected,60.987056732177734,61.42547607421875,60.486846923828125,61.3897819519043,61.24177169799805,60.974517822265625,60.70710754394531,60.51737976074219
2025-06-04 01:25:30,0,connected,60.99757766723633,61.4895362854004,60.3800277709961,61.457279205322266,61.24169921875,61.01020050048828,60.67988204956055,60.459686279296875
2025-06-04 01:26:00,0,connected,60.896053314208984,61.303314208984375,60.3189582824707,61.248844146728516,61.165985107421875,60.89286804199219,60.644405364990234,60.342811584472656
2025-06-04 01:26:30,0,connected,60.89198303222656,61.42933654785156,60.30015563964844,61.381805419921875,61.1986083984375,60.8906478881836,60.57905960083008,60.384033203125
2025-06-04 01:27:00,0,connected,60.8511619567871,61.267486572265625,60.47791290283203,61.2667236328125,61.08943176269531,60.83735656738281,60.63279724121094,60.50059509277344
2025-06-04 01:27:30,0,connected,60.913047790527344,61.3434829711914,60.432830810546875,61.33563232421875,61.16396713256836,60.90871047973633,60.660804748535156,60.44474411010742
2025-06-04 01:28:00,0,connected,60.96901321411133,61.547698974609375,60.50154495239258,61.40570831298828,61.22212219238281,60.96411895751953,60.71718978881836,60.5520133972168
2025-06-04 01:28:30,0,connected,60.913387298583984,61.3879165649414,60.315757751464844,61.3735694885254,61.21165466308594,60.90370178222656,60.66300964355469,60.5514907836914
2025-06-04 01:29:00,0,connected,60.87773513793945,61.382080078125,60.406978607177734,61.354740142822266,61.1513900756836,60.8617172241211,60.62010955810547,60.4464225769043
2025-06-04 01:29:30,0,connected,60.92399215698242,61.67658615112305,60.26364517211914,61.525482177734375,61.281463623046875,60.87767028808594,60.6003074645996,60.37666320800781
2025-06-04 01:30:00,0,connected,60.94751739501953,61.49934387207031,60.45163345336914,61.4690933227539,61.22997283935547,60.90843200683594,60.67464065551758,60.50110626220703
2025-06-04 01:30:30,0,connected,60.87690734863281,61.4819564819336,60.1885986328125,61.30715560913086,61.151939392089844,60.87516784667969,60.5954475402832,60.4155044555664
2025-06-04 01:31:00,0,connected,60.87626647949219,61.27815246582031,60.34899139404297,61.25890350341797,61.1239013671875,60.8742446899414,60.619598388671875,60.38536071777344
2025-06-04 01:31:30,0,connected,60.8702392578125,61.55309295654297,60.4353256225586,61.40691375732422,61.1005630493164,60.86332702636719,60.59394836425781,60.466739654541016
2025-06-04 01:31:30,0,connected,60.8702392578125,61.55309295654297,60.4353256225586,61.40691375732422,61.1005630493164,60.86332702636719,60.59394836425781,60.466739654541016
2025-06-04 01:32:00,0,connected,60.88816452026367,61.564090728759766,60.19002151489258,61.323726654052734,61.1553840637207,60.9162368774414,60.594696044921875,60.3279037475586
2025-06-04 01:32:30,0,connected,60.9614143371582,61.65861892700195,60.39903259277344,61.42583084106445,61.247276306152344,60.9508056640625,60.6845474243164,60.42625427246094
2025-06-04 01:33:00,0,connected,60.94025802612305,61.58561706542969,60.342193603515625,61.53947448730469,61.2326431274414,60.922203063964844,60.66651153564453,60.467933654785156
2025-06-04 01:33:30,0,connected,60.8463249206543,61.51252746582031,60.235721588134766,61.3064956665039,61.08401107788086,60.8493309020996,60.548526763916016,60.35161209106445
2025-06-04 01:34:00,0,connected,60.835235595703125,61.35005187988281,60.35174560546875,61.27185821533203,61.120208740234375,60.823570251464844,60.55315399169922,60.429893493652344
2025-06-04 01:34:30,0,connected,60.85038757324219,61.54918670654297,60.2833251953125,61.36683654785156,61.154937744140625,60.843711853027344,60.54604721069336,60.2947769165039
2025-06-04 01:35:00,0,connected,60.96966552734375,61.46487045288086,60.470176696777344,61.40646743774414,61.26708221435547,60.976524353027344,60.68464660644531,60.5006103515625
2025-06-04 01:35:30,0,connected,60.988975524902344,61.59135437011719,60.364173889160156,61.5890769958496,61.299896240234375,60.98182678222656,60.60651397705078,60.493377685546875
2025-06-04 01:36:00,0,connected,60.9258689880371,61.5766830444336,60.152259826660156,61.392127990722656,61.19694519042969,60.90965270996094,60.6112060546875,60.40095138549805
2025-06-04 01:36:30,0,connected,61.02702331542969,61.70866775512695,60.3272476196289,61.64524841308594,61.402679443359375,60.97581481933594,60.73838806152344,60.44295120239258
2025-06-04 01:37:00,0,connected,61.09107971191406,61.64591979980469,60.3778076171875,61.625125885009766,61.39196014404297,61.1004409790039,60.72069549560547,60.62592697143555
2025-06-04 01:37:30,0,connected,61.1202735900879,61.68617248535156,60.55543518066406,61.638221740722656,61.38096618652344,61.11907196044922,60.830780029296875,60.65910339355469
2025-06-04 01:38:00,0,connected,61.35636901855469,62.28191375732422,60.60462951660156,62.180381774902344,61.7581672668457,61.334564208984375,61.032073974609375,60.832313537597656
2025-06-04 01:38:30,0,connected,61.611083984375,62.51924133300781,61.025299072265625,62.48600769042969,62.005409240722656,61.537628173828125,61.29711151123047,61.104251861572266
2025-06-04 01:39:00,0,connected,62.91547775268555,64.65657806396484,61.7895736694336,64.1273193359375,63.66160202026367,62.82720947265625,62.18902587890625,61.909751892089844
2025-06-04 01:39:30,0,connected,62.88999938964844,64.6915512084961,61.69092559814453,64.5430374145508,63.9197769165039,62.73039245605469,62.01667022705078,61.836368560791016
2025-06-04 01:40:00,0,connected,62.32292175292969,64.0823440551758,61.4569969177246,63.97509765625,63.113853454589844,62.12834548950195,61.727474212646484,61.4944076538086
2025-06-04 01:40:30,0,connected,62.0354347229004,63.10963439941406,61.2114486694336,62.946739196777344,62.537841796875,61.9941177368164,61.53439712524414,61.285064697265625
2025-06-04 01:41:00,0,connected,61.25925827026367,61.785194396972656,60.7216567993164,61.72224426269531,61.5340805053711,61.25920486450195,60.97688293457031,60.77861022949219
2025-06-04 01:41:30,0,connected,60.92597579956055,61.64225387573242,60.43793487548828,61.42510986328125,61.18588638305664,60.90554428100586,60.62868881225586,60.49791717529297
2025-06-04 01:42:00,0,connected,60.91093826293945,61.30708312988281,60.495567321777344,61.296714782714844,61.16642761230469,60.88911437988281,60.65419387817383,60.583892822265625
2025-06-04 01:42:30,0,connected,60.9162712097168,61.438568115234375,60.3118667602539,61.4366226196289,61.14324188232422,60.92820739746094,60.652950286865234,60.358428955078125
2025-06-04 01:43:00,0,connected,60.91109085083008,61.389923095703125,60.43454360961914,61.3097915649414,61.17903137207031,60.878143310546875,60.6649398803711,60.56212615966797
2025-06-04 01:43:30,0,connected,60.954105377197266,61.41648864746094,60.28984069824219,61.390960693359375,61.2014389038086,60.9465103149414,60.700477600097656,60.55122375488281
2025-06-04 01:44:00,0,connected,60.88883590698242,61.51422119140625,60.287567138671875,61.47877883911133,61.281578063964844,60.8418197631836,60.597984313964844,60.381256103515625
2025-06-04 01:44:30,0,connected,60.872222900390625,61.359161376953125,60.285888671875,61.3227767944336,61.11585235595703,60.86212158203125,60.552040100097656,60.40293884277344
2025-06-04 01:45:00,0,connected,60.941078186035156,61.583740234375,60.418495178222656,61.41639709472656,61.168487548828125,60.9375114440918,60.6634750366211,60.4888801574707
2025-06-04 01:45:30,0,connected,60.89976501464844,61.37614440917969,60.250526428222656,61.37347412109375,61.19317626953125,60.9170913696289,60.602867126464844,60.428253173828125
2025-06-04 01:46:00,0,connected,60.71631622314453,61.41365051269531,60.218048095703125,61.215171813964844,61.00635528564453,60.6888313293457,60.430633544921875,60.33441925048828
2025-06-04 01:46:30,0,connected,60.761783599853516,61.4250831604004,60.04170608520508,61.301090240478516,61.06039810180664,60.72783660888672,60.4266242980957,60.2996711730957
2025-06-04 01:47:00,0,connected,60.85835647583008,61.28026580810547,60.39030838012695,61.21736145019531,61.09757995605469,60.88496398925781,60.567108154296875,60.4451904296875
2025-06-04 01:47:30,0,connected,60.88829040527344,61.3399658203125,60.338619232177734,61.28790283203125,61.1469497680664,60.8696517944336,60.62324523925781,60.39839172363281
2025-06-04 01:48:00,0,connected,60.919227600097656,61.43717956542969,60.25457000732422,61.34673309326172,61.22456741333008,60.9184799194336,60.59663391113281,60.32866287231445
2025-06-04 01:48:30,0,connected,60.850833892822266,61.50535583496094,60.26228713989258,61.39250564575195,61.11082458496094,60.85053253173828,60.581790924072266,60.32512664794922
2025-06-04 01:49:00,0,connected,60.92250061035156,61.379791259765625,60.30811309814453,61.365447998046875,61.18312072753906,60.91527557373047,60.64563751220703,60.44158935546875
2025-06-04 01:49:30,0,connected,60.7393913269043,61.5941390991211,60.150474548339844,61.19535827636719,61.01716613769531,60.7575912475586,60.4049072265625,60.158145904541016
2025-06-04 01:50:00,0,connected,60.90183639526367,61.35194396972656,60.29795837402344,61.32476043701172,61.14689636230469,60.89446258544922,60.60871124267578,60.370304107666016
2025-06-04 01:50:30,0,connected,60.98619079589844,61.60337829589844,60.35222625732422,61.5511474609375,61.241912841796875,60.96527099609375,60.730350494384766,60.45336151123047
2025-06-04 01:51:00,0,connected,60.927371978759766,61.49060821533203,60.4311637878418,61.375732421875,61.24369812011719,60.91326141357422,60.68535614013672,60.43531799316406
2025-06-04 01:51:30,0,connected,60.92644119262695,61.38834762573242,60.37533950805664,61.33098602294922,61.21320343017578,60.94049072265625,60.64374542236328,60.45092010498047
2025-06-04 01:52:00,0,connected,60.888973236083984,61.36933898925781,60.4532470703125,61.36741638183594,61.177207946777344,60.88380432128906,60.5927505493164,60.46336364746094
2025-06-04 01:52:30,0,connected,60.8841667175293,61.31126403808594,60.37158966064453,61.26741027832031,61.13420867919922,60.8843879699707,60.64588928222656,60.406951904296875
2025-06-04 01:53:00,0,connected,60.9572639465332,61.5224838256836,60.18044662475586,61.45911407470703,61.20377731323242,60.950191497802734,60.66637420654297,60.518978118896484
2025-06-04 01:53:00,0,connected,60.9572639465332,61.5224838256836,60.18044662475586,61.45911407470703,61.20377731323242,60.950191497802734,60.66637420654297,60.518978118896484
2025-06-04 01:53:30,0,connected,60.84602737426758,61.3951759338379,60.244293212890625,61.27076721191406,61.11150360107422,60.84828567504883,60.57331848144531,60.37117004394531
2025-06-04 01:54:00,0,connected,60.98293685913086,61.534271240234375,60.3241081237793,61.48381805419922,61.226131439208984,60.96027374267578,60.73773193359375,60.54792785644531
2025-06-04 01:54:30,0,connected,60.953887939453125,61.5126953125,60.44409942626953,61.37822723388672,61.20277404785156,60.95323181152344,60.72468566894531,60.65705490112305
2025-06-04 01:55:00,0,connected,60.91562271118164,61.3946304321289,60.3262825012207,61.29997253417969,61.19123840332031,60.901885986328125,60.66810607910156,60.38353729248047
2025-06-04 01:55:30,0,connected,60.8364028930664,61.344032287597656,60.38060760498047,61.34217834472656,61.118038177490234,60.8099365234375,60.6047706604004,60.40985107421875
2025-06-04 01:56:00,0,connected,60.86274337768555,61.406524658203125,60.35532760620117,61.337371826171875,61.12297058105469,60.840972900390625,60.626861572265625,60.36302947998047
2025-06-04 01:56:30,0,connected,60.92805862426758,61.42195129394531,60.39891815185547,61.37063217163086,61.21453094482422,60.90712356567383,60.679779052734375,60.494834899902344
2025-06-04 01:57:00,0,connected,60.89174270629883,61.50958251953125,60.36398696899414,61.41034698486328,61.181846618652344,60.88060760498047,60.669342041015625,60.37211608886719
2025-06-04 01:57:30,0,connected,61.0992774963379,61.65986633300781,60.50762176513672,61.63651657104492,61.43205261230469,61.0940170288086,60.78852081298828,60.54774475097656
2025-06-04 01:58:00,0,connected,61.17618942260742,61.75398254394531,60.74348449707031,61.70378112792969,61.44719314575195,61.15706253051758,60.864097595214844,60.74452590942383
2025-06-04 01:58:30,0,connected,61.21839904785156,61.80091857910156,60.745975494384766,61.7998390197754,61.48558044433594,61.2075309753418,60.858829498291016,60.75670623779297
2025-06-04 01:59:00,0,connected,61.479312896728516,62.048824310302734,60.993778228759766,62.034698486328125,61.74711990356445,61.45094299316406,61.1825065612793,61.014686584472656
2025-06-04 01:59:30,0,connected,62.3476333618164,64.27195739746094,61.0613784790039,63.95283889770508,63.23242950439453,62.169464111328125,61.47196578979492,61.158287048339844
2025-06-04 02:00:00,0,connected,62.726715087890625,63.90898513793945,61.64194869995117,63.79689407348633,63.29328155517578,62.66926574707031,62.09314727783203,61.779815673828125
2025-06-04 02:00:30,0,connected,63.083290100097656,64.44398498535156,61.81756591796875,64.4238815307617,63.83513641357422,63.0155258178711,62.15266036987305,61.83075714111328
2025-06-04 02:01:00,0,connected,62.00148391723633,62.64385223388672,61.424842834472656,62.528106689453125,62.3342056274414,61.983428955078125,61.657012939453125,61.4991683959961
2025-06-04 02:01:30,0,connected,62.19969940185547,62.6937255859375,61.641998291015625,62.68852233886719,62.51277160644531,62.20991516113281,61.880035400390625,61.73944091796875
2025-06-04 02:02:00,0,connected,62.0816421508789,62.62720489501953,61.45542907714844,62.60670852661133,62.361480712890625,62.05919647216797,61.7857666015625,61.49657440185547
2025-06-04 02:02:30,0,connected,62.48917770385742,63.491451263427734,61.569664001464844,63.45933532714844,63.0977554321289,62.40027618408203,62.0593032836914,61.77488708496094
2025-06-04 02:03:00,0,connected,63.052032470703125,64.24774169921875,62.28871536254883,64.16650390625,63.6533088684082,62.9974594116211,62.45404815673828,62.31097412109375
2025-06-04 02:03:30,0,connected,62.7815933227539,63.67428970336914,61.70563888549805,63.62240982055664,63.30226135253906,62.82270050048828,62.18888854980469,61.732147216796875
2025-06-04 02:04:00,0,connected,63.03005599975586,63.8887710571289,62.090293884277344,63.8447036743164,63.65568542480469,62.95341491699219,62.37659454345703,62.188480377197266
2025-06-04 02:04:30,0,connected,62.90962600708008,63.96453857421875,61.89361572265625,63.661590576171875,63.445709228515625,62.88116455078125,62.22138977050781,62.0199966430664
2025-06-04 02:05:00,0,connected,62.74361038208008,64.2693099975586,61.63246154785156,64.25313568115234,63.671714782714844,62.481658935546875,62.09065628051758,61.767093658447266
2025-06-04 02:05:30,0,connected,62.7692527770996,64.744873046875,61.2087631225586,64.6292037963867,64.1487808227539,62.36253356933594,61.60308074951172,61.40458679199219
2025-06-04 02:06:00,0,connected,61.44015884399414,62.82007598876953,60.33677291870117,62.61702346801758,62.08525848388672,61.33112716674805,60.892513275146484,60.426204681396484
2025-06-04 02:06:30,0,connected,60.95920181274414,61.52095031738281,60.537567138671875,61.47611999511719,61.26772689819336,60.93975830078125,60.6631088256836,60.545745849609375
2025-06-04 07:13:30,0,connected,61.01655197143555,61.603599548339844,60.45507049560547,61.450721740722656,61.24024963378906,61.03216552734375,60.76084899902344,60.473697662353516
2025-06-04 07:14:00,0,connected,61.0734519958496,61.62126922607422,60.5053482055664,61.4710350036621,61.365840911865234,61.05157470703125,60.79645538330078,60.588348388671875
2025-06-04 07:14:30,0,connected,61.1092758178711,61.59508514404297,60.705078125,61.51514434814453,61.35303497314453,61.10120391845703,60.884033203125,60.72636413574219
2025-06-04 07:15:00,0,connected,61.08116912841797,61.5529899597168,60.60426330566406,61.51719665527344,61.38429260253906,61.07774353027344,60.82243728637695,60.64540100097656
2025-06-04 07:15:30,0,connected,61.01015090942383,61.5576171875,60.635780334472656,61.53296661376953,61.28275680541992,61.004852294921875,60.72184753417969,60.646453857421875
2025-06-04 07:16:00,0,connected,60.99662780761719,61.54993438720703,60.44763946533203,61.43299865722656,61.27431106567383,60.993438720703125,60.67884063720703,60.54322052001953
2025-06-04 07:16:30,0,connected,61.0425796508789,61.54515075683594,60.570526123046875,61.50770568847656,61.25556945800781,61.06055450439453,60.823692321777344,60.58448028564453
2025-06-04 07:17:00,0,connected,61.043819427490234,61.66041564941406,60.629478454589844,61.496341705322266,61.27947998046875,61.02820587158203,60.8056526184082,60.6417007446289
2025-06-04 07:17:30,0,connected,62.01970672607422,73.5106887817383,60.005653381347656,70.07129669189453,61.71723937988281,61.01953125,60.43760681152344,60.01641845703125
2025-06-04 07:18:00,0,connected,64.06578063964844,78.62567138671875,59.0072364807129,76.50209045410156,60.312042236328125,59.6631088256836,59.33404541015625,59.01850128173828
2025-06-04 07:18:30,0,connected,63.3329200744629,73.27986907958984,59.07532501220703,72.96646881103516,66.4849090576172,59.73194122314453,59.42224884033203,59.089111328125
2025-06-04 07:19:00,0,connected,57.44856643676758,62.0401268005371,54.785552978515625,60.974605560302734,59.8537940979004,55.67194747924805,55.11521911621094,54.8663101196289
2025-06-04 07:19:30,0,connected,76.6824951171875,89.9343719482422,54.4551010131836,88.06829833984375,80.01141357421875,58.428627014160156,55.04512023925781,54.72826385498047
2025-06-04 07:20:00,0,connected,62.390445709228516,77.7945098876953,54.41539764404297,77.3938446044922,56.52537536621094,55.17627716064453,54.761634826660156,54.55036163330078
2025-06-04 07:20:30,0,connected,63.765010833740234,81.35414123535156,54.3786849975586,77.30726623535156,55.7770652770996,55.16133499145508,54.70349884033203,54.4037094116211
2025-06-04 07:21:00,0,connected,67.29574584960938,82.34950256347656,54.62510681152344,82.16931915283203,65.35128784179688,55.60394287109375,54.952430725097656,54.80060577392578
2025-06-04 07:21:30,0,connected,59.40082550048828,72.88636779785156,54.775917053222656,69.0719528198242,61.41101837158203,55.756263732910156,55.102020263671875,54.89289474487305
2025-06-04 07:22:00,0,connected,55.49500274658203,57.20685577392578,54.629276275634766,56.16693115234375,55.883941650390625,55.459381103515625,55.06836700439453,54.79643630981445
2025-06-04 07:22:30,0,connected,57.2345962524414,70.61679077148438,55.0020751953125,61.8851318359375,56.66581726074219,55.7098274230957,55.24415588378906,55.0683364868164
2025-06-04 07:23:00,0,connected,59.02406692504883,72.8880615234375,54.99761199951172,69.40885162353516,57.801788330078125,55.95512390136719,55.571495056152344,55.1571922302246
2025-06-04 07:23:30,0,connected,55.9035873413086,56.68365478515625,55.2132911682129,56.53813171386719,56.257659912109375,55.85395812988281,55.54570770263672,55.29862976074219
2025-06-04 07:24:00,0,connected,56.0809326171875,56.8932113647461,55.280357360839844,56.82501220703125,56.46980285644531,56.05351638793945,55.70695495605469,55.45654296875
2025-06-04 07:24:30,0,connected,56.1126480102539,56.79649353027344,55.574554443359375,56.75196838378906,56.491493225097656,56.077301025390625,55.741004943847656,55.59984588623047
2025-06-04 07:25:00,0,connected,56.07525634765625,56.9280776977539,55.42778015136719,56.90528869628906,56.50700378417969,56.04871368408203,55.63732147216797,55.47779083251953
2025-06-04 07:25:30,0,connected,56.12470245361328,56.770565032958984,55.51854705810547,56.75623321533203,56.46338653564453,56.14820098876953,55.73431396484375,55.537925720214844
2025-06-04 07:26:00,0,connected,56.10955810546875,56.80146789550781,55.307212829589844,56.69660186767578,56.45430374145508,56.11088943481445,55.71416473388672,55.35857009887695
2025-06-04 07:26:30,0,connected,56.19651412963867,56.72265625,55.54383850097656,56.69343566894531,56.47649002075195,56.19142150878906,55.92156982421875,55.66179656982422
2025-06-04 07:27:00,0,connected,56.112701416015625,56.89599609375,55.42821502685547,56.61323547363281,56.390541076660156,56.09327697753906,55.77910232543945,55.49437713623047
2025-06-04 07:27:30,0,connected,56.19097137451172,57.065956115722656,55.1955337524414,56.86224365234375,56.611602783203125,56.17631530761719,55.78938293457031,55.50132751464844
2025-06-04 07:28:00,0,connected,56.141685485839844,56.99861145019531,55.2264404296875,56.819244384765625,56.481361389160156,56.11579895019531,55.818153381347656,55.34617233276367
2025-06-04 07:28:30,0,connected,56.0477180480957,57.21675109863281,55.373939514160156,56.77378463745117,56.36936950683594,56.00282287597656,55.705387115478516,55.4334945678711
2025-06-04 07:29:00,0,connected,56.06165313720703,56.60737609863281,55.5132064819336,56.57422637939453,56.32568359375,56.0522346496582,55.76062774658203,55.53105926513672
2025-06-04 07:29:30,0,connected,56.257083892822266,57.0411376953125,55.673545837402344,56.99433898925781,56.62528991699219,56.201454162597656,55.86326599121094,55.743614196777344
2025-06-04 07:30:00,0,connected,56.294639587402344,57.7120590209961,55.464881896972656,57.494171142578125,57.02418518066406,56.16291046142578,55.687957763671875,55.48143005371094
2025-06-04 07:30:30,0,connected,56.7571144104004,58.340171813964844,55.58186721801758,58.138099670410156,57.64191818237305,56.613075256347656,56.01964569091797,55.63463592529297
2025-06-04 07:31:00,0,connected,56.209510803222656,57.78204345703125,55.28912353515625,57.47638702392578,56.79728317260742,56.0867805480957,55.74627685546875,55.45756149291992
2025-06-04 07:31:30,0,connected,56.6275978088379,57.92048263549805,55.7842788696289,57.854942321777344,57.13817596435547,56.53838348388672,56.14524841308594,55.868202209472656
2025-06-04 07:32:00,0,connected,56.38667297363281,57.727943420410156,55.75384521484375,57.56459045410156,56.75630187988281,56.322052001953125,56.091678619384766,55.7586669921875
2025-06-04 07:32:30,0,connected,56.6000747680664,57.9110984802246,55.516357421875,57.4993896484375,57.15394592285156,56.509796142578125,56.0390625,55.72168731689453
2025-06-04 07:33:00,0,connected,57.093170166015625,58.60985565185547,56.093589782714844,57.87934875488281,57.66865539550781,57.002288818359375,56.522064208984375,56.10390853881836
2025-06-04 07:33:00,0,connected,57.093170166015625,58.60985565185547,56.093589782714844,57.87934875488281,57.66865539550781,57.002288818359375,56.522064208984375,56.10390853881836
2025-06-04 07:33:30,0,connected,58.088531494140625,59.3250503540039,56.97991943359375,59.16825866699219,58.67137908935547,58.026519775390625,57.42411804199219,57.16872024536133
2025-06-04 07:34:00,0,connected,58.08298873901367,59.24833679199219,56.937255859375,59.23552703857422,58.74708938598633,58.00543975830078,57.407676696777344,56.98368835449219
2025-06-04 07:34:30,0,connected,58.47854232788086,59.77946472167969,57.56866455078125,59.256752014160156,58.92802047729492,58.47358703613281,57.95332336425781,57.631072998046875
2025-06-04 07:35:00,0,connected,61.53544235229492,72.7882614135742,58.44858932495117,67.8114700317383,61.9538345336914,60.33666229248047,59.47992706298828,58.44981002807617
2025-06-04 07:35:30,0,connected,60.36333084106445,66.6687698364258,57.88026428222656,64.4996795654297,62.025108337402344,59.87213134765625,58.48285675048828,58.0841064453125
2025-06-04 07:36:00,0,connected,59.78155517578125,61.2497329711914,58.615234375,61.23121643066406,60.81439208984375,59.573333740234375,59.05567932128906,58.653961181640625
2025-06-04 07:36:30,0,connected,59.637176513671875,60.229209899902344,58.87384033203125,60.18424987792969,59.98241424560547,59.64544677734375,59.275115966796875,58.9565200805664
2025-06-04 07:37:00,0,connected,60.26840591430664,63.839996337890625,59.0290298461914,62.249324798583984,61.3714828491211,59.94159698486328,59.378944396972656,59.10646057128906
2025-06-04 07:37:30,0,connected,62.11851119995117,68.93968200683594,59.86602783203125,68.92872619628906,62.6955337524414,61.24882507324219,60.2914047241211,59.9078369140625
2025-06-04 07:38:00,0,connected,62.05445861816406,68.8015594482422,59.69398498535156,66.28206634521484,63.181190490722656,61.51104736328125,60.53319549560547,60.06877136230469
2025-06-04 07:38:30,0,connected,63.05731201171875,68.04183197021484,60.35466766357422,67.65763092041016,64.75807189941406,62.63524627685547,61.00989532470703,60.36534881591797
2025-06-04 07:39:00,0,connected,62.70607376098633,72.3074493408203,60.4496078491211,72.04300689697266,63.015380859375,61.8723030090332,60.87024688720703,60.59083557128906
2025-06-04 07:39:30,0,connected,62.00676727294922,64.46089935302734,60.48432922363281,63.7420654296875,62.9023094177246,61.905311584472656,60.9468002319336,60.558998107910156
2025-06-04 07:40:00,0,connected,62.05461120605469,64.57257080078125,60.33686447143555,63.698455810546875,63.364540100097656,61.88970184326172,60.478694915771484,60.3496322631836
2025-06-04 07:40:30,0,connected,61.0433235168457,63.61870574951172,59.78208923339844,62.16100311279297,61.68104553222656,60.939666748046875,60.35092544555664,60.0323257446289
2025-06-04 07:41:00,0,connected,60.7569808959961,61.63434600830078,59.90106201171875,61.44065856933594,61.13771057128906,60.7247657775879,60.39373016357422,60.21165084838867
2025-06-04 07:41:30,0,connected,61.869537353515625,70.59900665283203,59.851776123046875,70.5771026611328,62.901519775390625,60.721717834472656,60.297515869140625,59.85242462158203
2025-06-04 07:42:00,0,connected,60.20398712158203,60.974246978759766,59.29502868652344,60.96986389160156,60.6591567993164,60.16084289550781,59.71339416503906,59.380062103271484
2025-06-04 07:42:30,0,connected,63.8286247253418,77.12367248535156,59.3987045288086,75.37843322753906,62.1827392578125,60.6120834350586,59.9880599975586,59.419960021972656
2025-06-04 07:43:00,0,connected,60.618167877197266,64.26416015625,58.945037841796875,63.74981689453125,61.78071594238281,60.23596954345703,59.44178009033203,59.23393249511719
2025-06-04 07:43:30,0,connected,59.56244659423828,63.45146942138672,58.3896255493164,62.315635681152344,59.90468215942383,59.49852752685547,58.81207275390625,58.586830139160156
2025-06-04 07:44:00,0,connected,59.13114929199219,68.15280151367188,57.48086166381836,64.2439956665039,59.827423095703125,58.37544631958008,57.9500732421875,57.720375061035156
2025-06-04 07:44:30,0,connected,57.83422088623047,61.5109519958496,56.11948776245117,61.29356384277344,59.281646728515625,57.341758728027344,56.52790069580078,56.15357971191406
2025-06-04 07:45:00,0,connected,56.154144287109375,57.53102111816406,54.98244094848633,57.18687438964844,56.79930877685547,56.08715057373047,55.49525451660156,55.00238800048828
2025-06-04 07:45:30,0,connected,56.064510345458984,57.46805953979492,55.05513381958008,57.319705963134766,57.06243896484375,55.890289306640625,55.38050079345703,55.0763053894043
2025-06-04 07:46:00,0,connected,56.1429557800293,56.86335754394531,55.4627456665039,56.71614074707031,56.498329162597656,56.12443542480469,55.78007507324219,55.58435821533203
2025-06-04 07:46:30,0,connected,56.24327087402344,57.31481170654297,55.0866928100586,57.01829528808594,56.80162811279297,56.21271896362305,55.75260925292969,55.331207275390625
2025-06-04 07:47:00,0,connected,56.24741744995117,57.780548095703125,54.8492431640625,57.4854965209961,56.896636962890625,56.23975372314453,55.417545318603516,55.119842529296875
2025-06-04 07:47:30,0,connected,56.25636672973633,59.68511199951172,54.69902801513672,57.382774353027344,56.95654296875,56.08855056762695,55.36597442626953,54.92167282104492
2025-06-04 07:48:00,0,connected,56.33517837524414,57.427650451660156,54.8511962890625,57.391178131103516,56.9195556640625,56.374298095703125,55.54273986816406,55.05132293701172
2025-06-04 07:48:30,0,connected,55.9489631652832,60.5765037536621,54.82274627685547,57.41933059692383,56.532108306884766,55.827392578125,55.2038345336914,54.96026611328125
2025-06-04 07:49:00,0,connected,57.08341598510742,67.08486938476562,54.7977180480957,64.8623580932617,57.13154983520508,56.12689971923828,55.25273132324219,54.84527587890625
2025-06-04 07:49:30,0,connected,56.05324935913086,57.46324157714844,54.8139877319336,57.3345718383789,56.92998123168945,55.915042877197266,55.05026626586914,54.8582992553711
2025-06-04 07:50:00,0,connected,55.87820053100586,57.81374740600586,54.7049217224121,57.43440246582031,56.6932601928711,55.7392349243164,55.22784423828125,54.81359100341797
2025-06-04 07:50:30,0,connected,56.58314514160156,59.7344741821289,54.98539733886719,59.03678894042969,57.2671127319336,56.528594970703125,55.57698440551758,55.049354553222656
2025-06-04 07:51:00,0,connected,55.95079803466797,57.16883850097656,54.71105194091797,57.01570129394531,56.6910171508789,55.911224365234375,55.15558624267578,54.95857238769531
2025-06-04 07:51:30,0,connected,55.90343475341797,59.0190200805664,54.68213653564453,57.50587463378906,56.80409240722656,55.6357078552246,55.085853576660156,54.69342803955078
2025-06-04 07:52:00,0,connected,56.3257179260254,62.1046371459961,54.79534912109375,58.25892639160156,56.97071075439453,56.1800308227539,55.30632019042969,54.8647232055664
2025-06-04 07:52:30,0,connected,56.446224212646484,58.22004699707031,54.91709518432617,57.86085510253906,57.43775939941406,56.391475677490234,55.402313232421875,54.93644714355469
2025-06-04 07:53:00,0,connected,55.95619583129883,57.817779541015625,54.79138946533203,57.553306579589844,56.995304107666016,55.642822265625,55.04804992675781,54.85982131958008
2025-06-04 07:53:30,0,connected,55.98447799682617,62.75812530517578,54.88108444213867,58.51438903808594,56.75689697265625,55.55371856689453,55.0850830078125,54.95652770996094
2025-06-04 07:54:00,0,connected,55.47840881347656,56.945465087890625,54.522705078125,56.73588943481445,56.12745666503906,55.39616775512695,54.9671859741211,54.60624694824219
2025-06-04 07:54:30,0,connected,55.48077392578125,56.652008056640625,54.535552978515625,56.47248458862305,56.02667999267578,55.44902038574219,54.94260025024414,54.649452209472656
2025-06-04 07:54:30,0,connected,55.48077392578125,56.652008056640625,54.535552978515625,56.47248458862305,56.02667999267578,55.44902038574219,54.94260025024414,54.649452209472656
2025-06-04 07:55:00,0,connected,55.55473709106445,58.38761901855469,54.613037109375,57.22960662841797,55.94080352783203,55.47700500488281,55.0688819885254,54.708526611328125
2025-06-04 07:55:30,0,connected,56.94533920288086,69.23565673828125,54.5624656677246,65.9969024658203,56.079345703125,55.29753112792969,54.9438247680664,54.7503433227539
2025-06-04 07:56:00,0,connected,58.21904373168945,59.367549896240234,57.038360595703125,59.07561111450195,58.81005859375,58.22539520263672,57.621498107910156,57.12567138671875
2025-06-04 07:56:30,0,connected,59.5760612487793,70.20819091796875,55.0033073425293,70.0976333618164,60.49195861816406,57.788238525390625,56.0831298828125,55.04155731201172
2025-06-04 07:57:00,0,connected,56.69727325439453,65.51261138916016,54.498050689697266,64.2498550415039,57.321014404296875,55.62230682373047,55.00258255004883,54.580116271972656
2025-06-04 07:57:30,0,connected,56.5449447631836,65.3946075439453,54.903770446777344,62.5987892150879,56.998016357421875,55.81163024902344,55.419227600097656,55.07197570800781
2025-06-04 07:58:00,0,connected,55.55121612548828,56.91958236694336,54.73653030395508,56.86032485961914,55.85820770263672,55.52995300292969,55.13023376464844,54.872718811035156
2025-06-04 07:58:31,0,connected,55.38469696044922,56.096771240234375,54.67997741699219,55.9231185913086,55.77119445800781,55.361907958984375,55.0219955444336,54.7108154296875
2025-06-04 07:59:00,0,connected,58.77803039550781,68.3107452392578,54.58928680419922,66.98516845703125,61.53866958618164,56.04254150390625,55.08049011230469,54.653995513916016
2025-06-04 07:59:30,0,connected,56.587677001953125,68.3488311767578,54.52927780151367,64.50576782226562,55.8603286743164,55.468265533447266,55.02900695800781,54.63288879394531
2025-06-04 08:00:00,0,connected,55.360877990722656,56.19696807861328,54.5832290649414,56.16669464111328,55.822601318359375,55.3311538696289,54.84529113769531,54.617488861083984
2025-06-04 08:00:30,0,connected,55.19435119628906,55.74006652832031,54.56120300292969,55.725303649902344,55.49181365966797,55.180206298828125,54.85334014892578,54.67292022705078
2025-06-04 08:01:00,0,connected,55.473506927490234,56.52333450317383,54.719329833984375,56.336509704589844,56.00360870361328,55.419227600097656,54.98415756225586,54.858245849609375
2025-06-04 08:01:30,0,connected,55.9177131652832,58.804229736328125,54.5019760131836,57.86595916748047,56.49199295043945,55.77638244628906,55.20588684082031,55.002769470214844
2025-06-04 08:02:00,0,connected,56.36105728149414,58.98216247558594,55.22235870361328,57.65721893310547,57.04743957519531,56.27534484863281,55.48890686035156,55.237247467041016
2025-06-04 08:02:30,0,connected,55.48298645019531,56.90086364746094,54.68821716308594,56.73220443725586,56.14446258544922,55.39605712890625,54.945858001708984,54.70854949951172
2025-06-04 08:03:00,0,connected,55.307655334472656,56.01942443847656,54.400146484375,56.018104553222656,55.73809051513672,55.319091796875,54.854164123535156,54.6037826538086
2025-06-04 08:03:30,0,connected,55.24065017700195,56.141685485839844,54.30112075805664,56.0240821838379,55.6515769958496,55.237335205078125,54.820430755615234,54.45689392089844
2025-06-04 08:04:00,0,connected,61.096065521240234,74.56610107421875,54.03871154785156,73.3392333984375,61.24188995361328,55.9674072265625,54.97296142578125,54.526432037353516
2025-06-04 08:04:30,0,connected,55.9925193786621,59.32261657714844,54.22113800048828,58.83489227294922,57.387516021728516,55.60527038574219,54.872276306152344,54.647247314453125
2025-06-04 08:05:00,0,connected,57.91480255126953,71.1474838256836,54.75199508666992,67.05247497558594,57.97894287109375,55.87461853027344,55.16066360473633,54.9456558227539
2025-06-04 08:05:30,0,connected,56.11948776245117,62.41415786743164,54.4402084350586,59.88739013671875,57.646968841552734,55.431182861328125,54.9878807067871,54.66593551635742
2025-06-04 08:06:00,0,connected,55.6668472290039,59.23576354980469,54.11962890625,58.93549346923828,56.27560806274414,55.361053466796875,54.93475341796875,54.395713806152344
2025-06-04 08:06:30,0,connected,55.5562629699707,57.60334014892578,54.19297790527344,57.036312103271484,56.4837417602539,55.3700180053711,54.896644592285156,54.31172180175781
2025-06-04 08:07:00,0,connected,57.62779235839844,70.64613342285156,54.20553970336914,68.5078125,57.02161407470703,55.467708587646484,54.8400650024414,54.3933982849121
2025-06-04 08:07:30,0,connected,55.32453155517578,56.09336853027344,54.689815521240234,56.020713806152344,55.75305938720703,55.2899284362793,54.935943603515625,54.78399658203125
2025-06-04 08:08:00,0,connected,56.866943359375,63.585655212402344,54.840267181396484,62.45172119140625,58.73735046386719,55.72211456298828,55.139225006103516,54.85828399658203
2025-06-04 08:08:30,0,connected,57.12278747558594,68.2850799560547,54.38096237182617,65.3234329223633,57.8045654296875,55.3829460144043,54.75400161743164,54.5126609802246
2025-06-04 08:09:00,0,connected,56.13868713378906,66.6005630493164,54.61761474609375,60.99937438964844,56.428749084472656,55.3268051147461,54.85804748535156,54.67339324951172
2025-06-04 08:09:30,0,connected,55.7039451599121,59.58079147338867,54.2301025390625,59.23674392700195,56.934486389160156,55.369022369384766,54.7442398071289,54.324951171875
2025-06-04 08:10:00,0,connected,58.44377517700195,73.024658203125,54.34259033203125,66.82351684570312,58.84339904785156,55.36326217651367,54.8780174255371,54.4803352355957
2025-06-04 08:10:30,0,connected,55.781333923339844,62.28474807739258,54.48168182373047,61.310394287109375,56.19481658935547,55.28386688232422,54.862945556640625,54.603118896484375
2025-06-04 08:11:00,0,connected,55.63704299926758,63.041507720947266,54.39463424682617,56.39606475830078,56.0338363647461,55.39484405517578,54.92462158203125,54.56007385253906
2025-06-04 08:11:30,0,connected,55.7874412536621,61.34572219848633,54.52478790283203,60.580078125,56.53694152832031,55.33030319213867,54.881187438964844,54.55260467529297
2025-06-04 08:12:00,0,connected,55.23651123046875,60.830078125,54.3928451538086,56.481449127197266,55.5211410522461,55.12052917480469,54.57776641845703,54.39881896972656
2025-06-04 08:12:30,0,connected,60.17778396606445,75.47650146484375,54.6535415649414,74.416748046875,55.98541259765625,55.291542053222656,54.979461669921875,54.67204284667969
2025-06-04 08:13:00,0,connected,55.30585479736328,56.85566711425781,54.747886657714844,56.29957962036133,55.678863525390625,55.25506591796875,54.881439208984375,54.757850646972656
2025-06-04 08:13:30,0,connected,55.62474822998047,57.840370178222656,54.49798583984375,56.99031066894531,56.39494705200195,55.49695587158203,54.91936492919922,54.54612731933594
2025-06-04 08:14:00,0,connected,55.23593521118164,55.90643310546875,54.38862991333008,55.77029037475586,55.59318542480469,55.21803665161133,54.829193115234375,54.52247619628906
2025-06-04 08:14:30,0,connected,55.346248626708984,57.29510498046875,54.634185791015625,55.92711639404297,55.749351501464844,55.31157684326172,54.908119201660156,54.652069091796875
2025-06-04 08:15:00,0,connected,55.26762008666992,55.978546142578125,54.4354248046875,55.91228485107422,55.632083892822266,55.257537841796875,54.902252197265625,54.579620361328125
2025-06-04 08:15:00,0,connected,55.26762008666992,55.978546142578125,54.4354248046875,55.91228485107422,55.632083892822266,55.257537841796875,54.902252197265625,54.579620361328125
2025-06-04 08:15:30,0,connected,55.167179107666016,55.92253494262695,54.373992919921875,55.74737548828125,55.558650970458984,55.16582489013672,54.75627899169922,54.53948974609375
2025-06-04 08:16:00,0,connected,55.2319221496582,56.4317970275879,54.681766510009766,55.87147521972656,55.57081985473633,55.19980239868164,54.865291595458984,54.69903564453125
2025-06-04 08:16:30,0,connected,55.218223571777344,56.34724426269531,54.451690673828125,55.88551712036133,55.609920501708984,55.21494674682617,54.76362609863281,54.5859375
2025-06-04 08:17:00,0,connected,55.154083251953125,56.07434844970703,54.360923767089844,55.9375991821289,55.67364501953125,55.102691650390625,54.7531394958496,54.47107696533203
2025-06-04 08:17:30,0,connected,55.2352294921875,57.93323516845703,54.51886749267578,57.403968811035156,55.691680908203125,55.12939453125,54.690887451171875,54.5312728881836
2025-06-04 08:18:00,0,connected,55.028038024902344,56.0091781616211,54.1367073059082,55.80662536621094,55.38115310668945,55.00334167480469,54.623741149902344,54.47528076171875
2025-06-04 08:18:30,0,connected,55.29976272583008,59.50071716308594,54.067413330078125,58.03208923339844,55.7908935546875,55.093833923339844,54.7760124206543,54.24061584472656
2025-06-04 08:19:00,0,connected,57.19285583496094,68.9790802001953,53.98069763183594,62.92592239379883,58.78458786010742,55.5381851196289,54.63549041748047,54.198123931884766
2025-06-04 08:19:30,0,connected,57.9067153930664,67.81461334228516,54.03135681152344,66.70379638671875,61.08845901489258,54.8395004272461,54.36482620239258,54.108341217041016
2025-06-04 08:20:00,0,connected,55.0639533996582,63.24925994873047,54.06544494628906,57.65508270263672,55.2016830444336,54.73662567138672,54.30747985839844,54.16447448730469
2025-06-04 08:20:30,0,connected,55.02985763549805,56.720252990722656,54.06219482421875,56.586021423339844,55.431243896484375,54.9693374633789,54.52519226074219,54.07209777832031
2025-06-04 08:21:00,0,connected,54.95777893066406,55.7269287109375,54.07890319824219,55.54481506347656,55.308101654052734,54.949546813964844,54.56169128417969,54.23866271972656
2025-06-04 08:21:30,0,connected,54.834999084472656,57.018646240234375,54.05702209472656,55.417564392089844,55.139686584472656,54.79553985595703,54.50059509277344,54.09654998779297
2025-06-04 08:22:00,0,connected,55.120811462402344,55.75267028808594,54.01731872558594,55.64460754394531,55.494667053222656,55.155513763427734,54.70463562011719,54.288612365722656
2025-06-04 08:22:30,0,connected,55.0805549621582,55.66729736328125,54.53406524658203,55.64459991455078,55.44596481323242,55.063072204589844,54.71690368652344,54.5367431640625
2025-06-04 08:23:00,0,connected,55.788299560546875,58.5007095336914,54.360198974609375,57.77643966674805,56.59015655517578,55.671451568603516,54.84757614135742,54.40772247314453
2025-06-04 08:23:30,0,connected,55.79892349243164,57.462310791015625,54.612884521484375,56.9261245727539,56.54734420776367,55.63273239135742,55.04216003417969,54.72264862060547
2025-06-04 08:24:00,0,connected,56.08795928955078,57.32721710205078,54.53733825683594,57.20795822143555,56.81317138671875,56.05437088012695,55.28940963745117,54.64532470703125
2025-06-04 08:24:30,0,connected,55.79584884643555,57.13682556152344,54.56800079345703,56.9268569946289,56.58327865600586,55.608184814453125,55.0328598022461,54.786048889160156
2025-06-04 08:25:00,0,connected,55.994590759277344,59.21495056152344,54.5837173461914,57.387123107910156,56.80426025390625,55.81858825683594,55.10312271118164,54.798797607421875
2025-06-04 08:25:30,0,connected,56.770748138427734,63.447723388671875,54.58845901489258,62.38398361206055,58.21954345703125,55.59093475341797,55.001502990722656,54.72309875488281
2025-06-04 08:26:00,0,connected,55.234947204589844,56.220550537109375,54.496124267578125,56.10533142089844,55.6969985961914,55.20758056640625,54.7413101196289,54.4986228942871
2025-06-04 08:26:30,0,connected,55.0868797302246,56.19920349121094,54.225555419921875,55.87609100341797,55.564056396484375,55.01020050048828,54.69715881347656,54.42150115966797
2025-06-04 08:27:00,0,connected,57.21134948730469,69.66534423828125,54.50395202636719,63.842620849609375,57.8820571899414,55.45207214355469,54.91460418701172,54.677452087402344
2025-06-04 08:27:30,0,connected,60.1838607788086,73.96383666992188,54.35955047607422,69.3904037475586,62.665771484375,55.26348876953125,54.7305793762207,54.376502990722656
2025-06-04 11:43:00,0,connected,60.89868927001953,65.65243530273438,52.58005905151367,65.5928421020508,63.89436340332031,60.17350387573242,55.6194953918457,52.75849914550781
2025-06-04 11:43:30,0,connected,61.549598693847656,70.04571533203125,52.442230224609375,68.4391632080078,64.48080444335938,60.01881408691406,54.3433494567871,52.608062744140625
2025-06-04 12:07:00,0,connected,60.0319938659668,68.57034301757812,53.754676818847656,68.4887161254883,63.093994140625,57.140106201171875,54.48401641845703,53.97566223144531
2025-06-04 12:07:30,0,connected,56.5296745300293,63.3605728149414,53.96124267578125,61.91775131225586,58.58861541748047,55.490928649902344,54.45695495605469,54.112945556640625
2025-06-04 12:08:00,0,connected,60.91271209716797,66.61456298828125,55.10353088378906,66.4945297241211,63.9693832397461,59.56341552734375,57.05296325683594,55.104034423828125
2025-06-04 12:08:30,0,connected,63.8684310913086,73.10308837890625,55.17558288574219,72.01402282714844,67.3105697631836,61.495025634765625,57.55885314941406,55.48720169067383
2025-06-04 12:09:00,0,connected,64.27979278564453,73.46582794189453,55.73258590698242,71.5173873901367,68.0355911254883,61.96434783935547,58.236175537109375,56.320735931396484
2025-06-04 12:09:30,0,connected,62.10783004760742,70.9970169067383,55.5679054260254,68.6286163330078,64.75779724121094,60.92176055908203,56.79310607910156,55.863685607910156
2025-06-04 12:10:00,0,connected,60.5511245727539,68.8833694458008,55.10375213623047,66.9817352294922,62.539913177490234,59.46197509765625,56.644073486328125,55.5728530883789
2025-06-04 12:10:30,0,connected,59.89006042480469,67.2978744506836,55.49428176879883,66.98217010498047,61.85263442993164,58.02214813232422,56.4727783203125,55.68083953857422
2025-06-04 12:11:00,0,connected,63.4466209411621,71.56752014160156,56.741905212402344,70.75491333007812,66.90345001220703,60.86033630371094,57.37977600097656,56.87060546875
2025-06-04 12:11:30,0,connected,61.632328033447266,69.60218811035156,55.94147491455078,68.92221069335938,64.9596405029297,59.86793518066406,57.2967300415039,56.2938232421875
2025-06-04 12:12:00,0,connected,59.3324089050293,66.0133056640625,55.4450912475586,65.3666229248047,60.78834533691406,58.40446472167969,56.352298736572266,55.96150588989258
2025-06-04 12:12:30,0,connected,60.55518341064453,69.89352416992188,54.51710891723633,69.4655303955078,63.94093322753906,57.9342041015625,55.5559310913086,54.88467025756836
2025-06-04 12:13:00,0,connected,63.3411865234375,71.25426483154297,54.194374084472656,70.5085220336914,67.70072174072266,60.530826568603516,56.10509490966797,54.62773895263672
2025-06-04 12:13:30,0,connected,61.89992904663086,70.75291442871094,54.39149475097656,68.0560760498047,65.7046127319336,58.78020095825195,56.23357391357422,54.47972869873047
2025-06-04 12:14:00,0,connected,59.90449523925781,66.97544860839844,53.02641677856445,66.60716247558594,63.15080261230469,57.873687744140625,54.44540786743164,53.41835021972656
2025-06-04 12:14:30,0,connected,56.20412826538086,62.34478759765625,53.2216567993164,61.15020751953125,58.0438003540039,55.5529899597168,53.792022705078125,53.48149871826172
2025-06-04 12:15:00,0,connected,57.9575424194336,68.46902465820312,53.25090026855469,67.54769897460938,60.7980613708496,54.96779251098633,53.68914031982422,53.29228973388672
2025-06-04 12:15:30,0,connected,56.055965423583984,62.36345672607422,53.25617980957031,62.135337829589844,57.75961685180664,55.336734771728516,54.090293884277344,53.54084777832031
2025-06-04 12:16:00,0,connected,56.15204620361328,61.82780456542969,53.3822135925293,60.50395965576172,58.873626708984375,54.88887023925781,53.70557403564453,53.393985748291016
2025-06-04 12:16:30,0,connected,58.2345962524414,68.50167083740234,53.32663345336914,66.0367660522461,61.93711853027344,55.207916259765625,53.758819580078125,53.34605026245117
2025-06-04 12:17:00,0,connected,57.2583236694336,68.92029571533203,53.36714172363281,68.52474975585938,57.31880187988281,54.04058837890625,53.69389343261719,53.37834548950195
2025-06-04 12:17:00,0,connected,57.2583236694336,68.92029571533203,53.36714172363281,68.52474975585938,57.31880187988281,54.04058837890625,53.69389343261719,53.37834548950195
2025-06-04 12:17:30,0,connected,56.4110984802246,70.79428100585938,53.11225128173828,66.33634185791016,56.05238723754883,53.984092712402344,53.52374267578125,53.36054229736328
2025-06-04 12:18:00,0,connected,55.16762924194336,61.42607116699219,53.0993423461914,61.33959197998047,56.75853729248047,54.0010986328125,53.50535202026367,53.18239974975586
2025-06-04 12:18:31,0,connected,62.97822570800781,76.64453887939453,53.62413024902344,76.4866409301758,63.106563568115234,55.49200439453125,54.1692886352539,53.6436996459961
2025-06-04 12:19:00,0,connected,57.16483688354492,64.47991943359375,54.01746368408203,64.4392852783203,59.65446472167969,55.296669006347656,54.33692169189453,54.0557632446289
2025-06-04 12:19:30,0,connected,56.4019432067871,62.15110778808594,53.878692626953125,62.12580871582031,58.38011932373047,54.996612548828125,54.221954345703125,53.9156494140625
2025-06-04 12:20:00,0,connected,57.023109436035156,62.749839782714844,53.724124908447266,62.65607452392578,59.8821029663086,55.60884094238281,54.225555419921875,53.97992706298828
2025-06-04 12:20:30,0,connected,57.36655044555664,67.70242309570312,53.63063049316406,65.24373626708984,59.69389724731445,55.17499542236328,54.0931625366211,53.77763366699219
2025-06-04 12:21:00,0,connected,57.22584533691406,61.902591705322266,53.80144500732422,61.88559341430664,59.867759704589844,56.20835876464844,54.259613037109375,53.83720397949219
2025-06-04 12:21:30,0,connected,59.09701919555664,69.7194290161133,53.82101821899414,67.36984252929688,61.23554992675781,56.5863037109375,54.217247009277344,53.91278076171875
2025-06-04 12:22:00,0,connected,60.36886978149414,68.34201049804688,54.00621795654297,66.4772491455078,63.71099090576172,58.9071159362793,54.60466003417969,54.01232147216797
2025-06-04 12:22:30,0,connected,58.06724166870117,69.0044174194336,53.948760986328125,65.5485076904297,60.21002960205078,56.067020416259766,54.41259765625,54.05485534667969
2025-06-04 12:23:00,0,connected,57.63799285888672,64.32435607910156,53.94166564941406,62.96864318847656,60.97325897216797,56.3521728515625,54.730682373046875,54.36228942871094
2025-06-04 12:23:30,0,connected,55.71258544921875,59.58729934692383,53.96842956542969,59.57127380371094,57.09064483642578,55.16440200805664,54.453033447265625,54.133148193359375
2025-06-04 12:24:00,0,connected,57.00865173339844,65.13648986816406,54.24103546142578,64.5506820678711,59.51466751098633,55.5452880859375,54.50048065185547,54.30137634277344
2025-06-04 12:24:30,0,connected,56.04418182373047,64.07676696777344,53.97111511230469,60.72331619262695,58.2291488647461,54.81591033935547,54.162418365478516,53.977535247802734
2025-06-04 12:25:00,0,connected,55.2189064025879,58.804195404052734,53.981292724609375,58.0435791015625,56.19078826904297,54.93567657470703,54.35197448730469,54.03105926513672
2025-06-04 12:25:30,0,connected,59.00196838378906,67.3770294189453,54.27351760864258,66.3547821044922,62.40830993652344,56.51275634765625,54.64170837402344,54.37318420410156
2025-06-04 12:26:00,0,connected,58.3465461730957,64.58543395996094,54.38874816894531,64.1441879272461,62.03032302856445,56.31993865966797,54.9986343383789,54.61412048339844
2025-06-04 12:26:30,0,connected,58.403167724609375,65.93680572509766,53.281768798828125,65.4593048095703,61.3079719543457,56.422298431396484,54.248779296875,53.59968948364258
2025-06-04 12:27:00,0,connected,55.79277038574219,69.8541259765625,53.20703887939453,59.544193267822266,56.362709045410156,53.90791320800781,53.4954605102539,53.30751037597656
2025-06-04 12:27:30,0,connected,54.446414947509766,57.13441467285156,53.05486297607422,57.061336517333984,55.24330139160156,54.2544059753418,53.56800842285156,53.24513244628906
2025-06-04 12:28:00,0,connected,59.197174072265625,67.0468978881836,53.36372375488281,66.21598052978516,62.06532669067383,57.160850524902344,54.52027130126953,53.844932556152344
2025-06-04 12:28:30,0,connected,56.776405334472656,66.1896743774414,53.507354736328125,60.9300537109375,58.612754821777344,55.570472717285156,54.410526275634766,53.69316101074219
2025-06-04 12:29:00,0,connected,57.5887794494629,68.77806854248047,53.69402313232422,68.0976028442383,57.91969299316406,54.887821197509766,53.9275894165039,53.71437072753906
2025-06-04 12:29:30,0,connected,57.144447326660156,64.99566650390625,53.53544616699219,64.0852508544922,59.44854736328125,55.44587326049805,54.042030334472656,53.65984344482422
2025-06-04 12:30:00,0,connected,55.579063415527344,65.47000122070312,53.63685607910156,61.66139221191406,57.00194549560547,54.373260498046875,53.83142852783203,53.71221160888672
2025-06-05 10:56:00,0,connected,56.68296432495117,59.250518798828125,55.1027946472168,59.02561950683594,57.49517059326172,56.65907287597656,55.54962921142578,55.1275520324707
2025-06-05 10:56:30,0,connected,56.128299713134766,57.75981140136719,54.94780349731445,57.57981872558594,57.074256896972656,55.937068939208984,55.278526306152344,54.97761917114258
2025-06-05 10:56:30,0,connected,56.128299713134766,57.75981140136719,54.94780349731445,57.57981872558594,57.074256896972656,55.937068939208984,55.278526306152344,54.97761917114258
2025-06-05 10:57:00,0,connected,57.017269134521484,63.49723815917969,54.86988067626953,61.47893524169922,58.4704818725586,56.26662063598633,55.48731231689453,55.08903503417969
2025-06-05 10:57:30,0,connected,57.18067932128906,59.10113525390625,54.8013572692871,59.056190490722656,58.27154541015625,57.124759674072266,55.68980407714844,55.08882141113281
2025-06-05 10:58:00,0,connected,57.190364837646484,60.21916580200195,55.225460052490234,58.93511962890625,58.140052795410156,57.13410186767578,55.8963508605957,55.29677200317383
2025-06-05 10:58:30,0,connected,60.572967529296875,77.34597778320312,55.173011779785156,65.393310546875,60.44416046142578,56.9111099243164,55.81193161010742,55.30470657348633
2025-06-05 10:59:00,0,connected,60.74726104736328,69.32952880859375,55.52067947387695,66.9081268310547,64.12710571289062,58.92683792114258,56.23118591308594,55.650787353515625
2025-06-05 10:59:30,0,connected,57.18352127075195,61.3464241027832,55.368438720703125,61.278141021728516,58.698692321777344,56.46448516845703,55.7765121459961,55.59098815917969
2025-06-05 11:00:00,0,connected,58.4849967956543,68.2258529663086,55.11474609375,67.63533782958984,59.82069396972656,55.9959945678711,55.508148193359375,55.2676773071289
2025-06-05 11:00:30,0,connected,56.13189697265625,59.93516540527344,55.16972732543945,57.77337646484375,56.675498962402344,55.95216369628906,55.5452651977539,55.2633285522461
2025-06-05 11:01:00,0,connected,55.861610412597656,56.740760803222656,55.20679473876953,56.6312141418457,56.24497604370117,55.841278076171875,55.413169860839844,55.2202491760254
2025-06-05 11:01:30,0,connected,55.437992095947266,56.043731689453125,54.87474822998047,56.004310607910156,55.73478698730469,55.43096923828125,55.084388732910156,54.93157958984375
2025-06-05 11:02:00,0,connected,55.707218170166016,61.81096649169922,54.62098693847656,61.002235412597656,55.9610481262207,55.35688018798828,55.03790283203125,54.77775573730469
2025-06-05 11:02:30,0,connected,58.0724754333496,69.67613220214844,54.56076431274414,67.73145294189453,59.07836151123047,55.529388427734375,55.03631591796875,54.70061492919922
2025-06-05 11:03:00,0,connected,56.2424087524414,64.94336700439453,54.54728698730469,61.1069564819336,56.10124206542969,55.52726745605469,55.12506866455078,54.8088722229004
2025-06-05 11:03:30,0,connected,57.08356475830078,65.72593688964844,54.943443298339844,64.30203247070312,57.19411087036133,56.204463958740234,55.41426086425781,54.95698165893555
2025-06-05 11:04:00,0,connected,56.91490173339844,63.91455078125,55.109214782714844,63.039306640625,57.2488021850586,56.34436798095703,55.66377258300781,55.1504249572754
2025-06-05 11:04:30,0,connected,57.78122329711914,65.93788146972656,55.025062561035156,64.89073944091797,58.47161865234375,56.975257873535156,55.865516662597656,55.080360412597656
2025-06-05 11:05:00,0,connected,57.380367279052734,60.58831787109375,55.261314392089844,60.14365005493164,58.659908294677734,57.1677131652832,55.75548553466797,55.29826354980469
2025-06-05 11:05:30,0,connected,57.891632080078125,64.1145553588867,55.0640640258789,64.0412826538086,59.45769119262695,57.07868194580078,55.51288604736328,55.1456184387207
2025-06-05 11:06:00,0,connected,58.510536193847656,66.58380126953125,55.11346435546875,66.31565856933594,60.70246505737305,57.170692443847656,55.64234161376953,55.2528305053711
2025-06-05 11:06:30,0,connected,60.74530792236328,71.1376419067383,55.48072814941406,70.0030288696289,63.9427719116211,56.85805130004883,55.98075866699219,55.5341796875
2025-06-05 11:07:00,0,connected,61.61378860473633,73.3848114013672,55.69582748413086,71.3921432495117,65.4384765625,57.330528259277344,56.07831573486328,55.7186508178711
2025-06-05 11:07:30,0,connected,61.08592987060547,70.8208770751953,54.96809387207031,67.83314514160156,64.6620101928711,58.34138488769531,56.95927429199219,55.913902282714844
2025-06-05 11:08:00,0,connected,59.28748321533203,67.48436737060547,55.609375,66.7781524658203,62.043914794921875,57.516937255859375,56.133514404296875,55.69598388671875
2025-06-05 11:08:30,0,connected,56.592254638671875,58.16905975341797,55.2636604309082,57.931312561035156,57.43482208251953,56.445404052734375,55.77947235107422,55.35727310180664
2025-06-05 11:09:00,0,connected,56.4446029663086,57.81195068359375,54.835899353027344,57.59967803955078,57.37200927734375,56.51439666748047,55.35491180419922,54.90117645263672
2025-06-05 11:09:30,0,connected,56.544219970703125,57.63127517700195,54.8556022644043,57.571258544921875,57.31126403808594,56.56193542480469,55.57020950317383,54.95674133300781
2025-06-05 11:10:00,0,connected,56.025936126708984,57.84873962402344,54.681732177734375,57.69471740722656,56.91578674316406,55.93938064575195,55.101139068603516,54.69862365722656
2025-06-05 11:10:30,0,connected,57.12258529663086,60.93461227416992,55.023597717285156,60.0826759338379,58.27793884277344,56.94978332519531,55.64763641357422,55.06452178955078
2025-06-05 11:11:00,0,connected,57.44801712036133,62.700897216796875,54.79372787475586,62.48478698730469,58.66996765136719,57.00569152832031,55.5757064819336,55.02054977416992
2025-06-05 11:11:30,0,connected,57.66719436645508,63.04905700683594,55.07118225097656,62.7141342163086,58.8412857055664,57.483551025390625,55.562744140625,55.11952209472656
2025-06-05 11:12:00,0,connected,58.05394744873047,67.5327911376953,55.411197662353516,64.5648422241211,59.257164001464844,57.24217987060547,55.977455139160156,55.45012283325195
2025-06-05 11:12:30,0,connected,58.48552322387695,64.47461700439453,55.413272857666016,64.2428665161133,61.2137336730957,57.38914489746094,56.177650451660156,55.5177993774414
2025-06-05 11:13:00,0,connected,56.3366470336914,62.80043411254883,55.38734436035156,57.75037384033203,56.78330993652344,56.1187858581543,55.58135986328125,55.42210388183594
2025-06-05 11:13:30,0,connected,56.1045265197754,57.808074951171875,55.302494049072266,57.5519027709961,56.778358459472656,55.99818420410156,55.6308479309082,55.354888916015625
2025-06-05 11:14:00,0,connected,55.77833557128906,56.64752960205078,55.179595947265625,56.48320388793945,56.100677490234375,55.73683166503906,55.46189498901367,55.214805603027344
2025-06-05 11:14:30,0,connected,55.99831771850586,56.759552001953125,55.140777587890625,56.7525863647461,56.41297149658203,55.98467254638672,55.6011848449707,55.1958236694336
2025-06-05 11:15:00,0,connected,55.82676315307617,56.61589813232422,54.83411407470703,56.503143310546875,56.1856575012207,55.82470703125,55.479557037353516,55.2308006286621
2025-06-05 11:15:30,0,connected,56.41265106201172,65.03488159179688,54.89934539794922,63.10737609863281,56.32715606689453,55.59733200073242,55.16057586669922,54.92223358154297
2025-06-05 11:16:00,0,connected,55.60778045654297,56.30718994140625,54.835330963134766,56.26991271972656,56.09291076660156,55.59239959716797,55.179840087890625,54.895263671875
2025-06-05 11:16:30,0,connected,55.62165451049805,57.24122619628906,54.9883041381836,56.8578872680664,55.98077392578125,55.58435821533203,55.16265106201172,54.999107360839844
2025-06-05 11:17:00,0,connected,59.82802963256836,69.19822692871094,55.13768768310547,67.74365234375,64.48292541503906,56.4489517211914,55.529876708984375,55.14219665527344
2025-06-05 11:17:00,0,connected,59.82802963256836,69.19822692871094,55.13768768310547,67.74365234375,64.48292541503906,56.4489517211914,55.529876708984375,55.14219665527344
2025-06-05 11:17:30,0,connected,56.31913375854492,59.56072235107422,55.02660369873047,58.7497329711914,57.29836654663086,56.006343841552734,55.3631591796875,55.0849838256836
2025-06-05 11:18:00,0,connected,56.917633056640625,63.24250411987305,54.764739990234375,60.01594543457031,57.707340240478516,56.74615478515625,55.60971450805664,54.9176025390625
2025-06-05 11:18:30,0,connected,56.5223159790039,59.17368698120117,54.91676330566406,57.82743835449219,57.3554458618164,56.50938415527344,55.5000991821289,55.03509521484375
2025-06-05 11:19:00,0,connected,56.40509796142578,57.878787994384766,54.797645568847656,57.823944091796875,57.35137939453125,56.34618377685547,55.29670715332031,54.902801513671875
2025-06-05 11:19:30,0,connected,57.3900260925293,66.4854736328125,54.78834533691406,65.0557403564453,57.56716537475586,56.51799392700195,55.296302795410156,54.92218017578125
2025-06-05 11:20:00,0,connected,56.428672790527344,57.98223114013672,54.88570022583008,57.663726806640625,57.22486114501953,56.41548156738281,55.51148986816406,55.093589782714844
2025-06-05 11:20:30,0,connected,59.47596740722656,71.12442779541016,54.959747314453125,70.41592407226562,60.22108840942383,56.098960876464844,55.56880187988281,55.12718200683594
2025-06-05 11:21:00,0,connected,58.9303321838379,70.5470504760742,56.34825897216797,65.52259063720703,58.73891067504883,57.29705810546875,56.668975830078125,56.39073944091797
2025-06-05 11:21:30,0,connected,56.58513641357422,57.99873352050781,55.4021987915039,57.972740173339844,57.503265380859375,56.38869094848633,55.78074264526367,55.486541748046875
2025-06-05 11:22:00,0,connected,56.87881088256836,61.6326904296875,55.2957649230957,60.51310348510742,57.645469665527344,56.58740234375,55.9569091796875,55.79943084716797
2025-06-05 11:22:30,0,connected,56.56715774536133,63.583168029785156,55.01586151123047,59.8965950012207,57.624107360839844,55.93744659423828,55.31385040283203,55.11314392089844
2025-06-05 11:23:00,0,connected,58.23865509033203,65.3448257446289,55.14262008666992,63.7869873046875,60.4193115234375,57.39180374145508,55.891326904296875,55.213443756103516
2025-06-05 11:23:30,0,connected,57.967193603515625,62.39860534667969,55.779144287109375,60.38855743408203,59.027099609375,57.748870849609375,56.536163330078125,55.86235046386719
2025-06-05 11:24:00,0,connected,59.14202880859375,68.4794921875,55.0702896118164,66.83534240722656,60.329742431640625,56.99333953857422,55.65814208984375,55.24610900878906
2025-06-05 11:24:30,0,connected,61.404205322265625,70.52913665771484,55.36102294921875,69.86573791503906,63.879669189453125,59.3710823059082,55.985748291015625,55.470706939697266
2025-06-05 11:25:00,0,connected,59.78907775878906,67.90728759765625,55.51847839355469,66.3623580932617,62.284515380859375,58.2144775390625,56.74568176269531,55.80954360961914
2025-06-05 11:25:30,0,connected,59.89321517944336,69.7352828979492,56.55638885498047,67.9668197631836,61.6704444885254,57.92103958129883,57.0392074584961,56.615638732910156
2025-06-05 11:26:00,0,connected,59.2290153503418,66.9984359741211,55.852989196777344,63.1430892944336,61.557186126708984,58.233428955078125,56.388343811035156,56.02782440185547
2025-06-05 11:26:30,0,connected,59.44567108154297,67.6032257080078,55.03913116455078,66.68780517578125,63.54207229614258,56.05891418457031,55.38087463378906,55.04570007324219
2025-06-05 11:27:00,0,connected,59.34785461425781,67.91949462890625,55.137786865234375,67.09268188476562,63.07149124145508,56.93539810180664,55.858070373535156,55.391693115234375
2025-06-05 11:27:30,0,connected,59.1982765197754,66.8871612548828,55.34929656982422,66.0619659423828,60.85942459106445,58.387786865234375,56.00352478027344,55.382774353027344
2025-06-05 11:28:00,0,connected,57.7213134765625,62.02109146118164,55.3923568725586,60.89524841308594,59.2788963317871,57.26739501953125,55.7373046875,55.3935890197754
2025-06-05 11:28:30,0,connected,57.43574142456055,63.545597076416016,55.1199607849121,59.7549705505371,58.49542236328125,57.14952087402344,56.12519836425781,55.20484161376953
2025-06-05 11:29:00,0,connected,60.33835220336914,73.9841537475586,54.96503448486328,72.7732696533203,59.07268524169922,56.43896484375,55.557090759277344,55.08283233642578
2025-06-05 11:29:30,0,connected,56.94369888305664,60.67853546142578,55.37717056274414,58.76143264770508,57.78300476074219,56.830875396728516,55.83946228027344,55.46122360229492
2025-06-05 11:30:00,0,connected,57.00872039794922,58.54132843017578,55.416107177734375,58.38445281982422,57.85961151123047,56.9771499633789,56.042964935302734,55.68689727783203
2025-06-05 11:30:30,0,connected,57.63835144042969,58.82997131347656,56.2271499633789,58.602783203125,58.4155044555664,57.60362243652344,56.88079833984375,56.446075439453125
2025-06-05 11:31:00,0,connected,57.14882278442383,58.08306121826172,55.7197265625,58.07024383544922,57.80500793457031,57.20610809326172,56.15022277832031,55.74517822265625
2025-06-05 11:31:30,0,connected,57.165706634521484,58.85261535644531,55.78881072998047,58.40154266357422,57.931060791015625,57.07012176513672,56.258087158203125,55.94073486328125
2025-06-05 11:32:00,0,connected,58.25504684448242,69.1209716796875,55.80900573730469,64.6156997680664,58.30140686035156,57.03382873535156,56.16058349609375,55.942588806152344
2025-06-05 11:32:30,0,connected,58.2597312927246,66.50436401367188,56.1075325012207,66.30694580078125,58.674468994140625,57.196197509765625,56.40369415283203,56.11390686035156
2025-06-05 11:33:00,0,connected,57.231319427490234,61.60606384277344,55.686370849609375,60.48149108886719,58.09623718261719,57.00001907348633,56.17598342895508,55.9205551147461
2025-06-05 11:33:30,0,connected,56.49656677246094,57.8328857421875,55.55918884277344,57.64821243286133,57.13849639892578,56.47517013549805,55.78434753417969,55.561065673828125
2025-06-05 11:34:00,0,connected,56.849700927734375,61.854522705078125,55.72021484375,60.53321075439453,57.5216941833496,56.51216125488281,56.00617980957031,55.73809051513672
2025-06-05 11:34:30,0,connected,57.778846740722656,62.433990478515625,56.47621154785156,61.67893600463867,58.507293701171875,57.5204849243164,56.787479400634766,56.4764175415039
2025-06-05 11:35:00,0,connected,57.51142501831055,59.80817413330078,56.11248779296875,59.11711502075195,58.57915496826172,57.236087799072266,56.67478942871094,56.216861724853516
2025-06-05 11:35:30,0,connected,57.882408142089844,61.01668167114258,56.63568115234375,60.57037353515625,58.83164596557617,57.60292053222656,56.965484619140625,56.71234130859375
2025-06-05 11:36:00,0,connected,58.4381217956543,60.69309997558594,57.16547775268555,60.50647735595703,59.241127014160156,58.23902130126953,57.6113395690918,57.3260269165039
2025-06-05 11:36:30,0,connected,58.8241195678711,60.83343505859375,57.22059631347656,60.7302474975586,59.743743896484375,58.72509002685547,57.712242126464844,57.35331344604492
2025-06-05 11:37:00,0,connected,59.63984680175781,63.599395751953125,57.388267517089844,62.6244125366211,60.92107391357422,59.4369010925293,58.10520935058594,57.677001953125
2025-06-05 11:37:30,0,connected,58.6171646118164,63.452213287353516,56.82472229003906,61.275299072265625,60.008392333984375,58.21745300292969,57.39372253417969,57.04264450073242
2025-06-05 11:37:30,0,connected,58.6171646118164,63.452213287353516,56.82472229003906,61.275299072265625,60.008392333984375,58.21745300292969,57.39372253417969,57.04264450073242
2025-06-05 11:38:00,0,connected,57.8599624633789,60.337677001953125,56.53588104248047,60.1886215209961,58.89570617675781,57.56199645996094,56.88841247558594,56.589637756347656
2025-06-05 11:38:30,0,connected,58.42692565917969,61.38960647583008,56.46052551269531,60.78057861328125,59.727542877197266,58.1366958618164,57.21656036376953,56.68647003173828
2025-06-05 11:39:00,0,connected,58.65947723388672,62.510780334472656,56.486663818359375,61.79850769042969,60.02031707763672,58.28053283691406,57.240692138671875,56.587074279785156
2025-06-05 11:39:30,0,connected,57.340328216552734,58.882511138916016,56.24486541748047,58.76873016357422,58.00382995605469,57.2286376953125,56.60529327392578,56.4104232788086
2025-06-05 11:40:00,0,connected,57.1342544555664,62.25499725341797,56.12379455566406,58.86024475097656,57.59668731689453,57.00190734863281,56.53245544433594,56.24846267700195
2025-06-06 23:45:00,0,connected,61.89799118041992,62.41667175292969,61.353721618652344,62.39540100097656,62.18817901611328,61.87963104248047,61.63593292236328,61.38677978515625
2025-06-06 23:45:30,0,connected,61.8929214477539,62.4278793334961,61.19956970214844,62.28778839111328,62.15917205810547,61.86681365966797,61.60471725463867,61.31756591796875
2025-06-06 23:46:00,0,connected,61.81528091430664,62.42749786376953,61.238529205322266,62.19828796386719,62.00624084472656,61.81281280517578,61.59803009033203,61.38020324707031
2025-06-06 23:46:30,0,connected,61.876644134521484,62.39824676513672,61.3370132446289,62.34275817871094,62.206207275390625,61.844547271728516,61.5648536682129,61.35820007324219
2025-06-06 23:47:00,0,connected,61.91236877441406,62.440025329589844,61.461334228515625,62.353973388671875,62.14628982543945,61.903846740722656,61.67351531982422,61.47216033935547
2025-06-06 23:47:30,0,connected,61.85502624511719,62.2730712890625,61.45342254638672,62.23371887207031,62.103240966796875,61.838104248046875,61.60095977783203,61.47664260864258
2025-06-06 23:48:00,0,connected,61.86802673339844,62.57142639160156,61.46955871582031,62.48765563964844,62.09702682495117,61.858116149902344,61.608673095703125,61.49159622192383
2025-06-06 23:48:30,0,connected,61.87421417236328,63.84672927856445,61.41059112548828,63.32838439941406,62.11962890625,61.80938720703125,61.56102752685547,61.4185791015625
2025-06-06 23:49:00,0,connected,61.91869354248047,66.82772064208984,61.19695281982422,63.63794708251953,62.20517349243164,61.728912353515625,61.44384002685547,61.252227783203125
2025-06-06 23:49:30,0,connected,62.21400451660156,67.40786743164062,61.22650146484375,66.1714401245117,62.5630874633789,61.83349609375,61.51247787475586,61.361236572265625
2025-06-09 09:05:00,0,connected,62.084564208984375,68.6191864013672,55.14565658569336,68.54703521728516,66.1610565185547,60.076873779296875,55.556819915771484,55.14862060546875
2025-06-09 09:05:30,0,connected,59.42906188964844,69.49134826660156,54.88078308105469,66.3652801513672,62.08464050292969,57.63694763183594,55.25517272949219,54.92913055419922
2025-06-09 09:06:00,0,connected,57.64580535888672,64.47750854492188,54.67109680175781,62.84820556640625,60.57984161376953,55.62715148925781,55.01902770996094,54.69000244140625
2025-06-09 09:06:30,0,connected,60.72755432128906,67.61196899414062,55.0106201171875,66.6825942993164,63.758087158203125,58.81884765625,55.475059509277344,55.04914093017578
2025-06-09 09:07:00,0,connected,59.45716857910156,64.85587310791016,54.875972747802734,64.2806396484375,62.33706283569336,58.2382469177246,55.4433708190918,54.8836784362793
2025-06-09 09:07:30,0,connected,60.2275619506836,68.2510757446289,55.084678649902344,67.30420684814453,63.150840759277344,58.23117446899414,55.36206817626953,55.15509796142578
2025-06-09 09:08:00,0,connected,60.9495964050293,70.03587341308594,54.90769958496094,69.6382598876953,64.47920989990234,57.825157165527344,55.34093475341797,54.942901611328125
2025-06-09 09:08:30,0,connected,59.08455276489258,67.2711639404297,54.7488899230957,64.53551483154297,62.598228454589844,57.24726104736328,55.2898292541504,54.91194152832031
2025-06-09 09:09:00,0,connected,60.05839920043945,67.39550018310547,54.9999885559082,65.69840240478516,63.912593841552734,58.14216613769531,55.46501159667969,55.09968566894531
2025-06-09 09:09:30,0,connected,57.882659912109375,64.54801177978516,54.69389724731445,63.86662673950195,60.15239715576172,56.60089111328125,55.196868896484375,54.90837860107422
2025-06-09 09:10:00,0,connected,61.849578857421875,78.18650817871094,55.05699157714844,70.82083892822266,62.85900115966797,56.98252868652344,55.56275177001953,55.31410217285156
2025-06-09 09:10:30,0,connected,56.36737060546875,60.83315658569336,54.80128479003906,59.49055862426758,57.54374694824219,55.84397888183594,55.35441589355469,54.94599914550781
2025-06-09 09:11:00,0,connected,57.36931610107422,63.91957092285156,54.7697982788086,62.57185363769531,60.00615310668945,56.07963562011719,55.3292236328125,54.8170166015625
2025-06-09 09:11:30,0,connected,58.2763786315918,64.1047897338867,55.10667419433594,63.7000961303711,60.0439224243164,57.42373275756836,55.61396026611328,55.17316436767578
2025-06-09 09:12:00,0,connected,59.43349075317383,68.09595489501953,55.04791259765625,66.1873016357422,61.70030212402344,57.447227478027344,55.62431335449219,55.0591812133789
2025-06-09 10:52:30,0,connected,55.6527214050293,58.78907012939453,52.90449523925781,57.94890213012695,57.170318603515625,55.44926452636719,53.883541107177734,52.96122741699219
2025-06-09 10:53:00,0,connected,54.50126647949219,58.845760345458984,52.686561584472656,57.11102294921875,55.64160919189453,54.137603759765625,53.09531021118164,52.7531967163086
2025-06-09 10:53:30,0,connected,54.15279006958008,58.929351806640625,52.46995544433594,57.9265365600586,55.3045425415039,53.71882629394531,52.91139221191406,52.53211975097656
2025-06-09 10:54:00,0,connected,54.08491897583008,57.963043212890625,52.3214225769043,57.78872299194336,55.41623306274414,53.65727233886719,52.96002197265625,52.3627700805664
2025-06-09 10:54:30,0,connected,55.035552978515625,59.421600341796875,52.7916488647461,57.5723762512207,56.5955581665039,54.785308837890625,53.282135009765625,52.90846252441406
2025-06-09 10:55:00,0,connected,55.2777442932129,63.2995834350586,52.587646484375,63.104530334472656,56.7458724975586,54.07762908935547,53.049163818359375,52.5978012084961
2025-06-09 10:55:30,0,connected,55.53364562988281,62.58727264404297,52.862953186035156,60.566497802734375,57.08692169189453,54.90754699707031,53.431800842285156,53.09214782714844
2025-06-09 10:56:00,0,connected,55.37181091308594,61.116050720214844,52.89387512207031,59.61527633666992,57.04602813720703,54.70948791503906,53.317466735839844,52.98246765136719
2025-06-09 10:56:30,0,connected,56.6585922241211,66.14476776123047,52.40980529785156,63.946685791015625,58.8753662109375,54.30232238769531,53.042171478271484,52.520877838134766
2025-06-09 10:57:00,0,connected,53.87399673461914,55.966217041015625,52.609535217285156,55.87230682373047,54.88275146484375,53.6998519897461,53.094940185546875,52.6659164428711
2025-06-09 10:57:30,0,connected,54.18793487548828,59.23613357543945,52.3092918395996,58.40028381347656,55.137088775634766,53.79356384277344,52.989322662353516,52.708892822265625
2025-06-09 10:57:30,0,connected,54.18793487548828,59.23613357543945,52.3092918395996,58.40028381347656,55.137088775634766,53.79356384277344,52.989322662353516,52.708892822265625
2025-06-09 10:58:00,0,connected,54.88689041137695,64.42520141601562,52.52464294433594,59.392181396484375,56.65538024902344,53.9773826599121,52.9641227722168,52.63353729248047
2025-06-09 10:58:30,0,connected,53.64460754394531,55.6066780090332,52.513580322265625,55.14668655395508,54.3183250427246,53.57556915283203,52.977500915527344,52.56622314453125
2025-06-09 10:59:00,0,connected,53.455413818359375,56.3702392578125,52.525848388671875,56.1390609741211,53.87249755859375,53.377445220947266,52.89765930175781,52.587371826171875
2025-06-09 10:59:30,0,connected,54.4869613647461,59.63121032714844,52.391448974609375,58.90666198730469,55.46697235107422,53.8756103515625,53.21122741699219,52.8109130859375
2025-06-09 11:00:00,0,connected,54.4350471496582,58.52344512939453,52.927520751953125,57.818973541259766,55.49986267089844,54.02468490600586,53.35978698730469,53.0426025390625
2025-06-09 11:00:30,0,connected,53.8355941772461,55.30620574951172,52.9407958984375,55.0649185180664,54.402862548828125,53.7536506652832,53.29095458984375,52.99986267089844
2025-06-09 11:01:00,0,connected,54.162044525146484,62.246917724609375,52.60939407348633,57.01966857910156,55.103721618652344,53.73197937011719,53.07279968261719,52.787139892578125
2025-06-09 11:01:30,0,connected,54.689537048339844,57.0054931640625,52.707435607910156,56.17835998535156,55.7015380859375,54.619232177734375,53.54903030395508,53.001953125
2025-06-09 11:02:00,0,connected,54.63402557373047,57.89445495605469,52.937713623046875,57.80809783935547,55.984344482421875,54.259098052978516,53.29528045654297,52.958858489990234
2025-06-09 11:02:30,0,connected,54.25718307495117,56.16063690185547,52.5726547241211,56.15998840332031,55.32114791870117,54.05400848388672,53.244346618652344,52.626251220703125
2025-06-09 11:03:00,0,connected,55.172645568847656,64.85843658447266,52.82133865356445,60.184364318847656,56.86884689331055,54.0204086303711,53.2964096069336,52.86051940917969
2025-06-09 11:03:30,0,connected,54.08425521850586,56.8072738647461,52.45855712890625,56.18993377685547,54.84504699707031,53.960693359375,53.19883728027344,52.7533187866211
2025-06-09 11:04:00,0,connected,55.465755462646484,70.10061645507812,52.1108169555664,62.03318405151367,54.60225296020508,53.7090187072754,53.1210594177246,52.3895263671875
2025-06-09 11:04:30,0,connected,54.11395263671875,58.283477783203125,52.86840057373047,57.04001235961914,54.994903564453125,53.831504821777344,53.20818328857422,52.896488189697266
2025-06-09 11:05:00,0,connected,54.19114685058594,60.42314147949219,52.22121047973633,60.23681640625,54.619232177734375,53.78569030761719,53.044612884521484,52.51500701904297
2025-06-09 11:05:30,0,connected,53.285980224609375,54.64800262451172,52.21534729003906,54.365440368652344,53.96746063232422,53.23597717285156,52.747642517089844,52.223052978515625
2025-06-09 11:06:00,0,connected,53.06968688964844,55.622039794921875,52.28070831298828,54.8138198852539,53.4639892578125,53.03068923950195,52.56858825683594,52.33186340332031
2025-06-09 11:06:30,0,connected,53.52119064331055,58.447330474853516,52.44527053833008,56.7926902770996,54.20812225341797,53.24943542480469,52.69459533691406,52.49488830566406
2025-06-09 11:07:00,0,connected,53.035884857177734,53.81578826904297,52.33103942871094,53.66785430908203,53.36891174316406,53.04344177246094,52.67204284667969,52.40251159667969
2025-06-09 11:07:30,0,connected,53.90774154663086,57.0136489868164,52.63374328613281,56.63275146484375,55.09040069580078,53.518272399902344,52.87755584716797,52.696685791015625
2025-06-09 11:08:00,0,connected,53.55373001098633,56.10961151123047,52.53422927856445,55.38365173339844,54.5929183959961,53.273380279541016,52.796417236328125,52.612178802490234
2025-06-09 11:08:30,0,connected,53.16435241699219,57.1767692565918,52.227378845214844,55.98607635498047,53.62379455566406,52.9586296081543,52.50358581542969,52.24382781982422
2025-06-09 11:09:00,0,connected,53.45654296875,58.36766815185547,51.915435791015625,56.860530853271484,54.03264617919922,53.08514404296875,52.6229019165039,52.25
2025-06-09 11:09:30,0,connected,56.47728729248047,65.57000732421875,52.4608497619629,63.78157043457031,58.90264892578125,54.800048828125,52.993682861328125,52.682212829589844
2025-06-09 11:10:00,0,connected,55.525718688964844,67.4682159423828,52.40465545654297,60.88261795043945,56.66398620605469,54.172279357910156,53.15972900390625,52.65418243408203
2025-06-09 11:10:30,0,connected,54.125701904296875,59.45225524902344,51.9165267944336,59.30781555175781,55.374053955078125,53.52637481689453,52.756134033203125,52.103065490722656
2025-06-09 11:11:00,0,connected,53.58607482910156,55.99531555175781,52.17695999145508,55.87294387817383,54.4678726196289,53.43894958496094,52.77647399902344,52.345489501953125
2025-06-09 11:11:30,0,connected,54.090614318847656,57.03618621826172,52.58689880371094,56.98786926269531,55.14222717285156,53.84162139892578,53.11731719970703,52.6854591369629
2025-06-09 11:12:00,0,connected,55.74244689941406,66.08089447021484,52.4486312866211,59.846641540527344,57.37165069580078,54.350311279296875,52.67832565307617,52.46161651611328
2025-06-09 11:12:30,0,connected,56.78699493408203,62.31951141357422,52.47520446777344,61.29231262207031,59.32884979248047,56.076480865478516,53.5754165649414,52.5763168334961
2025-06-09 11:13:00,0,connected,58.80816650390625,65.07230377197266,52.681453704833984,63.48188018798828,61.67613220214844,57.8401107788086,53.680240631103516,52.86895751953125
2025-06-09 11:13:30,0,connected,55.58340072631836,61.5142822265625,52.43707275390625,59.96080780029297,57.9691047668457,54.57289505004883,53.11919021606445,52.74810028076172
2025-06-09 11:14:00,0,connected,53.70206832885742,57.777801513671875,52.440338134765625,55.958465576171875,54.279624938964844,53.466888427734375,52.8813705444336,52.4997215270996
2025-06-09 11:14:30,0,connected,55.15245819091797,64.3686294555664,52.3791732788086,63.422977447509766,56.442962646484375,53.65631103515625,52.91509246826172,52.46050262451172
2025-06-09 11:15:00,0,connected,56.16685485839844,69.3768539428711,52.28700256347656,68.0302200317383,55.85784149169922,53.74560546875,52.94916534423828,52.517269134521484
2025-06-09 11:15:30,0,connected,53.82407760620117,56.707763671875,52.40736770629883,56.43596649169922,54.67421340942383,53.597503662109375,52.93505859375,52.547760009765625
2025-06-09 11:16:00,0,connected,53.52731704711914,55.57134246826172,52.742027282714844,55.49134063720703,53.994544982910156,53.399112701416016,53.00511169433594,52.75519561767578
2025-06-09 11:16:30,0,connected,53.33885192871094,58.735015869140625,52.50147247314453,56.95569610595703,53.633819580078125,53.2335548400879,52.70571517944336,52.550262451171875
2025-06-09 11:17:00,0,connected,54.00035095214844,60.882720947265625,52.4608497619629,60.05330276489258,55.47698974609375,53.32666015625,52.88716506958008,52.58343505859375
2025-06-09 11:17:30,0,connected,54.3707160949707,62.639007568359375,53.13667297363281,57.98749542236328,54.4365234375,54.03795623779297,53.59095001220703,53.2938232421875
2025-06-09 11:18:00,0,connected,54.32810974121094,59.23909378051758,52.9188003540039,57.400634765625,55.425811767578125,54.04414367675781,53.318695068359375,52.98552703857422
2025-06-09 11:18:30,0,connected,54.24990463256836,57.0288963317871,53.378021240234375,56.94169616699219,54.66249084472656,54.10509490966797,53.649261474609375,53.427276611328125
2025-06-09 11:19:00,0,connected,62.45170974731445,75.33645629882812,53.297149658203125,70.37686157226562,66.65618896484375,56.29637145996094,53.78504180908203,53.2983627319336
2025-06-09 11:19:30,0,connected,62.9255485534668,72.4526824951172,53.56989288330078,70.47848510742188,66.4329833984375,59.90362548828125,54.59666061401367,53.76017379760742
2025-06-09 11:20:00,0,connected,63.588470458984375,73.70335388183594,52.674102783203125,73.2165069580078,66.90953826904297,57.62732696533203,54.3316764831543,53.4723129272461
2025-06-09 11:20:30,0,connected,59.28466796875,70.4217071533203,52.3034553527832,70.0467071533203,63.31268310546875,55.9619026184082,53.200889587402344,52.4532470703125
2025-06-09 11:21:00,0,connected,59.43354797363281,69.54417419433594,52.24589157104492,66.74774169921875,63.3946876525879,55.77337646484375,53.1212158203125,52.47359085083008
2025-06-09 11:21:30,0,connected,57.03879165649414,66.780517578125,52.014404296875,64.2277069091797,59.92356872558594,54.59855270385742,52.862579345703125,52.112213134765625
2025-06-09 11:22:00,0,connected,57.29167175292969,65.44603729248047,51.97975158691406,65.2686080932617,61.354248046875,53.9557876586914,52.68781280517578,52.06884002685547
2025-06-09 11:22:30,0,connected,58.6751937866211,68.86741638183594,52.1507568359375,68.3947525024414,61.979129791259766,54.328433990478516,52.6954574584961,52.1784896850586
2025-06-09 11:23:00,0,connected,59.84203338623047,69.57730102539062,51.95386505126953,68.4579849243164,63.56935119628906,55.95334243774414,52.6391830444336,52.25373840332031
2025-06-09 11:23:30,0,connected,54.88139724731445,62.374847412109375,52.07794189453125,62.268524169921875,57.37217712402344,53.48748779296875,52.596920013427734,52.126861572265625
2025-06-09 11:24:00,0,connected,53.4286003112793,57.723297119140625,51.60070037841797,57.0255126953125,55.03544616699219,52.8627700805664,52.26565170288086,51.86606216430664
2025-06-09 11:24:30,0,connected,53.06806182861328,55.885440826416016,52.05116271972656,55.165252685546875,53.64885711669922,52.95690155029297,52.348228454589844,52.0623550415039
2025-06-09 11:25:00,0,connected,55.258697509765625,59.273712158203125,52.728450775146484,58.8153305053711,56.873958587646484,54.71046447753906,53.22679901123047,52.83690643310547
2025-06-09 11:25:30,0,connected,56.606746673583984,65.1536636352539,52.76875686645508,64.2981948852539,59.30741882324219,54.48577880859375,53.298709869384766,52.99072265625
2025-06-09 11:26:00,0,connected,62.32820510864258,79.06472778320312,53.124420166015625,75.8264923095703,60.238975524902344,55.78661346435547,53.6131820678711,53.1393699645996
2025-06-09 11:26:30,0,connected,55.100032806396484,65.28804779052734,52.012176513671875,59.674957275390625,56.85731506347656,53.994598388671875,52.80503845214844,52.0617446899414
2025-06-09 11:27:00,0,connected,56.78691864013672,67.2002944946289,52.307003021240234,65.71621704101562,57.5527572631836,54.612144470214844,53.404869079589844,52.33091735839844
2025-06-09 11:27:30,0,connected,57.80466079711914,65.16773986816406,51.90878677368164,64.2171096801758,60.18211364746094,56.68695068359375,53.27471160888672,52.43363952636719
2025-06-09 11:28:00,0,connected,58.5431137084961,68.31722259521484,51.192169189453125,65.0893096923828,61.6175537109375,56.18581008911133,52.62908172607422,51.1968765258789
2025-06-09 11:28:30,0,connected,61.97565841674805,69.38829803466797,51.9818344116211,68.65545654296875,65.73822021484375,60.2978286743164,54.220428466796875,52.06202697753906
2025-06-09 11:29:00,0,connected,58.3137550354004,68.25466918945312,52.179168701171875,64.6278076171875,61.06522750854492,56.69603729248047,53.5564193725586,52.67176818847656
2025-06-09 11:29:30,0,connected,56.33013153076172,60.76554870605469,52.22163391113281,60.494537353515625,59.368621826171875,55.2691421508789,53.03562927246094,52.24732971191406
2025-06-09 11:30:01,0,connected,56.48388671875,66.72168731689453,51.70802307128906,60.25133514404297,58.47966766357422,55.52655792236328,52.83369827270508,51.79701232910156
2025-06-09 11:30:30,0,connected,59.61543273925781,65.53892517089844,51.7778663635254,65.43031311035156,62.92131805419922,58.48898696899414,53.89265441894531,51.78559875488281
2025-06-09 11:31:00,0,connected,60.28522872924805,68.1525421142578,51.72360610961914,68.0275421142578,63.05318069458008,58.74903106689453,55.056854248046875,52.0980567932129
2025-06-09 11:31:30,0,connected,60.812625885009766,67.2125244140625,51.75224304199219,67.1044692993164,64.22254180908203,59.50841522216797,54.97004318237305,52.9375
2025-06-09 11:32:00,0,connected,60.870689392089844,67.3084182739258,52.26210403442383,66.90162658691406,63.967132568359375,59.630455017089844,53.21351623535156,52.36015319824219
2025-06-09 11:32:30,0,connected,61.96858215332031,66.7636032104492,52.28800964355469,66.7568130493164,64.8611373901367,60.83028030395508,56.3240966796875,53.272911071777344
2025-06-09 11:33:00,0,connected,58.884368896484375,68.8763427734375,52.99913787841797,66.9657516479492,61.713802337646484,57.00299835205078,54.35572814941406,53.4355697631836
2025-06-09 11:33:30,0,connected,56.32255935668945,69.10289764404297,52.7398452758789,59.5981330871582,57.512176513671875,54.9700813293457,53.36145782470703,52.834716796875
2025-06-09 11:34:00,0,connected,55.79323959350586,62.53977584838867,52.78556823730469,60.71940612792969,57.446468353271484,54.78303527832031,53.661170959472656,53.065643310546875
2025-06-09 11:34:30,0,connected,57.876712799072266,64.3638381958008,54.24915313720703,62.71094512939453,60.04641342163086,56.754302978515625,55.13632583618164,54.4285659790039
2025-06-09 11:35:00,0,connected,55.36854553222656,60.3589859008789,53.472816467285156,59.58327102661133,57.08177185058594,54.56395721435547,53.70745086669922,53.50617980957031
2025-06-09 11:35:30,0,connected,55.362762451171875,61.58201599121094,52.91667175292969,60.2395248413086,56.9406509399414,54.73097610473633,53.304039001464844,52.97734832763672
2025-06-09 11:36:00,0,connected,55.764320373535156,63.10240936279297,52.39092254638672,63.100460052490234,57.722007751464844,54.62012481689453,52.78892517089844,52.39093017578125
2025-06-09 11:36:30,0,connected,53.45941162109375,58.7331657409668,51.34501647949219,57.660614013671875,55.526611328125,52.553627014160156,51.71309280395508,51.478485107421875
2025-06-09 11:37:00,0,connected,53.1340446472168,57.13301467895508,51.515296936035156,56.4302978515625,54.35377502441406,52.6441421508789,52.0180778503418,51.591796875
2025-06-09 11:37:30,0,connected,52.768070220947266,56.651405334472656,51.30530548095703,55.9816665649414,53.8800048828125,52.393585205078125,51.7859115600586,51.356292724609375
2025-06-09 11:38:00,0,connected,54.843666076660156,59.92786407470703,51.500572204589844,59.666099548339844,57.82677459716797,53.60529708862305,52.401397705078125,51.768829345703125
2025-06-09 11:38:30,0,connected,54.84048080444336,59.794349670410156,52.762855529785156,59.27729415893555,56.859893798828125,54.14208221435547,53.0024185180664,52.77915954589844
2025-06-09 11:39:00,0,connected,56.91814041137695,65.74424743652344,52.8465805053711,65.35718536376953,58.586761474609375,54.307403564453125,53.159088134765625,52.8534164428711
2025-06-09 11:39:30,0,connected,54.544803619384766,60.554405212402344,52.79730987548828,57.98614501953125,56.02985382080078,54.03753662109375,53.184993743896484,52.811737060546875
2025-06-09 11:40:00,0,connected,53.48467254638672,57.01115798950195,52.178260803222656,56.637123107910156,54.380340576171875,53.19163513183594,52.6422348022461,52.32148742675781
2025-06-09 11:40:30,0,connected,53.28908157348633,56.957305908203125,52.28404235839844,55.343387603759766,54.19356155395508,53.104949951171875,52.617919921875,52.35382080078125
2025-06-09 11:41:00,0,connected,56.4567985534668,66.02587890625,52.76991271972656,62.634521484375,58.964019775390625,54.55107116699219,53.429595947265625,52.83833694458008
2025-06-09 11:41:30,0,connected,54.23655319213867,59.2228775024414,52.93608093261719,58.34558868408203,55.82255172729492,53.56292724609375,53.1072120666504,52.96514129638672
2025-06-09 11:42:00,0,connected,58.10273361206055,65.3630905151367,52.708648681640625,65.1919937133789,61.78648376464844,55.16022872924805,53.47711944580078,53.1155128479004
2025-06-09 11:42:30,0,connected,55.993412017822266,63.05023193359375,53.26121139526367,63.01496887207031,58.61781311035156,54.02888107299805,53.60394287109375,53.30503845214844
2025-06-09 11:43:00,0,connected,57.53751754760742,67.3395462036133,53.545738220214844,66.1530075073242,60.350547790527344,55.05143737792969,53.99067687988281,53.5814437866211
2025-06-09 11:43:30,0,connected,53.96742630004883,60.05879211425781,53.03675842285156,59.0405044555664,54.6039047241211,53.59388732910156,53.20604705810547,53.05938720703125
2025-06-09 11:44:00,0,connected,53.42251205444336,57.957366943359375,52.21308135986328,57.64937210083008,53.74592971801758,53.159088134765625,52.69610595703125,52.38660430908203
2025-06-09 11:44:30,0,connected,53.275794982910156,56.40851593017578,52.02003479003906,55.641395568847656,53.60056686401367,53.14887237548828,52.754844665527344,52.4647445678711
2025-06-09 11:45:00,0,connected,53.34642791748047,58.356689453125,52.4366683959961,56.8395118713379,53.7023048400879,53.073326110839844,52.7929916381836,52.45318603515625
2025-06-09 11:45:30,0,connected,53.294586181640625,55.28450012207031,52.51055908203125,55.07861328125,53.73553466796875,53.174896240234375,52.83128356933594,52.578125
2025-06-09 11:46:00,0,connected,55.08088684082031,61.122032165527344,52.400665283203125,60.47294616699219,57.61668395996094,54.13350296020508,52.848716735839844,52.466148376464844
2025-06-09 11:46:30,0,connected,53.915523529052734,57.45103454589844,52.23772430419922,57.00989532470703,55.370155334472656,53.5130958557129,52.690582275390625,52.262481689453125
2025-06-09 11:47:00,0,connected,54.47175979614258,60.19507598876953,52.2801856994629,60.004547119140625,56.86454772949219,53.20829772949219,52.62028503417969,52.328094482421875
2025-06-09 11:47:30,0,connected,55.62147521972656,63.10507583618164,52.23883056640625,62.202728271484375,58.22287368774414,53.84852600097656,52.74729537963867,52.398681640625
2025-06-09 11:48:00,0,connected,53.40056228637695,56.68700408935547,52.22406768798828,55.1073341369629,54.36767578125,53.221229553222656,52.6869125366211,52.40393829345703
2025-06-09 11:48:30,0,connected,55.45178985595703,68.80258178710938,52.41142272949219,61.694541931152344,56.6429786682129,53.39385986328125,52.7083854675293,52.45854187011719
2025-06-09 11:49:00,0,connected,54.2720718383789,58.7756462097168,52.40412902832031,57.64471435546875,55.84592056274414,53.7668113708496,52.73198699951172,52.449012756347656
2025-06-09 11:49:30,0,connected,53.0846824645996,55.024009704589844,52.12843704223633,54.5001449584961,53.92607116699219,52.9097900390625,52.45680236816406,52.185546875
2025-06-09 11:50:00,0,connected,52.74473190307617,56.336181640625,51.932586669921875,54.10624313354492,53.24324035644531,52.6123275756836,52.178627014160156,51.93353271484375
2025-06-09 11:50:30,0,connected,53.60979080200195,56.653892517089844,52.1158447265625,56.36078643798828,55.347442626953125,53.08530044555664,52.3979835510254,52.13133239746094
2025-06-09 11:51:00,0,connected,53.63202667236328,56.379547119140625,52.01397705078125,55.976234436035156,55.2791748046875,53.193878173828125,52.49578857421875,52.04168701171875
2025-06-09 11:51:30,0,connected,53.819061279296875,60.50055694580078,52.43501281738281,58.257293701171875,54.574005126953125,53.125,52.67317581176758,52.4478416442871
2025-06-09 11:52:00,0,connected,53.4084358215332,56.3472900390625,52.4555892944336,56.3218994140625,54.31182861328125,53.13218688964844,52.623573303222656,52.51650619506836
2025-06-09 11:52:30,0,connected,54.85485076904297,60.01277160644531,52.06703186035156,59.9300765991211,56.44395446777344,53.99512481689453,52.85748291015625,52.2168960571289
2025-06-09 11:53:00,0,connected,56.76817321777344,62.8953857421875,52.61456298828125,62.78980255126953,59.2129249572754,55.359039306640625,53.20502471923828,52.68394470214844
2025-06-09 11:53:30,0,connected,54.1243553161621,58.1301612854004,51.966278076171875,57.2705307006836,56.01286315917969,53.53227996826172,52.65135192871094,52.2146339416504
2025-06-09 11:54:00,0,connected,54.97364807128906,61.22028350830078,52.277015686035156,59.871124267578125,57.2882080078125,54.0292091369629,52.78295135498047,52.311981201171875
2025-06-09 11:54:30,0,connected,56.52888870239258,60.7129898071289,52.57774353027344,60.081298828125,58.93080139160156,56.0881576538086,53.66034698486328,52.794097900390625
2025-06-09 11:55:00,0,connected,57.042076110839844,66.1306610107422,52.35807800292969,62.324703216552734,59.848426818847656,55.3923110961914,53.36668395996094,52.67388916015625
2025-06-09 11:55:00,0,connected,57.042076110839844,66.1306610107422,52.35807800292969,62.324703216552734,59.848426818847656,55.3923110961914,53.36668395996094,52.67388916015625
2025-06-09 11:55:30,0,connected,58.47756576538086,71.40357971191406,52.5744400024414,65.7703857421875,60.387054443359375,55.91178894042969,53.73347473144531,52.96086883544922
2025-06-09 11:56:00,0,connected,57.191471099853516,63.09178161621094,53.1163558959961,62.08289337158203,59.416419982910156,56.03642272949219,53.84700012207031,53.31267166137695
2025-06-09 11:56:30,0,connected,58.78308868408203,64.52869415283203,52.60950469970703,64.2186050415039,61.470733642578125,58.054847717285156,54.38947296142578,53.24681854248047
2025-06-09 11:57:00,0,connected,59.1203727722168,65.41703033447266,53.5129051208496,65.226806640625,61.650150299072266,57.911136627197266,54.74853515625,53.7091293334961
2025-06-09 11:57:30,0,connected,56.7200813293457,66.73013305664062,53.06678771972656,61.58522033691406,58.408966064453125,55.782562255859375,54.0609130859375,53.482391357421875
2025-06-09 11:58:00,0,connected,58.382625579833984,65.1556396484375,53.63196563720703,63.658206939697266,60.410614013671875,57.62866973876953,55.18233108520508,53.99762725830078
2025-06-09 11:58:30,0,connected,56.14490509033203,61.65260314941406,53.26113510131836,61.10840606689453,58.142303466796875,55.34922790527344,53.76128387451172,53.3488998413086
2025-06-09 11:59:00,0,connected,58.7458610534668,70.5486526489258,53.144901275634766,66.68766021728516,61.0906105041504,56.35247802734375,53.65260314941406,53.30509948730469
2025-06-09 11:59:30,0,connected,59.994468688964844,68.48856353759766,53.32708740234375,68.1455307006836,63.368865966796875,57.15080261230469,54.25666809082031,53.460418701171875
2025-06-09 12:00:00,0,connected,59.8937644958496,65.74913787841797,52.96101379394531,65.7327423095703,62.84918975830078,58.80636978149414,55.090538024902344,53.16496276855469
2025-06-09 12:00:30,0,connected,60.76753616333008,70.64382934570312,52.203125,67.8424530029297,63.5015983581543,58.62340545654297,54.11842346191406,53.003379821777344
2025-06-09 12:01:00,0,connected,58.881500244140625,64.23644256591797,52.3940200805664,63.48627853393555,62.24848175048828,57.54229736328125,54.062015533447266,52.50614929199219
2025-06-09 12:01:30,0,connected,60.57323455810547,67.16162109375,52.9739646911621,66.29586791992188,63.99208068847656,58.88099670410156,55.204708099365234,53.131866455078125
2025-06-09 12:02:00,0,connected,58.46689987182617,64.79800415039062,52.69678497314453,64.25137329101562,61.5916748046875,57.59754943847656,54.081787109375,53.01446533203125
2025-06-09 12:02:30,0,connected,58.246158599853516,63.67595672607422,52.57443618774414,63.424476623535156,60.23210144042969,57.297149658203125,54.83805465698242,53.08726119995117
2025-06-09 12:03:00,0,connected,57.71603775024414,63.7248878479004,52.57799530029297,63.19407272338867,60.16474151611328,56.34233093261719,53.397064208984375,52.76310729980469
2025-06-09 12:03:30,0,connected,57.96684265136719,63.69020080566406,53.199676513671875,62.19319152832031,60.21924591064453,57.10345458984375,54.8113136291504,53.220619201660156
2025-06-09 12:04:00,0,connected,58.922027587890625,64.1187286376953,53.81388473510742,63.26520538330078,61.22686767578125,58.52484893798828,55.18751907348633,53.8592758178711
2025-06-09 12:04:30,0,connected,56.86119079589844,63.841102600097656,52.97007751464844,61.6207275390625,59.07878112792969,55.79096603393555,53.88072204589844,53.06077575683594
2025-06-09 12:05:00,0,connected,58.76039123535156,65.17796325683594,52.98448181152344,65.14141845703125,62.090633392333984,57.523956298828125,54.558536529541016,53.0134048461914
2025-06-09 12:05:30,0,connected,60.30170440673828,67.30447387695312,53.079315185546875,64.97220611572266,63.31993103027344,58.61208724975586,55.496978759765625,53.4722785949707
2025-06-09 12:06:00,0,connected,59.18516540527344,68.22763061523438,53.74094772338867,66.84366607666016,60.74554443359375,58.08080291748047,55.38733673095703,53.877166748046875
2025-06-09 12:06:30,0,connected,58.78242111206055,64.4170150756836,53.65568542480469,64.0337905883789,61.70667266845703,57.40449523925781,55.00096130371094,53.812049865722656
2025-06-09 12:07:00,0,connected,58.38796615600586,65.25653076171875,53.410438537597656,64.4823989868164,60.75355529785156,57.41716003417969,54.18626022338867,53.51263427734375
2025-06-09 12:07:30,0,connected,58.61406707763672,65.8244094848633,53.037513732910156,62.75562286376953,61.34107208251953,57.503875732421875,54.7961196899414,53.41283416748047
2025-06-09 12:08:00,0,connected,58.869144439697266,66.13693237304688,53.00078201293945,66.0192108154297,61.65235137939453,57.20054626464844,54.33356475830078,53.253501892089844
2025-06-09 12:08:30,0,connected,55.59608459472656,61.782470703125,52.2808837890625,61.61756896972656,57.85761642456055,54.268341064453125,52.89006042480469,52.3034553527832
2025-06-09 12:09:00,0,connected,54.981201171875,61.46705627441406,52.35990905761719,60.46318054199219,56.60425567626953,54.27007293701172,52.9909782409668,52.5194320678711
2025-06-09 12:09:30,0,connected,56.137168884277344,62.55128479003906,52.763126373291016,62.52973175048828,57.96770477294922,55.300933837890625,53.357757568359375,52.935272216796875
2025-06-09 12:10:00,0,connected,57.787635803222656,66.46481323242188,52.893741607666016,62.8895263671875,59.790435791015625,57.02672576904297,53.86532974243164,53.087528228759766
2025-06-09 12:10:30,0,connected,56.257205963134766,61.4403305053711,52.97465133666992,60.9880714416504,58.806488037109375,55.27942657470703,53.40708923339844,52.98417663574219
2025-06-09 12:11:00,0,connected,58.107547760009766,63.6298484802246,53.049644470214844,63.39485168457031,60.7710952758789,57.52899169921875,54.47209930419922,53.14740753173828
2025-06-09 12:11:30,0,connected,58.05562210083008,63.784088134765625,52.371620178222656,63.6697769165039,60.4605369567871,57.4404525756836,54.398643493652344,52.80359649658203
2025-06-09 12:12:00,0,connected,56.92219161987305,65.44522857666016,52.69584655761719,64.09574127197266,58.98179626464844,55.454139709472656,53.32331085205078,52.70307159423828
2025-06-09 12:12:30,0,connected,57.22563171386719,63.31862258911133,52.5001220703125,62.357086181640625,59.45737075805664,56.0925064086914,53.9861831665039,52.974422454833984
2025-06-09 12:13:00,0,connected,57.018768310546875,62.56922912597656,52.491607666015625,62.478309631347656,59.076080322265625,56.0808334350586,53.601810455322266,52.92620086669922
2025-06-09 15:27:00,0,connected,55.2659797668457,59.47165298461914,54.24364471435547,57.62181854248047,55.82328796386719,55.05616760253906,54.58149719238281,54.29328918457031
2025-06-09 15:27:30,0,connected,55.33971405029297,60.90989685058594,54.131187438964844,58.91974639892578,55.67933654785156,55.07798767089844,54.66379928588867,54.15806579589844
2025-06-09 15:28:00,0,connected,55.25811767578125,63.13301086425781,54.269081115722656,58.2113037109375,55.71446990966797,54.885650634765625,54.48371124267578,54.34333801269531
2025-06-09 15:28:30,0,connected,55.070011138916016,60.34001541137695,53.85149383544922,58.16838836669922,55.664852142333984,54.773712158203125,54.42150115966797,54.02723693847656
2025-06-09 15:29:00,0,connected,55.363800048828125,59.0850830078125,54.16411209106445,58.64724349975586,56.46751403808594,55.009193420410156,54.443321228027344,54.21702194213867
2025-06-09 15:29:30,0,connected,55.27421188354492,57.79279327392578,54.4134407043457,56.48774337768555,55.735042572021484,55.2021141052246,54.8364028930664,54.455081939697266
2025-06-09 15:30:00,0,connected,57.334686279296875,64.29885864257812,54.33203125,63.46321105957031,60.26896286010742,55.756195068359375,55.1543197631836,54.577117919921875
2025-06-09 15:30:30,0,connected,62.342864990234375,71.31587982177734,54.525882720947266,70.1371078491211,65.5192337036133,59.566436767578125,55.2080421447754,54.6508674621582
2025-06-09 15:31:00,0,connected,57.930145263671875,64.36744689941406,54.867069244384766,63.80388641357422,60.8843116760254,56.12236785888672,55.18730926513672,54.91450119018555
2025-06-09 15:31:30,0,connected,59.56058883666992,69.67664337158203,55.31325149536133,66.70274353027344,63.07146453857422,56.81671142578125,55.777992248535156,55.46921920776367
2025-06-09 15:32:00,0,connected,58.35664749145508,64.2153778076172,56.01445388793945,63.73548889160156,60.22761154174805,57.234336853027344,56.47357177734375,56.06156539916992
2025-06-09 15:32:30,0,connected,58.51552963256836,65.16954040527344,55.86625671386719,64.32103729248047,60.37419891357422,56.988956451416016,56.37956237792969,55.921546936035156
2025-06-09 15:33:00,0,connected,60.3298568725586,67.84813690185547,56.9037742614746,65.93508911132812,62.98033905029297,59.120880126953125,57.256229400634766,56.9391098022461
2025-06-09 15:33:30,0,connected,59.62324142456055,67.14996337890625,56.32463073730469,65.68321228027344,61.84443664550781,58.56267166137695,57.162933349609375,56.6240463256836
2025-06-09 15:34:00,0,connected,59.0307273864746,66.9159622192383,56.83049392700195,64.43946075439453,59.581092834472656,58.431190490722656,57.57801818847656,57.1099853515625
2025-06-09 15:34:30,0,connected,60.8507308959961,69.02098846435547,57.10786437988281,65.67029571533203,63.29039001464844,59.58403778076172,57.780303955078125,57.14117431640625
2025-06-09 15:35:00,0,connected,61.926666259765625,71.50328063964844,56.55828094482422,71.29339599609375,65.04286193847656,59.31298065185547,57.7218017578125,56.86232376098633
2025-06-09 15:35:30,0,connected,63.13584518432617,69.02346801757812,57.10108947753906,68.67794036865234,65.5846176147461,62.19573211669922,59.093170166015625,57.2527198791504
2025-06-09 15:36:00,0,connected,63.1093521118164,69.22183227539062,57.22566223144531,69.15708923339844,66.292236328125,61.613731384277344,57.877376556396484,57.26312255859375
2025-06-09 15:36:30,0,connected,62.52964401245117,68.67431640625,56.77897262573242,68.15647888183594,65.60011291503906,61.13616180419922,57.72753143310547,57.25303649902344
2025-06-09 15:37:00,0,connected,63.44545364379883,71.2235794067383,57.00736999511719,69.8691635131836,67.3299331665039,61.04912567138672,57.68660354614258,57.144229888916016
2025-06-09 15:37:30,0,connected,62.42327117919922,72.50509643554688,57.32585144042969,70.2895736694336,64.5560531616211,60.86395263671875,57.87287521362305,57.5395736694336
2025-06-09 15:38:00,0,connected,63.39165115356445,72.1583023071289,57.97273254394531,69.98367309570312,66.57061767578125,61.5043716430664,58.792274475097656,58.0473403930664
2025-06-09 15:38:30,0,connected,65.66864013671875,74.5978317260742,56.85700225830078,74.5760955810547,69.17396545410156,62.8753433227539,58.51544952392578,56.8752212524414
2025-06-09 15:39:00,0,connected,64.30718994140625,69.59527587890625,57.7236099243164,69.51566314697266,67.25994873046875,63.02068328857422,58.82972717285156,57.73665237426758
2025-06-09 15:39:30,0,connected,63.85160827636719,68.8809280395508,58.542152404785156,68.68597412109375,66.5774917602539,63.00273895263672,59.58001708984375,58.62482833862305
2025-06-09 15:40:00,0,connected,62.2894058227539,67.83180236816406,56.0726547241211,67.58358764648438,65.5387191772461,61.41889190673828,57.307456970214844,56.26029968261719
2025-06-09 15:40:30,0,connected,63.29255676269531,69.54861450195312,55.94682312011719,68.54688262939453,65.8803253173828,62.19969177246094,57.9766845703125,56.05295944213867
2025-06-09 15:41:00,0,connected,64.0544891357422,72.89622497558594,55.5452651977539,71.2342529296875,66.84234619140625,62.167205810546875,56.9720458984375,55.71349334716797
2025-06-09 15:41:30,0,connected,60.80208206176758,68.9703903198242,54.509429931640625,68.6242141723633,64.0203094482422,58.9397315979004,55.28235626220703,54.64366149902344
2025-06-09 15:42:00,0,connected,59.77277755737305,69.79613494873047,54.350502014160156,67.8011245727539,63.073974609375,56.76618194580078,54.8881607055664,54.402950286865234
2025-06-09 15:42:30,0,connected,63.2781105041504,73.8821563720703,54.607059478759766,71.46349334716797,66.8284149169922,61.04985809326172,56.19834899902344,54.65367889404297
2025-06-09 15:43:00,0,connected,60.770015716552734,69.00191497802734,54.427032470703125,68.70912170410156,63.85252380371094,58.33082962036133,55.14933395385742,54.46347427368164
2025-06-09 15:43:30,0,connected,63.19140625,70.94832611083984,54.2701644897461,70.7218704223633,67.1297149658203,60.3164939880371,55.46159362792969,54.41560363769531
2025-06-09 15:44:00,0,connected,63.19783020019531,72.6230010986328,55.37641143798828,70.3682403564453,66.25240325927734,61.60563659667969,57.21577835083008,55.54235076904297
2025-06-09 15:44:30,0,connected,65.6942825317383,74.79195404052734,54.83473587036133,72.6476593017578,69.96915435791016,63.32991027832031,57.954071044921875,54.8504409790039
2025-06-09 15:45:00,0,connected,67.5784225463867,79.18737030029297,55.29713821411133,77.6558303833008,70.561767578125,64.75333404541016,56.946170806884766,55.37940216064453
2025-06-09 15:45:30,0,connected,65.25599670410156,72.65576171875,53.88716125488281,71.7233428955078,68.83694458007812,63.43850326538086,55.65484619140625,54.55397033691406
2025-06-09 15:46:00,0,connected,62.117034912109375,70.20993041992188,53.5858383178711,69.75634002685547,66.7738494873047,58.77003860473633,54.51580810546875,53.6622314453125
2025-06-09 15:46:30,0,connected,63.6890983581543,71.22625732421875,53.930877685546875,70.86366271972656,67.7452163696289,61.40168380737305,55.770721435546875,54.39710235595703
2025-06-09 15:47:00,0,connected,60.3768196105957,69.14047241210938,53.898033142089844,69.13550567626953,64.19583892822266,57.26136779785156,54.7647933959961,53.95964050292969
2025-06-09 15:47:30,0,connected,56.88750457763672,66.7634506225586,53.87763214111328,63.30393600463867,58.325286865234375,55.38078308105469,54.47969055175781,54.02014923095703
2025-06-09 15:48:00,0,connected,60.36973190307617,68.25469970703125,53.99284362792969,66.45581817626953,64.12420654296875,58.00209045410156,54.770938873291016,54.104522705078125
2025-06-09 15:48:30,0,connected,63.73714065551758,69.6707534790039,54.286376953125,68.7106475830078,67.3715133666992,62.63295364379883,56.54120635986328,54.555908203125
2025-06-09 15:49:00,0,connected,67.48651123046875,79.5641326904297,53.98520278930664,74.06836700439453,71.04579162597656,64.74288177490234,57.34907531738281,54.774234771728516
2025-06-09 15:49:30,0,connected,64.4992904663086,72.83338928222656,53.749481201171875,72.68756103515625,69.2514190673828,61.511436462402344,54.91834259033203,54.11199951171875
2025-06-09 15:50:00,0,connected,61.946468353271484,70.35086822509766,53.90233612060547,69.81137084960938,65.50599670410156,59.13534927368164,54.59641647338867,53.90540313720703
2025-06-09 15:50:30,0,connected,61.91096878051758,67.95835876464844,53.97223663330078,67.6734848022461,65.3846893310547,60.69856262207031,54.87242126464844,53.97646713256836
2025-06-09 15:51:00,0,connected,60.03318405151367,66.31978607177734,53.78862762451172,65.79075622558594,63.180694580078125,59.39125061035156,54.06916809082031,53.821746826171875
2025-06-09 15:51:30,0,connected,60.5159912109375,71.8851318359375,53.56207275390625,69.111572265625,63.49174499511719,55.24611282348633,53.973453521728516,53.6418685913086
2025-06-09 15:52:00,0,connected,62.55686950683594,70.43373107910156,53.71397399902344,69.9001998901367,66.33091735839844,59.54522705078125,54.0435791015625,53.76494216918945
2025-06-10 06:13:00,0,connected,61.77854919433594,62.67546463012695,61.1966323852539,62.36589050292969,62.09851837158203,61.78534698486328,61.42771911621094,61.265350341796875
2025-06-10 06:13:30,0,connected,61.790348052978516,62.78706359863281,61.009185791015625,62.4734001159668,62.192665100097656,61.76671600341797,61.44322204589844,61.15586853027344
2025-06-10 06:14:00,0,connected,61.844913482666016,62.4676513671875,61.18153762817383,62.466064453125,62.14256286621094,61.84820556640625,61.5316505432129,61.31211471557617
2025-06-10 06:14:30,0,connected,61.8067855834961,62.48681640625,61.32069778442383,62.407501220703125,62.12834548950195,61.78203582763672,61.500091552734375,61.3972396850586
2025-06-10 06:15:00,0,connected,61.8780288696289,62.43968963623047,61.17603302001953,62.395301818847656,62.261417388916016,61.8756332397461,61.514976501464844,61.324432373046875
2025-06-10 06:15:30,0,connected,62.021324157714844,62.67988586425781,61.332489013671875,62.63922119140625,62.350494384765625,62.002113342285156,61.66902160644531,61.4394645690918
2025-06-10 06:16:00,0,connected,62.0262680053711,62.510101318359375,61.49468231201172,62.448768615722656,62.270267486572266,62.0196533203125,61.75823211669922,61.553138732910156
2025-06-10 06:16:30,0,connected,62.29041290283203,63.152740478515625,61.61065673828125,63.05408477783203,62.6788101196289,62.2098159790039,61.961669921875,61.77771759033203
2025-06-10 06:17:00,0,connected,62.5054054260254,63.17781066894531,61.74528503417969,63.1432113647461,62.89027404785156,62.45398712158203,62.131385803222656,61.81817626953125
2025-06-10 06:17:30,0,connected,63.793731689453125,64.66400146484375,62.76224899291992,64.66343688964844,64.42909240722656,63.74586486816406,63.04161834716797,62.86249923706055
2025-06-10 06:18:00,0,connected,64.03895568847656,65.97030639648438,62.66241455078125,65.8789520263672,64.98382568359375,63.8125228881836,63.1291732788086,62.70757293701172
2025-06-10 06:18:30,0,connected,63.3368797302246,65.5794906616211,62.366912841796875,65.1371078491211,63.96537780761719,63.218753814697266,62.76527404785156,62.38604736328125
2025-06-10 06:19:00,0,connected,62.72615051269531,64.33968353271484,61.8079490661621,64.22242736816406,63.57884979248047,62.5280990600586,62.1465072631836,61.8486099243164
2025-06-10 06:19:30,0,connected,62.13285827636719,62.795318603515625,61.527099609375,62.63557434082031,62.450408935546875,62.09130859375,61.88237762451172,61.554603576660156
2025-06-10 06:20:00,0,connected,61.975791931152344,62.7138671875,61.201942443847656,62.504058837890625,62.31346130371094,61.98692321777344,61.583038330078125,61.22599792480469
2025-06-10 06:20:30,0,connected,61.787567138671875,62.5184555053711,61.081722259521484,62.29475402832031,62.09730529785156,61.79322052001953,61.451045989990234,61.123252868652344
2025-06-10 06:21:00,0,connected,61.82615280151367,62.51261520385742,61.21131896972656,62.4163589477539,62.1206283569336,61.7959976196289,61.54448699951172,61.21504592895508
2025-06-10 06:21:30,0,connected,61.73618698120117,62.42136764526367,61.12959289550781,62.19932556152344,62.02272033691406,61.70875549316406,61.46783447265625,61.2785987854004
2025-06-10 06:22:00,0,connected,61.7837905883789,62.51762390136719,61.10783767700195,62.48755645751953,62.10127639770508,61.75032424926758,61.4404296875,61.176673889160156
2025-06-10 06:22:30,0,connected,61.802555084228516,62.42705154418945,61.16396713256836,62.263057708740234,62.156044006347656,61.80329895019531,61.456207275390625,61.20243835449219
2025-06-10 06:23:00,0,connected,61.82329177856445,62.4422607421875,61.15501403808594,62.29261016845703,62.1468849182129,61.81846618652344,61.48738098144531,61.250946044921875
2025-06-10 06:23:30,0,connected,61.90273666381836,62.40037536621094,61.36571502685547,62.39409637451172,62.16569137573242,61.88229751586914,61.61102294921875,61.40992736816406
2025-06-10 06:24:00,0,connected,61.85615158081055,62.487613677978516,61.213863372802734,62.47767639160156,62.1943130493164,61.850040435791016,61.476810455322266,61.2520866394043
2025-06-10 06:24:30,0,connected,61.80620193481445,62.36967849731445,61.20069885253906,62.35345458984375,62.172088623046875,61.75874328613281,61.51084899902344,61.29033660888672
2025-06-10 06:25:00,0,connected,61.770442962646484,62.31712341308594,61.15907287597656,62.23735046386719,62.097381591796875,61.76676940917969,61.4129524230957,61.18668746948242
2025-06-10 06:25:30,0,connected,61.75983810424805,62.4017333984375,61.02693176269531,62.35832214355469,62.11225128173828,61.74482727050781,61.39989471435547,61.16621398925781
2025-06-10 06:26:00,0,connected,61.723541259765625,62.566932678222656,60.95733642578125,62.3739013671875,62.06053924560547,61.692047119140625,61.35205841064453,61.002037048339844
2025-06-10 06:26:30,0,connected,61.76163864135742,62.355377197265625,61.048370361328125,62.277503967285156,62.0928726196289,61.75341033935547,61.3881607055664,61.138153076171875
2025-06-10 06:27:00,0,connected,61.7751579284668,62.506343841552734,61.189178466796875,62.4439468383789,62.135467529296875,61.72795867919922,61.443511962890625,61.19573211669922
2025-06-10 06:27:30,0,connected,61.7893409729004,62.36419677734375,61.16725158691406,62.31895446777344,62.20034408569336,61.76554870605469,61.4327507019043,61.202392578125
2025-06-10 06:28:00,0,connected,61.73528289794922,62.53833770751953,61.15028381347656,62.416507720947266,62.1282730102539,61.69401550292969,61.4250831604004,61.17353057861328
2025-06-10 06:28:30,0,connected,61.67832946777344,62.30506896972656,61.0091552734375,62.25889587402344,61.92755889892578,61.67641830444336,61.34309387207031,61.05712127685547
2025-06-10 06:29:00,0,connected,61.73322296142578,62.440185546875,61.00083923339844,62.24873352050781,62.04620361328125,61.72072219848633,61.39625549316406,61.09556579589844
2025-06-10 06:29:30,0,connected,61.75663375854492,62.360469818115234,61.015052795410156,62.22576904296875,62.01513671875,61.744205474853516,61.49798583984375,61.32044982910156
2025-06-10 06:30:00,0,connected,61.748985290527344,62.40480041503906,61.092742919921875,62.336219787597656,62.0321388244629,61.725616455078125,61.47072982788086,61.102752685546875
2025-06-10 06:30:30,0,connected,61.770103454589844,62.24700927734375,61.085487365722656,62.2204475402832,62.04957580566406,61.76728439331055,61.480712890625,61.187042236328125
2025-06-10 06:31:00,0,connected,61.98820114135742,62.551727294921875,61.24938201904297,62.54808044433594,62.4268798828125,61.97088623046875,61.5743637084961,61.39239501953125
2025-06-10 06:31:30,0,connected,62.03047180175781,62.62358856201172,61.3628158569336,62.43635940551758,62.2986068725586,62.0521240234375,61.71067810058594,61.41274642944336
2025-06-10 06:32:00,0,connected,62.14980697631836,62.77726745605469,61.41936492919922,62.69655990600586,62.434818267822266,62.17656707763672,61.753501892089844,61.45100784301758
2025-06-10 06:32:30,0,connected,62.34306716918945,62.926307678222656,61.84050369262695,62.9184341430664,62.753578186035156,62.32136917114258,61.975494384765625,61.8563232421875
2025-06-10 06:33:00,0,connected,62.5579719543457,64.16707611083984,61.852264404296875,63.9494857788086,62.9562873840332,62.52257537841797,62.0978660583496,61.85263442993164
2025-06-10 06:33:30,0,connected,63.895591735839844,64.70011138916016,62.79889678955078,64.63477325439453,64.47339630126953,63.83732986450195,63.2644920349121,62.8604736328125
2025-06-10 06:34:00,0,connected,63.65530014038086,64.80255126953125,61.96551513671875,64.7875518798828,64.5277862548828,63.64251708984375,62.4511604309082,62.008880615234375
2025-06-10 06:34:30,0,connected,62.21635818481445,63.0086669921875,61.5118179321289,62.76377487182617,62.56245803833008,62.2080307006836,61.85166931152344,61.63493347167969
2025-06-10 06:35:00,0,connected,61.9900245666504,62.52580261230469,61.208099365234375,62.5171890258789,62.33391571044922,62.00543212890625,61.66456604003906,61.213104248046875
2025-06-10 06:35:30,0,connected,61.80168533325195,62.478843688964844,61.15351867675781,62.30586242675781,62.14234161376953,61.79484176635742,61.4513931274414,61.253021240234375
2025-06-10 06:36:00,0,connected,61.978145599365234,62.7552719116211,61.30723571777344,62.458587646484375,62.326812744140625,61.98834991455078,61.594608306884766,61.35627746582031
2025-06-10 06:36:30,0,connected,61.990779876708984,62.905094146728516,61.17340087890625,62.6890869140625,62.35832977294922,61.95771789550781,61.59095001220703,61.431312561035156
2025-06-10 06:37:00,0,connected,61.77992248535156,62.47926330566406,61.16571807861328,62.45984649658203,62.126556396484375,61.71272277832031,61.43706130981445,61.222373962402344
2025-06-10 06:37:30,0,connected,61.89706802368164,62.56318664550781,61.26463317871094,62.4411506652832,62.28279113769531,61.8546028137207,61.505401611328125,61.2813720703125
2025-06-10 06:38:00,0,connected,61.840023040771484,62.6616554260254,61.1499900817871,62.359439849853516,62.18144607543945,61.81871795654297,61.48625946044922,61.32600021362305
2025-06-10 06:38:30,0,connected,61.78275680541992,62.44024658203125,60.98448944091797,62.439170837402344,62.19611358642578,61.77998352050781,61.3959617614746,61.02819061279297
2025-06-10 06:39:00,0,connected,61.85001754760742,62.60443878173828,61.0648078918457,62.40712356567383,62.1539192199707,61.87854766845703,61.50717544555664,61.2507095336914
2025-06-10 06:39:30,0,connected,61.84247589111328,62.526031494140625,61.19588088989258,62.332584381103516,62.18184280395508,61.844154357910156,61.490020751953125,61.21604919433594
2025-06-10 06:40:00,0,connected,61.842220306396484,62.52978515625,61.10646438598633,62.442081451416016,62.130584716796875,61.86742401123047,61.518798828125,61.23771667480469
2025-06-10 06:40:30,0,connected,61.7342300415039,62.34392547607422,61.090911865234375,62.295738220214844,62.061805725097656,61.71234130859375,61.41252136230469,61.222496032714844
2025-06-10 06:41:00,0,connected,61.716636657714844,62.215702056884766,61.13416290283203,62.194549560546875,62.03307342529297,61.68586730957031,61.35068130493164,61.13847351074219
2025-06-10 06:41:30,0,connected,61.76799392700195,62.35791778564453,60.941253662109375,62.35099792480469,62.07544708251953,61.74456024169922,61.423553466796875,61.011024475097656
2025-06-10 06:42:00,0,connected,61.78678894042969,62.52799987792969,61.022056579589844,62.485191345214844,62.170257568359375,61.748626708984375,61.431148529052734,61.16907501220703
2025-06-10 06:42:30,0,connected,61.743709564208984,62.34457778930664,61.1028175354004,62.26073455810547,62.119842529296875,61.753055572509766,61.41175842285156,61.131309509277344
2025-06-10 06:43:00,0,connected,61.78022384643555,62.37567138671875,61.151695251464844,62.37007141113281,62.136474609375,61.766231536865234,61.48101806640625,61.15223693847656
2025-06-10 06:43:30,0,connected,61.768680572509766,62.41797637939453,60.92267608642578,62.387264251708984,62.132232666015625,61.769081115722656,61.37693786621094,61.12127685546875
2025-06-10 06:44:00,0,connected,61.80445098876953,62.37432098388672,61.168277740478516,62.2772102355957,62.12562561035156,61.7664794921875,61.552085876464844,61.1807861328125
2025-06-10 06:44:30,0,connected,61.7732048034668,62.8082160949707,61.142032623291016,62.488311767578125,62.127166748046875,61.73903274536133,61.38196563720703,61.167144775390625
2025-06-10 06:45:00,0,connected,61.794551849365234,62.73816680908203,61.19048309326172,62.575843811035156,62.14227294921875,61.781707763671875,61.42439651489258,61.24224090576172
2025-06-10 06:45:30,0,connected,61.78631591796875,62.53668212890625,61.149940490722656,62.49647521972656,62.12181091308594,61.766448974609375,61.4045181274414,61.16887664794922
2025-06-10 06:46:00,0,connected,61.83364486694336,62.4672622680664,61.14244842529297,62.369056701660156,62.177978515625,61.86872100830078,61.49046325683594,61.19934844970703
2025-06-10 06:46:30,0,connected,61.75498580932617,62.4093894958496,61.05321502685547,62.38922119140625,62.141510009765625,61.74415588378906,61.45542907714844,61.08750915527344
2025-06-10 06:47:00,0,connected,61.789737701416016,62.301307678222656,61.1112060546875,62.27378845214844,62.09401321411133,61.7718276977539,61.477535247802734,61.27729797363281
2025-06-10 06:47:30,0,connected,61.8135643005371,62.58598327636719,61.09929656982422,62.4692611694336,62.18006134033203,61.82202911376953,61.409027099609375,61.13758087158203
2025-06-10 06:48:00,0,connected,61.79758071899414,62.42024612426758,61.1302490234375,62.3412094116211,62.1463623046875,61.816200256347656,61.406776428222656,61.1947898864746
2025-06-10 06:48:30,0,connected,61.86330795288086,62.57562255859375,61.410316467285156,62.45392608642578,62.172813415527344,61.83118438720703,61.52644348144531,61.42329406738281
2025-06-10 06:49:00,0,connected,61.85551071166992,62.4056396484375,60.95439147949219,62.39942169189453,62.19598388671875,61.79570388793945,61.52630615234375,61.3174057006836
2025-06-10 06:49:30,0,connected,61.73175048828125,62.27799606323242,61.0090103149414,62.20166015625,62.0836524963379,61.72080993652344,61.40235900878906,61.261070251464844
2025-06-10 06:50:00,0,connected,61.75674057006836,62.50502395629883,60.88368606567383,62.3957748413086,62.133270263671875,61.73912811279297,61.41497039794922,61.07862091064453
2025-06-10 06:50:30,0,connected,61.84878158569336,62.41986846923828,61.322200775146484,62.40666961669922,62.195838928222656,61.854522705078125,61.495269775390625,61.345279693603516
2025-06-10 06:51:00,0,connected,61.825496673583984,62.42203903198242,61.13679504394531,62.40480041503906,62.20339584350586,61.79197692871094,61.46654510498047,61.192047119140625
2025-06-10 06:51:30,0,connected,61.7864761352539,62.50873565673828,60.95034408569336,62.48542022705078,62.10938262939453,61.76765441894531,61.44630432128906,61.07666015625
2025-06-10 06:52:00,0,connected,61.854061126708984,62.349159240722656,61.20464324951172,62.3373146057129,62.190399169921875,61.85700988769531,61.46773147583008,61.239749908447266
2025-06-10 06:52:30,0,connected,61.74220275878906,62.3262710571289,61.03125762939453,62.18088912963867,62.02760314941406,61.76763153076172,61.36803436279297,61.1526985168457
2025-06-10 06:53:00,0,connected,61.92140579223633,62.5821418762207,61.27862548828125,62.5246810913086,62.3277587890625,61.897037506103516,61.6073875427246,61.2956771850586
2025-06-10 06:53:30,0,connected,61.863651275634766,62.46210479736328,61.038944244384766,62.41058349609375,62.20677185058594,61.885826110839844,61.53271484375,61.234222412109375
2025-06-10 06:54:00,0,connected,61.835693359375,62.43063735961914,61.26258850097656,62.38179016113281,62.0801010131836,61.84492492675781,61.49297332763672,61.277748107910156
2025-06-10 06:54:30,0,connected,61.787193298339844,62.6689682006836,60.87189483642578,62.495853424072266,62.10203552246094,61.787139892578125,61.4328842163086,61.19822692871094
2025-06-10 06:55:00,0,connected,61.859619140625,62.52250671386719,61.262779235839844,62.49726867675781,62.22596740722656,61.81001281738281,61.51677322387695,61.43816375732422
2025-06-10 06:55:30,0,connected,61.75141906738281,62.35771179199219,60.89494323730469,62.32593536376953,62.056396484375,61.751495361328125,61.39506530761719,61.146026611328125
2025-06-10 06:56:00,0,connected,61.81761932373047,62.61199188232422,61.03324890136719,62.4795799255371,62.12879943847656,61.7998390197754,61.42958450317383,61.17762756347656
2025-06-10 06:56:30,0,connected,61.750431060791016,62.31618118286133,60.9922866821289,62.3119239807129,62.041297912597656,61.729827880859375,61.431121826171875,61.24114227294922
2025-06-10 06:57:00,0,connected,61.76955032348633,62.451297760009766,60.95475769042969,62.361236572265625,62.131683349609375,61.7852783203125,61.40306091308594,61.04413604736328
2025-06-10 06:57:30,0,connected,61.742767333984375,62.357513427734375,61.12089920043945,62.28154754638672,62.024906158447266,61.75130081176758,61.398597717285156,61.19085693359375
2025-06-10 06:58:00,0,connected,61.802406311035156,62.5152359008789,61.1560287475586,62.4765853881836,62.14757537841797,61.74535369873047,61.414093017578125,61.2196044921875
2025-06-10 06:58:30,0,connected,61.76148986816406,62.33477020263672,61.11730194091797,62.33247375488281,62.086944580078125,61.74864959716797,61.48302459716797,61.19886779785156
2025-06-10 06:59:00,0,connected,61.78362274169922,62.39466094970703,60.89220428466797,62.38304138183594,62.19609069824219,61.76359939575195,61.40771484375,61.15934753417969
2025-06-10 06:59:30,0,connected,61.7886619567871,62.39372253417969,61.27789306640625,62.38885498046875,62.0661849975586,61.77892303466797,61.456878662109375,61.28551483154297
2025-06-10 07:00:00,0,connected,61.89582061767578,62.56416320800781,61.07408142089844,62.47147750854492,62.206626892089844,61.9100570678711,61.5545654296875,61.28447723388672
2025-06-10 07:00:30,0,connected,61.84382629394531,62.79521179199219,61.103477478027344,62.4106216430664,62.15748977661133,61.83412170410156,61.50700759887695,61.2254867553711
2025-06-10 07:01:00,0,connected,61.78879165649414,62.585880279541016,61.22289276123047,62.37528991699219,62.10565185546875,61.77061462402344,61.47810745239258,61.25090026855469
2025-06-10 07:01:30,0,connected,61.7916030883789,62.548248291015625,61.1675910949707,62.346649169921875,62.11857604980469,61.78428649902344,61.44887161254883,61.35187530517578
2025-06-10 07:02:00,0,connected,61.997798919677734,62.6812629699707,61.28455352783203,62.5146369934082,62.28192901611328,61.9969482421875,61.6308479309082,61.35906982421875
2025-06-10 07:02:30,0,connected,62.0270652770996,62.53648376464844,61.498897552490234,62.4982566833496,62.3421630859375,62.02344512939453,61.77357482910156,61.53417205810547
2025-06-10 07:03:00,0,connected,62.02892303466797,62.63487243652344,61.34198760986328,62.62346649169922,62.319541931152344,62.01506042480469,61.69273376464844,61.495269775390625
2025-06-10 07:03:30,0,connected,62.10747146606445,62.79856491088867,61.50666809082031,62.726898193359375,62.4641342163086,62.04924392700195,61.73143005371094,61.55757141113281
2025-06-10 07:04:00,0,connected,62.5853271484375,64.55741119384766,61.854652404785156,64.2995376586914,62.9336051940918,62.51173782348633,62.13818359375,61.87079620361328
2025-06-10 07:04:30,0,connected,64.02730560302734,64.8543243408203,63.01200866699219,64.7306900024414,64.57386779785156,64.09466552734375,63.44634246826172,63.22190856933594
2025-06-10 07:05:00,0,connected,63.74578857421875,64.8402099609375,62.73876953125,64.56941986083984,64.28855895996094,63.713623046875,63.13127899169922,62.929779052734375
2025-06-10 07:05:30,0,connected,63.96193313598633,65.20213317871094,62.82450485229492,65.1676483154297,64.6039581298828,63.9599609375,63.32888412475586,62.89564514160156
2025-06-10 07:06:00,0,connected,64.86744689941406,66.3942642211914,62.25771713256836,66.2778854370117,65.76144409179688,64.9627227783203,63.425201416015625,62.64928436279297
2025-06-10 07:06:30,0,connected,63.32709884643555,64.03609466552734,62.53827667236328,64.0064468383789,63.80453872680664,63.35736846923828,62.75712585449219,62.55982208251953
2025-06-10 07:07:00,0,connected,63.55139923095703,64.73876953125,62.29286193847656,64.7376708984375,64.27711486816406,63.4463005065918,62.8204574584961,62.47254180908203
2025-06-10 07:07:30,0,connected,62.9819450378418,63.97838592529297,62.4288558959961,63.96866989135742,63.30518341064453,62.951499938964844,62.65339660644531,62.4931869506836
2025-06-10 07:08:00,0,connected,63.46354675292969,64.3477325439453,62.70037078857422,64.2836151123047,63.86102294921875,63.45273208618164,62.98499298095703,62.80323028564453
2025-06-10 07:08:30,0,connected,63.0923194885254,64.03456115722656,62.432861328125,64.0263137817383,63.650672912597656,63.020565032958984,62.66288757324219,62.4346809387207
2025-06-10 07:09:00,0,connected,63.22831344604492,64.48755645751953,62.00925064086914,64.24380493164062,63.92478942871094,63.09009552001953,62.70683288574219,62.557334899902344
2025-06-10 07:09:30,0,connected,62.61406326293945,64.46143341064453,61.89933776855469,64.00987243652344,63.21389389038086,62.49247741699219,62.149723052978516,61.914276123046875
2025-06-10 07:10:00,0,connected,62.1039924621582,62.722373962402344,61.466064453125,62.66230010986328,62.40955352783203,62.11375427246094,61.74986267089844,61.521240234375
2025-06-10 07:10:30,0,connected,61.88690185546875,62.4450569152832,61.1442642211914,62.38710021972656,62.2008056640625,61.895713806152344,61.57106018066406,61.19428253173828
2025-06-10 07:11:00,0,connected,61.82704544067383,62.29066467285156,61.24791717529297,62.20262145996094,62.1134262084961,61.8493423461914,61.51323699951172,61.32732391357422
2025-06-10 07:11:30,0,connected,61.83518981933594,62.286407470703125,61.096282958984375,62.27536392211914,62.1563606262207,61.827789306640625,61.55000305175781,61.32085418701172
2025-06-10 07:12:00,0,connected,61.94274139404297,63.66259765625,61.31329345703125,63.371036529541016,62.27305603027344,61.87596893310547,61.57197570800781,61.35698699951172
2025-06-10 07:12:30,0,connected,61.82767868041992,62.56760787963867,61.09540557861328,62.51441192626953,62.131317138671875,61.82539749145508,61.49824905395508,61.220420837402344
2025-06-10 07:12:30,0,connected,61.82767868041992,62.56760787963867,61.09540557861328,62.51441192626953,62.131317138671875,61.82539749145508,61.49824905395508,61.220420837402344
2025-06-10 07:13:00,0,connected,61.812530517578125,62.9329833984375,61.0201187133789,62.35051727294922,62.12371826171875,61.77065658569336,61.5089340209961,61.36144256591797
2025-06-10 07:13:30,0,connected,61.8311653137207,62.58806610107422,61.227455139160156,62.417884826660156,62.15435028076172,61.84264373779297,61.44563293457031,61.2924690246582
2025-06-10 07:14:00,0,connected,61.798187255859375,62.427574157714844,61.30187225341797,62.37303924560547,62.061279296875,61.7941017150879,61.48176574707031,61.315147399902344
2025-06-10 07:14:30,0,connected,61.77485275268555,62.27616882324219,61.1771011352539,62.1884422302246,62.0672607421875,61.79443359375,61.471527099609375,61.31889343261719
2025-06-10 07:15:00,0,connected,61.825408935546875,62.49562454223633,61.28450012207031,62.35014724731445,62.13189697265625,61.83106994628906,61.535316467285156,61.29026794433594
2025-06-10 07:15:30,0,connected,61.9099235534668,62.5916976928711,61.32044982910156,62.53624725341797,62.164306640625,61.90974044799805,61.61581802368164,61.36109161376953
2025-06-10 07:16:00,0,connected,61.955570220947266,62.5892562866211,61.399208068847656,62.48815155029297,62.30451965332031,61.96531677246094,61.653038024902344,61.40378189086914
2025-06-10 07:16:30,0,connected,61.76237487792969,62.57685470581055,61.02472686767578,62.40009307861328,62.153411865234375,61.75009536743164,61.37651824951172,61.21665954589844
2025-06-10 07:17:00,0,connected,61.74864959716797,62.23969650268555,61.15160369873047,62.2088508605957,62.08039474487305,61.7317886352539,61.42042922973633,61.2334976196289
2025-06-10 07:17:30,0,connected,61.79832458496094,62.55516815185547,61.18511962890625,62.499542236328125,62.157135009765625,61.759464263916016,61.434410095214844,61.22235870361328
2025-06-10 07:18:00,0,connected,61.803375244140625,62.331138610839844,61.324310302734375,62.30341720581055,62.131439208984375,61.78931427001953,61.5267333984375,61.334022521972656
2025-06-10 07:18:30,0,connected,61.72200393676758,62.2729263305664,60.8698959350586,62.2652359008789,62.03856658935547,61.71350860595703,61.405513763427734,60.962806701660156
2025-06-10 07:19:00,0,connected,61.73750686645508,62.12272644042969,61.20307159423828,62.118408203125,62.0339469909668,61.73881530761719,61.43473434448242,61.27073669433594
2025-06-10 07:19:30,0,connected,61.816410064697266,62.68309020996094,61.1443977355957,62.47228240966797,62.29423522949219,61.76146697998047,61.392276763916016,61.24992370605469
2025-06-10 07:20:00,0,connected,61.71282958984375,62.35227966308594,60.99998474121094,62.26613235473633,62.065216064453125,61.685508728027344,61.35078430175781,61.12384033203125
2025-06-10 07:20:30,0,connected,61.722164154052734,62.42450714111328,61.0125961303711,62.39323425292969,62.06981658935547,61.70440673828125,61.3309211730957,61.03595733642578
2025-06-10 07:21:00,0,connected,61.88818359375,62.464195251464844,61.29393768310547,62.41746139526367,62.178218841552734,61.87061309814453,61.587398529052734,61.45665740966797
2025-06-10 07:21:30,0,connected,61.92094039916992,62.70674133300781,61.203128814697266,62.63109588623047,62.24915313720703,61.9326286315918,61.53314971923828,61.2714500427246
2025-06-10 07:22:00,0,connected,61.98495864868164,62.50312805175781,61.4312744140625,62.4159164428711,62.28521728515625,61.98194122314453,61.62782287597656,61.44633102416992
2025-06-10 07:22:30,0,connected,62.102630615234375,62.56472396850586,61.5329475402832,62.55128479003906,62.43489074707031,62.09122848510742,61.68403625488281,61.55760192871094
2025-06-10 07:23:00,0,connected,62.18732833862305,62.954345703125,61.58013916015625,62.7195816040039,62.4750633239746,62.192230224609375,61.82196807861328,61.6370849609375
2025-06-10 07:23:30,0,connected,62.50355529785156,63.59320831298828,61.75261688232422,63.50676345825195,62.999752044677734,62.42229461669922,62.0694580078125,61.8141098022461
2025-06-10 07:24:00,0,connected,62.29914855957031,62.823326110839844,61.63954162597656,62.76612854003906,62.64531707763672,62.32698059082031,61.9213638305664,61.64763641357422
2025-06-10 07:24:30,0,connected,62.2276725769043,62.9146499633789,61.686927795410156,62.85114288330078,62.570255279541016,62.20185470581055,61.89755630493164,61.70140838623047
2025-06-10 07:25:00,0,connected,61.99407196044922,62.56108474731445,61.26316833496094,62.51116943359375,62.33497619628906,61.99224853515625,61.67793273925781,61.272308349609375
2025-06-10 07:25:30,0,connected,61.72534942626953,62.1556739807129,61.23551940917969,62.1483154296875,61.957069396972656,61.732852935791016,61.44914245605469,61.264076232910156
2025-06-10 07:26:00,0,connected,61.76080322265625,62.849666595458984,61.03398895263672,62.398719787597656,62.05657958984375,61.74399185180664,61.377498626708984,61.225303649902344
2025-06-10 07:26:30,0,connected,61.8763427734375,62.46172332763672,61.1552963256836,62.352874755859375,62.228546142578125,61.8770980834961,61.51866149902344,61.23311233520508
2025-06-10 07:27:00,0,connected,61.84060287475586,62.5245132446289,61.23228454589844,62.4633560180664,62.159820556640625,61.79779052734375,61.52600860595703,61.368743896484375
2025-06-10 07:27:30,0,connected,61.8328514099121,62.38395690917969,61.31653594970703,62.3233413696289,62.18592834472656,61.7843017578125,61.5405044555664,61.32780456542969
2025-06-10 07:28:00,0,connected,61.78706359863281,62.3644027709961,61.262638092041016,62.31396484375,62.122642517089844,61.79831314086914,61.484344482421875,61.363616943359375
2025-06-10 07:28:30,0,connected,61.8131980895996,62.6681022644043,61.14918899536133,62.28057098388672,62.115848541259766,61.810752868652344,61.46736145019531,61.257362365722656
2025-06-10 07:29:00,0,connected,61.8275146484375,62.305992126464844,61.304141998291016,62.2662582397461,62.13128662109375,61.8002815246582,61.548004150390625,61.32722473144531
2025-06-10 07:29:30,0,connected,61.7529411315918,62.41511154174805,61.02228927612305,62.32161331176758,62.06064987182617,61.749916076660156,61.36225509643555,61.21940612792969
2025-06-10 07:30:00,0,connected,61.8061637878418,62.34442138671875,61.11405944824219,62.34080123901367,62.103973388671875,61.8005142211914,61.48693084716797,61.251251220703125
2025-06-10 07:30:30,0,connected,61.9322853088379,62.58373260498047,61.2603759765625,62.39472961425781,62.3106918334961,61.95051574707031,61.5801773071289,61.35743713378906
2025-06-10 07:31:00,0,connected,61.86069107055664,62.96741485595703,61.1920166015625,62.488563537597656,62.20161437988281,61.85707092285156,61.44673538208008,61.232261657714844
2025-06-10 07:31:30,0,connected,61.82093811035156,62.37904739379883,61.281524658203125,62.332027435302734,62.117855072021484,61.82721710205078,61.49633026123047,61.31736755371094
2025-06-10 07:32:00,0,connected,61.80867385864258,62.34197235107422,61.1838264465332,62.29418182373047,62.13777160644531,61.799468994140625,61.494110107421875,61.20368957519531
2025-06-10 07:32:30,0,connected,62.846675872802734,73.13172912597656,60.434043884277344,71.15794372558594,62.598472595214844,61.81267547607422,60.85834503173828,60.4657974243164
2025-06-10 07:33:00,0,connected,57.16423416137695,63.960113525390625,55.135677337646484,61.51289749145508,58.8677101135254,56.146026611328125,55.58280944824219,55.19606018066406
2025-06-10 07:33:30,0,connected,57.2502555847168,65.1225128173828,55.065399169921875,61.65732192993164,59.262786865234375,56.11184310913086,55.4220085144043,55.12565612792969
2025-06-10 07:34:00,0,connected,57.67359924316406,69.14559936523438,54.9791488647461,67.7118682861328,57.67707824707031,55.91786193847656,55.554290771484375,55.15046691894531
2025-06-10 07:34:30,0,connected,55.937469482421875,56.47416687011719,55.45728302001953,56.46025848388672,56.25151443481445,55.9125747680664,55.60487365722656,55.467376708984375
2025-06-10 07:35:00,0,connected,56.51443099975586,63.1509780883789,55.03739929199219,62.98729705810547,57.4108772277832,55.86012268066406,55.418155670166016,55.09186935424805
2025-06-10 07:35:30,0,connected,55.85758590698242,57.3663101196289,55.027305603027344,56.93190383911133,56.30176544189453,55.78614807128906,55.4201431274414,55.179813385009766
2025-06-10 07:35:30,0,connected,55.85758590698242,57.3663101196289,55.027305603027344,56.93190383911133,56.30176544189453,55.78614807128906,55.4201431274414,55.179813385009766
2025-06-10 07:36:00,0,connected,55.86838912963867,57.724090576171875,55.1244888305664,56.82558822631836,56.38362121582031,55.808387756347656,55.30109405517578,55.12834930419922
2025-06-10 07:36:30,0,connected,56.0748405456543,59.19871139526367,54.9859619140625,59.081573486328125,56.45441436767578,55.8763656616211,55.42536163330078,55.19679260253906
2025-06-10 07:37:00,0,connected,56.291297912597656,66.01012420654297,54.83140563964844,59.11371994018555,56.422515869140625,55.73987579345703,55.32823181152344,55.18431091308594
2025-06-10 07:37:30,0,connected,56.009342193603516,61.32112121582031,54.96354293823242,58.97895812988281,56.544891357421875,55.75147247314453,55.307945251464844,55.101112365722656
2025-06-10 07:38:00,0,connected,55.9664192199707,60.46037292480469,55.010986328125,57.35515594482422,56.40814971923828,55.84517288208008,55.39361572265625,55.05945587158203
2025-06-10 07:38:30,0,connected,56.38076400756836,66.8403854370117,54.9344253540039,63.6901626586914,56.1111068725586,55.63410949707031,55.3515510559082,55.04999542236328
2025-06-10 07:39:00,0,connected,55.957637786865234,57.620567321777344,55.23066711425781,57.49201583862305,56.525421142578125,55.81385040283203,55.37621307373047,55.23554611206055
2025-06-10 07:39:30,0,connected,55.79261779785156,58.46726989746094,55.097835540771484,56.5683364868164,56.2474594116211,55.7015380859375,55.33555603027344,55.14219665527344
2025-06-10 07:40:00,0,connected,55.675968170166016,56.33958435058594,54.91432189941406,56.290122985839844,56.08454132080078,55.65234375,55.26612091064453,54.93309020996094
2025-06-10 07:40:30,0,connected,55.75798416137695,56.435829162597656,54.83137512207031,56.3977165222168,56.18408966064453,55.75541687011719,55.36155700683594,54.92579650878906
2025-06-10 07:41:00,0,connected,55.6578598022461,56.47519302368164,54.806121826171875,56.437660217285156,56.06772232055664,55.65167236328125,55.157630920410156,54.925987243652344
2025-06-10 07:41:30,0,connected,55.6557388305664,56.40342712402344,55.05548095703125,56.3799171447754,56.03040313720703,55.62754440307617,55.233001708984375,55.06315612792969
2025-06-10 07:41:30,0,connected,55.6557388305664,56.40342712402344,55.05548095703125,56.3799171447754,56.03040313720703,55.62754440307617,55.233001708984375,55.06315612792969
2025-06-10 07:42:00,0,connected,55.69723892211914,56.63538360595703,54.73650360107422,56.58624267578125,56.26451110839844,55.6906509399414,55.12026596069336,54.785369873046875
2025-06-10 07:42:30,0,connected,55.39670944213867,55.8701057434082,54.6474380493164,55.85234451293945,55.68860626220703,55.381385803222656,55.10358428955078,54.88914489746094
2025-06-10 07:43:00,0,connected,55.96697235107422,57.362876892089844,54.8192367553711,57.16921615600586,56.88910675048828,55.85515594482422,55.22138977050781,54.823760986328125
2025-06-10 07:43:30,0,connected,56.1838150024414,57.28789138793945,54.9628677368164,57.18220901489258,56.88562774658203,56.08580017089844,55.4587059020996,55.27167510986328
2025-06-10 07:44:00,0,connected,56.14263153076172,57.3027572631836,54.95903015136719,57.264686584472656,56.80744171142578,56.14305114746094,55.47129440307617,55.1159553527832
2025-06-10 07:44:30,0,connected,56.50605010986328,58.42793655395508,54.82884216308594,58.131187438964844,57.36241912841797,56.32771301269531,55.6671142578125,55.079986572265625
2025-06-10 07:45:00,0,connected,56.47614669799805,58.012245178222656,55.36616134643555,58.01067352294922,57.15338897705078,56.3748435974121,55.924503326416016,55.53900146484375
2025-06-10 07:45:30,0,connected,55.95661926269531,57.4114761352539,54.924957275390625,57.22925567626953,56.824249267578125,55.8401985168457,55.28627014160156,55.0698013305664
2025-06-10 07:46:00,0,connected,55.7077865600586,56.46748733520508,54.90460205078125,56.41093444824219,56.09245300292969,55.69136047363281,55.3741226196289,54.968048095703125
2025-06-10 07:46:30,0,connected,55.86468505859375,57.22234344482422,54.95051574707031,57.19640350341797,56.314762115478516,55.84344482421875,55.33064651489258,54.98231506347656
2025-06-10 07:46:30,0,connected,55.86468505859375,57.22234344482422,54.95051574707031,57.19640350341797,56.314762115478516,55.84344482421875,55.33064651489258,54.98231506347656
2025-06-10 07:47:00,0,connected,56.05231475830078,57.65837097167969,55.14027786254883,57.50330352783203,56.66178512573242,56.00933837890625,55.5171890258789,55.22985076904297
2025-06-10 07:47:30,0,connected,55.83338165283203,57.311195373535156,55.21166229248047,56.93812561035156,56.20077896118164,55.78041076660156,55.38800048828125,55.22357177734375
2025-06-10 07:48:00,0,connected,55.813838958740234,56.73231887817383,55.28752899169922,56.3565673828125,56.16957473754883,55.7675552368164,55.51557159423828,55.29301452636719
2025-06-10 07:48:30,0,connected,55.665374755859375,56.61016082763672,54.97502899169922,56.33245849609375,56.01399612426758,55.63127136230469,55.290122985839844,55.00543975830078
2025-06-10 07:49:00,0,connected,55.6117172241211,56.27009201049805,54.53705596923828,56.2655906677246,55.995277404785156,55.6344108581543,55.10126876831055,54.77485656738281
2025-06-10 07:49:30,0,connected,55.934757232666016,57.42948913574219,55.022544860839844,57.32068634033203,56.91782760620117,55.68031311035156,55.29097366333008,55.0362548828125
2025-06-10 07:50:00,0,connected,55.7622299194336,57.2091064453125,54.60032653808594,57.14548873901367,56.34404754638672,55.70176315307617,55.2037353515625,54.608585357666016
2025-06-10 07:50:30,0,connected,55.61123275756836,56.3442726135254,54.96061706542969,56.2310562133789,55.955726623535156,55.595420837402344,55.21417236328125,54.9841079711914
2025-06-10 07:51:00,0,connected,55.5763053894043,56.2326316833496,55.03221893310547,56.16774368286133,55.8865623474121,55.553504943847656,55.2240219116211,55.09686279296875
2025-06-10 07:51:30,0,connected,56.2011833190918,57.686363220214844,55.03065490722656,57.37189483642578,56.80205535888672,56.116851806640625,55.541221618652344,55.160400390625
2025-06-10 07:52:00,0,connected,55.665679931640625,56.40869140625,54.9169692993164,56.366790771484375,56.043155670166016,55.63550567626953,55.31331253051758,55.154449462890625
2025-06-10 07:52:30,0,connected,55.67953872680664,57.175819396972656,54.93321228027344,57.00598907470703,56.18082809448242,55.62385559082031,55.21619415283203,55.05400466918945
2025-06-10 07:53:00,0,connected,55.5049705505371,56.27534484863281,54.70111846923828,56.217681884765625,55.923614501953125,55.50855255126953,55.08283233642578,54.85699462890625
2025-06-10 07:53:30,0,connected,55.82609939575195,57.38134765625,54.90281677246094,57.209259033203125,56.62544250488281,55.645263671875,55.2484359741211,54.97438049316406
2025-06-10 07:54:00,0,connected,56.281219482421875,57.593204498291016,55.25501251220703,57.50865936279297,57.00725555419922,56.12806701660156,55.37830352783203,55.2657585144043
2025-06-10 07:54:30,0,connected,55.66173553466797,56.90673065185547,54.8279800415039,56.73583984375,56.1407241821289,55.650794982910156,55.1669578552246,54.90666961669922
2025-06-10 07:55:00,0,connected,56.42161560058594,59.097328186035156,55.142887115478516,59.0047721862793,58.12135314941406,55.90123748779297,55.46418762207031,55.21253204345703
2025-06-10 07:55:30,0,connected,55.9012451171875,56.68296813964844,55.050086975097656,56.643798828125,56.29114532470703,55.8745460510254,55.40916442871094,55.16838073730469
2025-06-10 07:56:00,0,connected,56.14415740966797,56.91490173339844,55.47265625,56.9093017578125,56.47273254394531,56.1343879699707,55.84814453125,55.50373840332031
2025-06-10 07:56:30,0,connected,56.46696472167969,57.06938171386719,55.9393081665039,57.03546905517578,56.814979553222656,56.46776580810547,56.1036605834961,55.94444274902344
2025-06-10 07:57:00,0,connected,57.052242279052734,58.28623580932617,56.38336181640625,57.88787841796875,57.51776123046875,57.031578063964844,56.59114074707031,56.415077209472656
2025-06-10 07:57:30,0,connected,57.1748275756836,58.283870697021484,56.48031997680664,58.23305892944336,57.65472412109375,57.10401153564453,56.7209129333496,56.535125732421875
2025-06-10 07:58:00,0,connected,58.10423278808594,59.7881088256836,57.223663330078125,59.658050537109375,58.66594696044922,58.035606384277344,57.48206329345703,57.27692413330078
2025-06-10 07:58:30,0,connected,58.00199890136719,58.9464111328125,57.12982177734375,58.73354721069336,58.487030029296875,57.981292724609375,57.490074157714844,57.1419792175293
2025-06-10 07:59:00,0,connected,58.084564208984375,58.99848175048828,56.92323303222656,58.95904541015625,58.60547637939453,58.007938385009766,57.54261016845703,57.21046447753906
2025-06-10 07:59:30,0,connected,58.03364181518555,58.895790100097656,57.1261978149414,58.87886047363281,58.52147674560547,57.9817886352539,57.48677062988281,57.15928649902344
2025-06-10 08:00:00,0,connected,57.94892501831055,59.024784088134766,57.145206451416016,58.9596061706543,58.4481315612793,57.88493347167969,57.473323822021484,57.30741882324219
2025-06-10 08:00:30,0,connected,58.31372833251953,61.22087860107422,56.98486328125,61.16661071777344,59.67168426513672,57.87841033935547,57.543426513671875,57.26329803466797
2025-06-10 08:01:00,0,connected,58.363983154296875,63.86809539794922,57.12071990966797,63.49568557739258,58.83698654174805,58.02880859375,57.61979293823242,57.30952453613281
2025-06-10 08:01:30,0,connected,59.27162551879883,68.57107543945312,58.018707275390625,64.13436889648438,59.095855712890625,58.651607513427734,58.3011474609375,58.07319641113281
2025-06-10 08:02:00,0,connected,59.38408660888672,61.753379821777344,57.779327392578125,61.69821548461914,60.77960968017578,59.02061462402344,58.351715087890625,58.062007904052734
2025-06-10 08:02:30,0,connected,60.04383087158203,61.81496810913086,58.5347900390625,61.6013412475586,61.05999755859375,59.903717041015625,59.01826095581055,58.56793975830078
2025-06-10 08:03:00,0,connected,59.996891021728516,63.1772346496582,58.355140686035156,62.87348937988281,60.92913818359375,59.90577697753906,58.78886032104492,58.483150482177734
2025-06-10 08:03:30,0,connected,59.98744583129883,62.19277572631836,57.66484451293945,62.0534782409668,61.1065444946289,59.783447265625,58.8653564453125,57.67967224121094
2025-06-10 08:04:00,0,connected,57.77565002441406,61.18788528442383,56.88883972167969,60.53733825683594,58.38482666015625,57.5150032043457,57.13152313232422,56.932830810546875
2025-06-10 08:04:30,0,connected,56.972415924072266,58.43571472167969,55.902061462402344,58.0890884399414,57.4972915649414,56.92156219482422,56.35334777832031,55.9752426147461
2025-06-10 08:05:00,0,connected,56.55214309692383,57.37013244628906,55.83038330078125,57.218955993652344,57.05113983154297,56.50609588623047,56.096771240234375,55.85541915893555
2025-06-10 08:05:30,0,connected,56.56220245361328,57.26049041748047,55.79248046875,57.23261642456055,56.89967346191406,56.547027587890625,56.25110626220703,55.95726013183594
2025-06-10 08:06:00,0,connected,58.96835708618164,68.7563934326172,55.40544891357422,66.8524856567383,61.18152618408203,56.65773010253906,55.96289825439453,55.5142707824707
2025-06-10 08:06:30,0,connected,57.31669998168945,62.18994903564453,56.19670867919922,59.77058410644531,57.86529541015625,57.17450714111328,56.53688049316406,56.2246971130371
2025-06-10 08:07:00,0,connected,57.834991455078125,59.27147674560547,56.29364776611328,59.260189056396484,58.69246292114258,57.66034698486328,57.085113525390625,56.40960693359375
2025-06-10 08:07:30,0,connected,57.64405059814453,59.38779067993164,56.57391357421875,59.10179901123047,58.41327667236328,57.512413024902344,57.09978485107422,56.6664047241211
2025-06-10 08:08:00,0,connected,57.3458595275879,58.4157485961914,56.64012145996094,57.818450927734375,57.6280746459961,57.35515594482422,56.9951400756836,56.757328033447266
2025-06-10 08:08:30,0,connected,57.929771423339844,62.70367431640625,56.67380142211914,62.27156066894531,58.6114273071289,57.374542236328125,56.97553253173828,56.68572998046875
2025-06-10 08:09:00,0,connected,58.06684112548828,68.67498779296875,56.592498779296875,62.28612518310547,58.0517807006836,57.32288360595703,56.93843078613281,56.7141342163086
2025-06-10 08:09:30,0,connected,57.795162200927734,63.63822937011719,56.809539794921875,63.13508605957031,58.2632179260254,57.326812744140625,56.98225402832031,56.82853698730469
2025-06-10 08:10:00,0,connected,58.2674903869629,66.62823486328125,56.63971710205078,65.97534942626953,58.561222076416016,57.375282287597656,57.04170227050781,56.697235107421875
2025-06-10 08:10:30,0,connected,58.19621658325195,64.6468505859375,56.86332702636719,63.05451965332031,58.79845428466797,57.47631072998047,57.17121124267578,56.86906433105469
2025-06-10 08:11:00,0,connected,57.26346969604492,58.615562438964844,56.475181579589844,57.8180809020996,57.55670166015625,57.270748138427734,56.89197540283203,56.5268211364746
2025-06-10 08:11:30,0,connected,57.39101791381836,59.84563446044922,56.636192321777344,58.93354034423828,57.77028274536133,57.33222961425781,56.9433822631836,56.7120246887207
2025-06-10 08:12:00,0,connected,57.32712936401367,57.99638366699219,56.6167221069336,57.96614074707031,57.65950012207031,57.29865264892578,57.04671096801758,56.88353729248047
2025-06-10 08:12:30,0,connected,57.223846435546875,57.86829376220703,56.58304977416992,57.75060272216797,57.54228210449219,57.23231506347656,56.80365753173828,56.59332275390625
2025-06-10 08:13:00,0,connected,57.20269012451172,58.17523193359375,56.683746337890625,57.74962615966797,57.502201080322266,57.19361114501953,56.91096496582031,56.73814392089844
2025-06-10 08:13:30,0,connected,57.20928192138672,57.85740661621094,56.65986633300781,57.740325927734375,57.450767517089844,57.1967430114746,56.92930603027344,56.72090148925781
2025-06-10 08:14:00,0,connected,57.520591735839844,61.489437103271484,56.71199035644531,60.25657653808594,57.945648193359375,57.27577209472656,56.97157669067383,56.80048370361328
2025-06-10 08:14:30,0,connected,57.45679473876953,61.16322708129883,56.67013931274414,58.19821548461914,57.797576904296875,57.35639190673828,57.107826232910156,56.83249282836914
2025-06-10 08:15:00,0,connected,57.28993606567383,58.3506088256836,56.63945770263672,57.995059967041016,57.6626968383789,57.269859313964844,56.94915771484375,56.71193313598633
2025-06-10 08:15:30,0,connected,57.5121192932129,58.2622299194336,56.8535385131836,58.10627746582031,57.8570556640625,57.48076248168945,57.15027618408203,56.92132568359375
2025-06-10 08:16:00,0,connected,57.69520950317383,58.46360778808594,57.20823669433594,58.273990631103516,57.98332214355469,57.67933654785156,57.3696517944336,57.2088508605957
2025-06-10 08:16:30,0,connected,58.01113510131836,58.7591781616211,57.22395706176758,58.654991149902344,58.41285705566406,57.9754409790039,57.65411376953125,57.32756805419922
2025-06-10 08:17:00,0,connected,58.572208404541016,60.23717498779297,57.50891876220703,59.95866394042969,59.1174087524414,58.52086639404297,58.05894088745117,57.8416748046875
2025-06-10 08:17:30,0,connected,58.5789909362793,59.4698829650879,57.88812255859375,59.130287170410156,58.8419189453125,58.60014724731445,58.2021598815918,58.010101318359375
2025-06-10 08:18:00,0,connected,58.16182327270508,59.4466781616211,57.628211975097656,58.879676818847656,58.539493560791016,58.144378662109375,57.75535583496094,57.64402770996094
2025-06-10 08:18:30,0,connected,57.539512634277344,58.592159271240234,56.80339813232422,58.550376892089844,58.18981170654297,57.44763946533203,57.04298400878906,56.80525207519531
2025-06-10 08:19:00,0,connected,57.3421859741211,60.548423767089844,56.60142517089844,59.55632781982422,57.68922424316406,57.21303176879883,56.85264587402344,56.605499267578125
2025-06-10 08:19:30,0,connected,58.42852020263672,69.7072219848633,56.49431610107422,66.543701171875,58.10882568359375,57.17765808105469,56.826263427734375,56.60981750488281
2025-06-10 08:20:00,0,connected,57.72233200073242,62.047569274902344,56.5691146850586,61.12583923339844,58.73354721069336,57.391754150390625,57.1001205444336,56.88661193847656
2025-06-10 08:20:30,0,connected,57.7260971069336,62.3388557434082,56.91515350341797,60.34708786010742,58.003257751464844,57.560150146484375,57.1886978149414,56.95684051513672
2025-06-10 08:21:00,0,connected,58.20951461791992,65.35701751708984,56.95050048828125,63.35735321044922,58.65779113769531,57.642982482910156,57.27675247192383,56.994712829589844
2025-06-10 08:21:30,0,connected,59.241634368896484,71.61415100097656,56.7005615234375,69.39231872558594,58.97450637817383,57.51068115234375,57.19688415527344,56.8551902770996
2025-06-10 08:22:00,0,connected,58.2901611328125,64.65210723876953,56.80066680908203,63.444000244140625,59.14306640625,57.640865325927734,57.1765251159668,56.9485855102539
2025-06-10 08:22:30,0,connected,57.46193313598633,58.067413330078125,56.73661804199219,58.059146881103516,57.83906555175781,57.45167922973633,57.0307388305664,56.740325927734375
2025-06-10 08:23:00,0,connected,57.701873779296875,59.61700439453125,56.92523956298828,59.202476501464844,58.18818283081055,57.6366958618164,57.201663970947266,57.006927490234375
2025-06-10 08:23:30,0,connected,57.94509506225586,59.14146423339844,57.25056457519531,58.62005615234375,58.37646484375,57.906532287597656,57.52924346923828,57.3260498046875
2025-06-10 08:24:00,0,connected,58.90397262573242,66.0628128051758,57.066802978515625,64.99827575683594,59.344154357910156,58.3595199584961,57.7193603515625,57.25748825073242
2025-06-10 08:24:30,0,connected,59.012203216552734,62.89381408691406,57.40325927734375,62.264469146728516,60.38763427734375,58.52178192138672,57.94997024536133,57.543209075927734
2025-06-10 08:25:00,0,connected,59.046627044677734,63.20512390136719,57.69573211669922,62.48244094848633,59.43452453613281,58.792152404785156,58.29306411743164,57.986209869384766
2025-06-10 08:25:30,0,connected,59.0616340637207,62.80400848388672,57.406700134277344,61.8271484375,60.09873962402344,58.60697937011719,57.96343994140625,57.66742706298828
2025-06-10 08:26:00,0,connected,58.1606788635254,60.62620544433594,57.39499282836914,60.23606872558594,58.51249694824219,58.068634033203125,57.67724609375,57.400848388671875
2025-06-10 08:26:30,0,connected,57.78907012939453,60.54316711425781,57.16786193847656,60.0008773803711,58.0268325805664,57.71282196044922,57.373172760009766,57.181640625
2025-06-10 08:27:00,0,connected,57.15476608276367,58.358238220214844,56.337554931640625,57.96034240722656,57.56688690185547,57.11481857299805,56.70518493652344,56.45510482788086
2025-06-10 08:27:30,0,connected,57.030555725097656,57.81914520263672,56.3232421875,57.74299621582031,57.36933898925781,57.00297164916992,56.66929626464844,56.4028663635254
2025-06-10 08:28:00,0,connected,57.08561706542969,57.7701644897461,56.553829193115234,57.720375061035156,57.387516021728516,57.056758880615234,56.744659423828125,56.589805603027344
2025-06-10 08:28:30,0,connected,58.2508430480957,65.2738494873047,56.497230529785156,62.52297592163086,59.82295227050781,57.47092056274414,57.070404052734375,56.70978546142578
2025-06-10 08:29:00,0,connected,59.3070945739746,67.8957061767578,56.71635437011719,67.30125427246094,60.28709411621094,57.544342041015625,57.186363220214844,56.78306579589844
2025-06-10 08:29:30,0,connected,58.31596374511719,67.3642120361328,56.72346496582031,62.637176513671875,59.46812438964844,57.582855224609375,57.025962829589844,56.736366271972656
2025-06-10 08:30:00,0,connected,58.80659103393555,70.8076400756836,56.87836837768555,63.733951568603516,59.20997619628906,57.678619384765625,57.18156433105469,56.94783401489258
2025-06-10 08:30:30,0,connected,58.0070571899414,65.79888916015625,56.69700622558594,61.718955993652344,58.72154235839844,57.58198547363281,57.12254333496094,56.76502227783203
2025-06-10 08:31:00,0,connected,59.660770416259766,69.93102264404297,56.5133399963379,67.06607818603516,60.85072708129883,58.20530700683594,57.06786346435547,56.53630828857422
2025-06-10 08:31:30,0,connected,62.715579986572266,75.16612243652344,56.630035400390625,72.6347885131836,65.04569244384766,58.80900192260742,57.027099609375,56.6882095336914
2025-06-10 08:32:00,0,connected,61.72679901123047,77.69775390625,56.659576416015625,71.1672134399414,61.8253059387207,58.04878234863281,57.09345245361328,56.77962112426758
2025-06-10 08:32:30,0,connected,58.95740509033203,69.10543060302734,56.29401397705078,68.72750854492188,59.53662872314453,57.23311233520508,56.7956428527832,56.48500061035156
2025-06-10 08:33:00,0,connected,61.013545989990234,74.80511474609375,56.9250602722168,74.63616943359375,59.06103515625,58.058319091796875,57.2623291015625,56.9354133605957
2025-06-10 08:33:30,0,connected,62.6753158569336,70.4008560180664,58.50086975097656,68.88345336914062,65.8446502685547,60.91938781738281,59.35301971435547,58.63690185546875
2025-06-10 08:34:00,0,connected,60.4020118713379,66.22743225097656,57.845130920410156,64.33035278320312,62.33918762207031,59.451622009277344,58.25686264038086,57.882537841796875
2025-06-10 08:34:30,0,connected,60.4172248840332,63.3319091796875,58.2957992553711,62.591678619384766,61.8100357055664,60.19366455078125,58.83186340332031,58.388519287109375
2025-06-10 08:35:00,0,connected,59.517860412597656,62.71006774902344,58.199012756347656,62.572967529296875,60.910316467285156,59.04439163208008,58.46641540527344,58.36857604980469
2025-06-10 08:35:30,0,connected,59.77486038208008,62.5690689086914,58.44788360595703,61.66825866699219,60.684410095214844,59.57134246826172,58.904335021972656,58.545166015625
2025-06-10 08:36:00,0,connected,62.067657470703125,64.01343536376953,59.4947280883789,63.751373291015625,63.45036697387695,62.00688171386719,60.52189636230469,59.71013641357422
2025-06-10 08:36:30,0,connected,60.0727653503418,62.922210693359375,58.96238708496094,62.2764892578125,61.033203125,59.77845764160156,59.27497863769531,58.98028564453125
2025-06-10 08:37:00,0,connected,60.6249885559082,62.545074462890625,59.24883270263672,62.52177047729492,61.476470947265625,60.42921829223633,59.9185562133789,59.75495529174805
2025-06-10 08:37:30,0,connected,60.47422409057617,63.24058532714844,59.65080261230469,62.126670837402344,60.75944519042969,60.3864974975586,60.0215835571289,59.83495330810547
2025-06-10 08:38:00,0,connected,60.6812973022461,67.2292022705078,58.80548095703125,66.0773391723633,61.65074920654297,60.269203186035156,59.46160888671875,59.05412292480469
2025-06-10 08:38:30,0,connected,60.67103576660156,63.8717269897461,59.262664794921875,62.851688385009766,61.7813491821289,60.36225891113281,59.69749450683594,59.382049560546875
2025-06-10 08:39:00,0,connected,61.23600769042969,68.5316619873047,58.26875305175781,64.92027282714844,63.24882507324219,60.544307708740234,58.939048767089844,58.354339599609375
2025-06-10 08:39:30,0,connected,59.63153076171875,63.94560623168945,58.42565155029297,62.61863708496094,60.64662170410156,59.3525619506836,58.709388732910156,58.453338623046875
2025-06-10 08:40:00,0,connected,59.71335220336914,66.1566696166992,57.4023323059082,65.73440551757812,62.302642822265625,58.38969039916992,57.663055419921875,57.415809631347656
2025-06-10 08:40:30,0,connected,58.881309509277344,63.04705810546875,56.20562744140625,62.88779067993164,60.479644775390625,58.3917236328125,56.6940040588379,56.21415710449219
2025-06-10 08:41:00,0,connected,56.49000930786133,60.520668029785156,55.27399826049805,59.52307891845703,57.396392822265625,56.15980529785156,55.56407928466797,55.28561782836914
2025-06-10 08:41:30,0,connected,56.19563674926758,58.2867431640625,55.316593170166016,57.620723724365234,56.923797607421875,56.04765701293945,55.499637603759766,55.32633590698242
2025-06-10 08:42:00,0,connected,56.17094421386719,61.550209045410156,54.81024932861328,59.2696533203125,57.1474723815918,55.69086837768555,55.2101821899414,54.949012756347656
2025-06-10 08:42:30,0,connected,58.74245834350586,70.79180908203125,55.0793228149414,67.0348663330078,59.67164611816406,56.46949768066406,55.48079299926758,55.0887794494629
2025-06-10 08:43:00,0,connected,58.1924057006836,64.53926849365234,55.31665802001953,63.87002182006836,60.567169189453125,56.9521827697754,55.94015884399414,55.4632568359375
2025-06-10 08:43:30,0,connected,57.92820358276367,67.65039825439453,54.968746185302734,65.2645950317383,59.05901336669922,56.578369140625,55.60750198364258,55.01189041137695
2025-06-10 08:44:00,0,connected,58.37110900878906,67.2337188720703,55.71025085449219,65.64994049072266,59.929481506347656,56.721588134765625,56.10023498535156,55.78326416015625
2025-06-10 08:44:30,0,connected,57.4829444885254,67.6251678466797,55.01020050048828,67.34979248046875,57.297882080078125,55.88578796386719,55.266563415527344,55.11243438720703
2025-06-10 08:45:00,0,connected,57.83115768432617,67.2516098022461,55.0341567993164,66.96495056152344,58.66032409667969,56.37697982788086,55.5870590209961,55.14565658569336
2025-06-10 08:45:30,0,connected,56.87207794189453,61.391754150390625,54.8990707397461,60.21626663208008,58.876495361328125,56.18620300292969,55.40144729614258,55.14582061767578
2025-06-10 08:46:00,0,connected,56.275203704833984,62.32508087158203,54.877716064453125,60.53212356567383,57.246551513671875,55.90352249145508,55.35133361816406,54.91044616699219
2025-06-10 08:46:30,0,connected,56.12593460083008,57.7928810119629,54.941864013671875,57.7103157043457,56.91117858886719,55.8759536743164,55.471954345703125,54.9758644104004
2025-06-10 08:47:00,0,connected,57.296329498291016,59.26477813720703,56.17631530761719,58.79308319091797,58.19573974609375,57.144775390625,56.53815460205078,56.248138427734375
2025-06-10 08:47:30,0,connected,58.0073127746582,60.698394775390625,56.12556457519531,60.438873291015625,59.0256004333496,57.968990325927734,56.49333953857422,56.1449966430664
2025-06-10 08:48:00,0,connected,57.2986946105957,58.88230514526367,55.89716720581055,58.87239074707031,58.32554626464844,56.98622512817383,56.27325439453125,55.99156188964844
2025-06-10 08:48:30,0,connected,58.92341995239258,64.1760711669922,56.65763854980469,62.41583251953125,60.5858383178711,58.3227424621582,57.01312255859375,56.71473693847656
2025-06-10 08:49:00,0,connected,58.86723709106445,65.7489776611328,56.51866912841797,64.55113220214844,59.963783264160156,58.112003326416016,56.993282318115234,56.59557342529297
2025-06-10 08:49:30,0,connected,57.45246887207031,60.4571647644043,55.91173553466797,60.415367126464844,58.686187744140625,56.95237731933594,56.39422607421875,56.00324249267578
2025-06-10 08:50:00,0,connected,58.5453758239746,63.78453826904297,55.895565032958984,63.5000877380371,60.61444091796875,57.29249572753906,56.38429260253906,56.17055130004883
2025-06-10 08:50:30,0,connected,58.64466094970703,66.93096923828125,55.40186309814453,65.73289489746094,60.181678771972656,57.00514602661133,55.7907371520996,55.53108215332031
2025-06-10 08:51:00,0,connected,57.8448257446289,63.0195541381836,55.308624267578125,62.095428466796875,59.65619659423828,57.2024154663086,55.9374771118164,55.52099609375
2025-06-10 08:51:30,0,connected,57.54499816894531,62.29138946533203,55.18754577636719,61.56812286376953,59.57151794433594,56.79799270629883,55.6646499633789,55.30385208129883
2025-06-10 08:52:00,0,connected,56.82478332519531,62.0782241821289,55.07537078857422,60.854312896728516,58.5739631652832,56.16062927246094,55.439979553222656,55.23772048950195
2025-06-10 08:52:30,0,connected,56.3839111328125,60.973106384277344,54.819091796875,60.9319076538086,57.290103912353516,56.05860137939453,55.40911865234375,54.848388671875
2025-06-10 08:53:00,0,connected,57.059783935546875,63.05128479003906,55.26662063598633,60.7879638671875,58.31782150268555,56.528770446777344,55.57061767578125,55.267005920410156
2025-06-10 08:53:30,0,connected,56.73247528076172,63.4863510131836,54.93244934082031,62.89049530029297,57.3560562133789,56.057769775390625,55.39370346069336,55.019691467285156
2025-06-10 08:54:00,0,connected,56.73029327392578,62.58367156982422,55.05864334106445,60.92131423950195,58.05084228515625,55.839752197265625,55.40082550048828,55.1148338317871
2025-06-10 08:54:30,0,connected,56.36949157714844,58.236412048339844,55.21527099609375,58.206241607666016,57.37902069091797,56.08740997314453,55.6897850036621,55.32661437988281
2025-06-10 08:55:00,0,connected,56.07847213745117,58.69108581542969,55.080413818359375,57.49391174316406,56.69794845581055,55.968082427978516,55.47795486450195,55.1349105834961
2025-06-10 08:55:30,0,connected,58.7760009765625,69.91676330566406,55.50407409667969,68.99691772460938,59.43037414550781,56.568511962890625,55.906219482421875,55.61766815185547
2025-06-10 08:56:00,0,connected,57.28009796142578,61.004058837890625,55.82893371582031,59.92692565917969,58.58578872680664,56.8991470336914,56.27909851074219,55.977298736572266
2025-06-10 08:56:30,0,connected,58.9009780883789,64.1258773803711,56.38178253173828,63.40265655517578,60.62028503417969,58.266815185546875,56.96794891357422,56.54022216796875
2025-06-10 08:57:00,0,connected,58.93732452392578,62.506996154785156,56.6494255065918,62.12281799316406,60.2715072631836,58.512611389160156,57.43238067626953,56.729610443115234
2025-06-10 08:57:30,0,connected,59.17444610595703,63.55445861816406,57.14731979370117,63.147151947021484,60.755645751953125,58.43461608886719,57.55265808105469,57.203163146972656
2025-06-10 08:58:00,0,connected,60.24248504638672,66.8456039428711,57.48509979248047,63.64735412597656,62.31017303466797,59.32035827636719,57.803775787353516,57.50735092163086
2025-06-10 08:58:30,0,connected,60.633209228515625,68.1810531616211,57.73783874511719,67.52144622802734,62.798545837402344,59.4612045288086,58.34944152832031,57.828125
2025-06-10 08:59:00,0,connected,60.392417907714844,63.50297546386719,58.25383758544922,63.38331604003906,62.054595947265625,60.015663146972656,58.61296844482422,58.28565216064453
2025-06-10 08:59:30,0,connected,60.9682502746582,64.91371154785156,57.987998962402344,64.7569122314453,63.052162170410156,60.36188507080078,58.826690673828125,58.05451583862305
2025-06-10 09:00:00,0,connected,59.079341888427734,60.76875305175781,57.75861358642578,60.461246490478516,59.77360916137695,59.013851165771484,58.3741683959961,57.85557556152344
2025-06-10 09:00:30,0,connected,57.785701751708984,59.25688171386719,56.774620056152344,58.936893463134766,58.3360939025879,57.7022476196289,57.210235595703125,57.034637451171875
2025-06-10 09:01:00,0,connected,57.90882873535156,60.30164337158203,56.848388671875,60.21788024902344,58.6894874572754,57.68235778808594,57.28852462768555,56.904457092285156
2025-06-10 09:01:30,0,connected,56.982505798339844,59.413726806640625,55.6273422241211,59.06700134277344,58.0363998413086,56.56366729736328,55.901458740234375,55.66599655151367
2025-06-10 09:02:00,0,connected,56.1511116027832,56.77740478515625,55.3914794921875,56.70741271972656,56.50769805908203,56.11756896972656,55.81616973876953,55.531494140625
2025-06-10 09:02:30,0,connected,55.79780197143555,56.52587127685547,54.89016342163086,56.39237976074219,56.16554260253906,55.79298400878906,55.428428649902344,55.18675994873047
2025-06-10 09:03:00,0,connected,55.808799743652344,57.79179763793945,54.91436767578125,57.0761604309082,56.48596954345703,55.67475891113281,55.269981384277344,54.92518615722656
2025-06-10 09:03:30,0,connected,56.024452209472656,57.06414794921875,54.78668212890625,57.01408386230469,56.7100601196289,56.00262451171875,55.30572509765625,54.965694427490234
2025-06-10 09:04:00,0,connected,57.05891418457031,62.19422912597656,54.95782470703125,61.664913177490234,59.1551742553711,56.3566665649414,55.398651123046875,55.022674560546875
2025-06-10 09:04:30,0,connected,58.29603958129883,64.17491149902344,54.81066131591797,63.5247573852539,60.063350677490234,57.751869201660156,55.762420654296875,54.86935806274414
2025-06-10 09:05:00,0,connected,56.229305267333984,59.03083038330078,54.61357879638672,58.4400863647461,57.28221893310547,56.008480072021484,55.1705322265625,54.66115188598633
2025-06-10 09:05:30,0,connected,56.1390609741211,59.7213478088379,54.882041931152344,59.50282287597656,56.995399475097656,55.906654357910156,55.213172912597656,54.93194580078125
2025-06-10 09:06:00,0,connected,57.39360046386719,68.64369201660156,54.584632873535156,64.46663665771484,57.86069107055664,56.0836296081543,55.2009506225586,54.79711151123047
2025-06-10 09:06:30,0,connected,56.963253021240234,63.71622848510742,54.643402099609375,62.35243225097656,58.49932098388672,56.0954818725586,55.312904357910156,54.904457092285156
2025-06-10 09:07:00,0,connected,57.670780181884766,71.66334533691406,54.91107177734375,69.3211669921875,55.91913604736328,55.43103790283203,55.059268951416016,54.91648483276367
2025-06-10 09:07:30,0,connected,55.35615539550781,56.89414978027344,54.523860931396484,56.71036911010742,55.69158172607422,55.310760498046875,54.951324462890625,54.6548728942871
2025-06-10 09:08:00,0,connected,56.132755279541016,60.17233657836914,54.84374237060547,60.0416259765625,57.6291160583496,55.6170768737793,55.1162223815918,54.914955139160156
2025-06-10 09:08:30,0,connected,55.83866882324219,57.62251663208008,54.7952766418457,57.61220169067383,56.5166244506836,55.64213562011719,55.22062683105469,54.82487869262695
2025-06-10 09:09:00,0,connected,56.655025482177734,61.01918411254883,55.084510803222656,61.00831604003906,58.255130767822266,56.022430419921875,55.53216552734375,55.1328125
2025-06-10 09:09:30,0,connected,56.0050392150879,60.93260192871094,55.131103515625,58.4841651916504,56.441246032714844,55.83820343017578,55.23234558105469,55.154083251953125
2025-06-10 09:10:00,0,connected,56.2289810180664,58.09617614746094,54.97880554199219,57.912689208984375,57.39390182495117,55.93518829345703,55.2158088684082,55.03554153442383
2025-06-10 09:10:30,0,connected,56.298641204833984,60.502601623535156,54.98149871826172,60.05511474609375,57.12074279785156,55.88825988769531,55.33998107910156,55.00651550292969
2025-06-10 09:11:00,0,connected,56.209869384765625,62.7652244567871,54.827239990234375,58.13018798828125,56.8921890258789,55.8033676147461,55.28059768676758,54.97308349609375
2025-06-10 09:11:30,0,connected,55.81077575683594,59.14973068237305,54.464542388916016,57.454925537109375,56.482421875,55.6596908569336,55.079524993896484,54.8607521057129
2025-06-10 09:12:00,0,connected,56.0114517211914,58.55570602416992,54.77445983886719,57.35853576660156,56.70915222167969,55.87485122680664,55.34880828857422,54.872230529785156
2025-06-10 09:12:30,0,connected,56.29963302612305,59.66379928588867,54.919281005859375,59.4436378479004,57.427650451660156,55.91461181640625,55.20769500732422,54.91957092285156
2025-06-10 09:13:00,0,connected,56.409759521484375,61.60969543457031,55.0766830444336,61.56982421875,57.40998840332031,55.919830322265625,55.39501953125,55.09577560424805
2025-06-10 09:13:30,0,connected,55.8882064819336,57.03392028808594,54.73265838623047,56.82733154296875,56.4910888671875,55.84519958496094,55.3313331604004,54.90452575683594
2025-06-10 09:14:00,0,connected,55.7698974609375,56.5296630859375,54.77742385864258,56.505828857421875,56.26319122314453,55.74293518066406,55.18867492675781,54.897029876708984
2025-06-10 09:14:30,0,connected,55.78059768676758,57.30437469482422,54.8888931274414,56.6955795288086,56.26496124267578,55.74000549316406,55.2580337524414,55.013275146484375
2025-06-10 09:15:00,0,connected,55.87257766723633,56.8771858215332,54.87455749511719,56.821441650390625,56.4238510131836,55.86290740966797,55.28548049926758,54.936981201171875
2025-06-10 09:15:00,0,connected,55.87257766723633,56.8771858215332,54.87455749511719,56.821441650390625,56.4238510131836,55.86290740966797,55.28548049926758,54.936981201171875
2025-06-10 09:15:30,0,connected,56.04267501831055,59.37030029296875,54.84703826904297,58.33154296875,56.7687873840332,55.95942306518555,55.194427490234375,54.8511962890625
2025-06-10 09:16:00,0,connected,55.95440673828125,57.280181884765625,55.1519660949707,57.05502700805664,56.57899475097656,55.85304260253906,55.405670166015625,55.197784423828125
2025-06-10 09:16:30,0,connected,55.8161277770996,56.88047790527344,54.84504699707031,56.751007080078125,56.4167251586914,55.80934143066406,55.19635772705078,54.852535247802734
2025-06-10 09:17:00,0,connected,55.45757293701172,56.59010696411133,54.5745849609375,56.31664276123047,55.983367919921875,55.4148178100586,54.938316345214844,54.63414764404297
2025-06-10 09:17:30,0,connected,55.53200149536133,56.36247253417969,54.60267639160156,56.352691650390625,55.95990753173828,55.534423828125,55.0040054321289,54.62590026855469
2025-06-10 09:18:00,0,connected,55.43239212036133,56.39609146118164,54.598915100097656,56.35498046875,55.961700439453125,55.3912353515625,54.93506622314453,54.600067138671875
2025-06-10 09:18:30,0,connected,55.31949996948242,56.45530700683594,54.65642166137695,56.452674865722656,55.768028259277344,55.2581558227539,54.91413879394531,54.70342254638672
2025-06-10 09:19:00,0,connected,55.563785552978516,57.53550720214844,54.760562896728516,57.0921859741211,56.01865005493164,55.46309280395508,55.0682716369629,54.78288269042969
2025-06-10 09:19:30,0,connected,56.181610107421875,60.6659164428711,54.7588233947754,60.15791320800781,57.53248977661133,55.58879852294922,55.12766647338867,54.873870849609375
2025-06-10 09:20:00,0,connected,56.3627815246582,62.96241760253906,54.774253845214844,62.35402297973633,57.79218292236328,55.43914794921875,54.9853744506836,54.814579010009766
2025-06-10 09:20:30,0,connected,55.7989158630371,59.8536376953125,54.76081085205078,58.400108337402344,56.557743072509766,55.51386642456055,55.0976676940918,54.90488815307617
2025-06-10 09:21:00,0,connected,55.80487823486328,62.382537841796875,54.7003173828125,60.05919647216797,56.4759750366211,55.389225006103516,54.921722412109375,54.80295944213867
2025-06-10 09:21:30,0,connected,55.55710983276367,57.1320571899414,54.635494232177734,56.95685577392578,56.06291198730469,55.45411682128906,55.0277099609375,54.689788818359375
2025-06-10 09:22:00,0,connected,55.92879104614258,58.647743225097656,54.9128189086914,57.68043518066406,56.5777587890625,55.737342834472656,55.17064666748047,54.955291748046875
2025-06-10 09:22:30,0,connected,55.79926681518555,57.076629638671875,54.852577209472656,56.76471710205078,56.4639549255371,55.662391662597656,55.2160415649414,55.07330322265625
2025-06-10 09:23:00,0,connected,55.758602142333984,56.78306579589844,54.83079528808594,56.74504852294922,56.28480529785156,55.71954345703125,55.250457763671875,54.86030578613281
2025-06-10 09:23:30,0,connected,55.9118537902832,57.38458251953125,54.938629150390625,57.31873321533203,56.66508865356445,55.78204345703125,55.282379150390625,55.094425201416016
2025-06-10 09:24:00,0,connected,55.863983154296875,57.07819747924805,54.86524200439453,57.05310821533203,56.38352584838867,55.758262634277344,55.37175750732422,55.147216796875
2025-06-10 09:24:30,0,connected,58.182193756103516,71.20298767089844,54.62493896484375,70.1280059814453,58.12255859375,55.73915100097656,55.12506103515625,54.63386535644531
2025-06-10 09:25:00,0,connected,55.7724266052246,57.539100646972656,54.7880630493164,56.7501449584961,56.343955993652344,55.71826934814453,55.15322494506836,54.83482360839844
2025-06-10 09:25:30,0,connected,55.71382141113281,56.75324249267578,54.811222076416016,56.57866287231445,56.31952667236328,55.665767669677734,55.10450744628906,54.85731887817383
2025-06-10 09:26:00,0,connected,55.588504791259766,57.8539810180664,54.50795364379883,57.4706802368164,56.36471939086914,55.3512840270996,54.95783233642578,54.5599594116211
2025-06-10 09:26:30,0,connected,55.687870025634766,56.579872131347656,54.68049621582031,56.4837417602539,56.252811431884766,55.60868835449219,55.272918701171875,54.97020721435547
2025-06-10 09:27:00,0,connected,55.88108825683594,57.177860260009766,54.649017333984375,56.90391540527344,56.58331298828125,55.810333251953125,55.1757583618164,54.657657623291016
2025-06-10 09:27:30,0,connected,56.12809371948242,61.351768493652344,54.9535255432129,60.407806396484375,56.67462921142578,55.93669128417969,55.202232360839844,54.99822998046875
2025-06-10 09:28:00,0,connected,57.2962303161621,60.85475158691406,55.02429962158203,60.6751937866211,59.43600845336914,56.525360107421875,55.64160919189453,55.3448715209961
2025-06-10 09:28:30,0,connected,59.412235260009766,70.88182067871094,54.83184814453125,68.72540283203125,61.822025299072266,56.679840087890625,55.51252746582031,55.0342674255371
2025-06-10 09:29:00,0,connected,57.57086944580078,62.786468505859375,55.2580795288086,61.02674102783203,59.2579116821289,56.85615539550781,55.7585220336914,55.34796142578125
2025-06-10 09:29:30,0,connected,56.826576232910156,58.83251190185547,55.28263854980469,58.755332946777344,58.04120635986328,56.57834243774414,55.666221618652344,55.41184616088867
2025-06-10 09:29:30,0,connected,56.826576232910156,58.83251190185547,55.28263854980469,58.755332946777344,58.04120635986328,56.57834243774414,55.666221618652344,55.41184616088867
2025-06-10 09:30:00,0,connected,61.40231704711914,72.42576599121094,55.2938232421875,71.57540893554688,63.190834045410156,57.284217834472656,55.988975524902344,55.41762161254883
2025-06-10 09:30:30,0,connected,58.022212982177734,64.55006408691406,54.931243896484375,64.27322387695312,59.94322967529297,56.54828643798828,55.3897361755371,54.99847412109375
2025-06-10 09:31:00,0,connected,58.957489013671875,69.0694351196289,54.97145080566406,67.51162719726562,62.633514404296875,56.008785247802734,55.47888946533203,55.00383758544922
2025-06-10 09:31:30,0,connected,55.95875930786133,59.20117950439453,54.89243698120117,57.91627502441406,56.72599792480469,55.68860626220703,55.14997100830078,54.89595031738281
2025-06-10 09:31:30,0,connected,55.95875930786133,59.20117950439453,54.89243698120117,57.91627502441406,56.72599792480469,55.68860626220703,55.14997100830078,54.89595031738281
2025-06-10 09:32:00,0,connected,55.877777099609375,60.316978454589844,54.76689147949219,60.1248664855957,56.55165481567383,55.5357894897461,55.1315803527832,54.77025604248047
2025-06-10 09:32:30,0,connected,55.5016212463379,56.480010986328125,54.5813217163086,56.36830520629883,55.94635009765625,55.46120834350586,55.1107521057129,54.68488311767578
2025-06-10 09:33:00,0,connected,55.33687210083008,57.401580810546875,54.69615173339844,56.85292053222656,55.597164154052734,55.27716064453125,55.00852966308594,54.756343841552734
2025-06-10 09:33:30,0,connected,55.58232116699219,56.6354751586914,54.86572265625,56.198280334472656,55.9875717163086,55.51695251464844,55.23939514160156,55.03535079956055
2025-06-10 09:34:00,0,connected,56.03804397583008,62.427734375,54.860626220703125,60.20335388183594,57.3463134765625,55.41064453125,55.06739044189453,54.87995910644531
2025-06-10 09:34:30,0,connected,55.39588165283203,56.22025680541992,54.7580337524414,56.19447326660156,55.70372009277344,55.36982727050781,55.08250427246094,54.83190155029297
2025-06-10 09:35:00,0,connected,55.40935134887695,56.620819091796875,54.7118263244629,56.3283805847168,56.026371002197266,55.3185920715332,54.99347686767578,54.723480224609375
2025-06-10 09:35:30,0,connected,56.155029296875,58.0510482788086,54.790924072265625,57.913272857666016,57.03819274902344,55.9986801147461,55.33301544189453,54.931068420410156
2025-06-10 09:36:00,0,connected,55.74896240234375,57.569976806640625,54.74500274658203,57.2598876953125,56.4246826171875,55.62532043457031,55.134521484375,54.88359069824219
2025-06-10 09:36:30,0,connected,55.4971694946289,56.65807342529297,54.79420852661133,56.473968505859375,56.02027893066406,55.44786834716797,55.05653381347656,54.810630798339844
2025-06-10 09:37:00,0,connected,55.784305572509766,58.45629119873047,54.778594970703125,57.8089828491211,56.7402114868164,55.5136489868164,55.0906753540039,54.86968994140625
2025-06-10 09:37:30,0,connected,55.26471710205078,56.0706443786621,54.60627365112305,55.848758697509766,55.64726638793945,55.225284576416016,54.89387512207031,54.65362548828125
2025-06-10 09:38:00,0,connected,55.829288482666016,57.1489028930664,54.836181640625,57.11292266845703,56.38429260253906,55.81126403808594,55.28070831298828,54.85907745361328
2025-06-10 09:38:30,0,connected,55.52048110961914,56.222251892089844,54.405029296875,56.13386535644531,55.9322853088379,55.5079345703125,55.14017868041992,54.884033203125
2025-06-10 09:39:00,0,connected,55.4181137084961,56.07722473144531,54.56755828857422,56.06492614746094,55.82011413574219,55.39739227294922,54.94312286376953,54.65435028076172
2025-06-10 09:39:30,0,connected,55.37983703613281,56.646026611328125,54.41796112060547,56.5737075805664,55.78863525390625,55.314178466796875,54.89390563964844,54.708648681640625
2025-06-10 09:40:00,0,connected,55.363407135009766,56.19189453125,54.603431701660156,56.039024353027344,55.74037170410156,55.387359619140625,54.8956069946289,54.63514709472656
2025-06-10 09:40:30,0,connected,55.57795715332031,56.36137390136719,54.89446258544922,56.238983154296875,56.00453567504883,55.5499038696289,55.167205810546875,54.971519470214844
2025-06-10 09:41:00,0,connected,55.744300842285156,58.89320373535156,54.93964385986328,57.120121002197266,56.1136703491211,55.6735725402832,55.2771224975586,55.10468292236328
2025-06-10 09:41:30,0,connected,55.73407745361328,56.4749755859375,55.09343719482422,56.37617492675781,56.12812805175781,55.743324279785156,55.2947998046875,55.16473388671875
2025-06-10 09:42:00,0,connected,56.80600357055664,63.16392135620117,55.5866928100586,62.412872314453125,57.01924133300781,56.21356201171875,55.88734436035156,55.640785217285156
2025-06-10 09:42:30,0,connected,56.7856788635254,60.14992904663086,55.55381774902344,58.74153137207031,57.439247131347656,56.65196228027344,56.14080810546875,55.73326110839844
2025-06-10 09:43:00,0,connected,57.0621223449707,58.44782257080078,56.19397735595703,58.40045166015625,57.4155158996582,57.01966857910156,56.65972137451172,56.41736602783203
2025-06-10 09:43:30,0,connected,56.39665985107422,57.2540283203125,55.7184829711914,57.19546127319336,56.82538604736328,56.35881042480469,55.96305847167969,55.79307556152344
2025-06-10 09:44:00,0,connected,55.991546630859375,56.66851806640625,55.192626953125,56.58055877685547,56.41541290283203,55.96345520019531,55.615779876708984,55.3902816772461
2025-06-10 09:44:30,0,connected,55.569149017333984,56.82179260253906,54.87151336669922,56.387657165527344,55.97914123535156,55.53357696533203,55.06694030761719,54.9411506652832
2025-06-10 09:45:00,0,connected,55.636322021484375,57.12007141113281,54.68688201904297,56.9341812133789,56.232479095458984,55.52937698364258,55.03326416015625,54.722991943359375
2025-06-10 09:45:30,0,connected,55.50414276123047,56.14955139160156,54.737613677978516,56.1028823852539,55.915855407714844,55.460968017578125,55.15139389038086,54.867950439453125
2025-06-10 09:46:00,0,connected,55.504642486572266,56.511566162109375,54.72377014160156,56.51068878173828,55.97348403930664,55.483070373535156,55.05503845214844,54.724056243896484
2025-06-10 09:46:00,0,connected,55.504642486572266,56.511566162109375,54.72377014160156,56.51068878173828,55.97348403930664,55.483070373535156,55.05503845214844,54.724056243896484
2025-06-10 09:46:30,0,connected,55.41889572143555,56.77880859375,54.6812973022461,56.49270248413086,55.80451965332031,55.36272430419922,55.00347900390625,54.764556884765625
2025-06-10 09:47:00,0,connected,55.74306869506836,56.917266845703125,54.88807678222656,56.7056007385254,56.30621337890625,55.63828659057617,55.20941162109375,55.00855255126953
2025-06-10 09:47:30,0,connected,55.67254638671875,56.81865692138672,54.83064270019531,56.7995719909668,56.23820495605469,55.61360549926758,55.107208251953125,54.93721008300781
2025-06-10 09:48:00,0,connected,55.93669509887695,56.82905960083008,54.61286163330078,56.81005859375,56.564456939697266,55.949771881103516,55.02140808105469,54.73249816894531
2025-06-10 09:48:30,0,connected,56.0369644165039,57.27316665649414,55.02613830566406,57.22419738769531,56.556182861328125,55.992801666259766,55.473915100097656,55.23902130126953
2025-06-10 09:49:00,0,connected,56.3177490234375,59.24573516845703,54.92251205444336,58.25164031982422,56.908233642578125,56.33374786376953,55.4015235900879,54.96807098388672
2025-06-10 09:49:30,0,connected,55.6426658630371,57.8085823059082,54.778839111328125,56.67268371582031,56.2614974975586,55.50836944580078,55.11480712890625,54.85906982421875
2025-06-10 09:50:00,0,connected,55.779388427734375,57.63508987426758,54.99528503417969,57.52488708496094,56.26106262207031,55.67133331298828,55.24732208251953,55.040740966796875
2025-06-10 09:50:30,0,connected,56.82200241088867,61.552276611328125,55.07621765136719,61.18821716308594,57.94465637207031,56.33268737792969,55.506195068359375,55.09330749511719
2025-06-10 09:51:00,0,connected,56.44596481323242,60.8155746459961,54.87973403930664,59.86396789550781,57.759159088134766,55.97184753417969,55.453861236572266,55.0890884399414
2025-06-10 10:09:30,0,connected,59.7726173400879,69.58763885498047,54.9597053527832,69.58646392822266,62.41566467285156,57.06441116333008,55.70350646972656,55.20170593261719
2025-06-10 10:10:00,0,connected,58.17682647705078,65.3168182373047,55.24943542480469,63.06990051269531,61.233089447021484,56.24627685546875,55.52256393432617,55.32231903076172
2025-06-10 10:10:30,0,connected,59.856170654296875,76.41661071777344,54.90501403808594,67.1082534790039,58.20532989501953,56.28166198730469,55.31292724609375,55.0289649963379
2025-06-10 10:11:00,0,connected,56.63261032104492,62.53575897216797,54.87171173095703,60.297821044921875,57.4404296875,56.270599365234375,55.447540283203125,55.038414001464844
2025-06-10 10:11:30,0,connected,56.362396240234375,58.798309326171875,55.17869567871094,58.6761474609375,57.12438201904297,56.1588020324707,55.60048294067383,55.178924560546875
2025-06-10 10:12:00,0,connected,56.21797561645508,58.91835021972656,55.13200378417969,58.395469665527344,56.804237365722656,55.9637222290039,55.44439697265625,55.17229461669922
2025-06-10 10:12:30,0,connected,57.38041687011719,68.3826141357422,54.8095703125,67.31875610351562,57.31000518798828,56.03302001953125,55.23939895629883,54.855926513671875
2025-06-10 10:13:00,0,connected,56.2938461303711,60.653228759765625,54.826507568359375,59.83784484863281,57.74045181274414,55.831756591796875,55.19385528564453,54.9871711730957
2025-06-10 10:13:30,0,connected,56.044471740722656,57.2201271057129,54.96124267578125,57.14082336425781,56.707725524902344,56.01570129394531,55.26057434082031,54.979400634765625
2025-06-10 10:14:00,0,connected,56.1645164489746,62.6021499633789,54.963958740234375,59.97520446777344,56.70030975341797,55.8297462463379,55.2437858581543,55.02894592285156
2025-06-10 10:14:30,0,connected,56.13107681274414,57.01671600341797,55.04547119140625,56.91937255859375,56.66073989868164,56.10383605957031,55.58306884765625,55.20668029785156
2025-06-10 10:15:00,0,connected,56.70564270019531,61.63652801513672,55.65978240966797,59.17646026611328,57.105384826660156,56.4971694946289,56.012908935546875,55.762508392333984
2025-06-10 10:15:30,0,connected,56.2181053161621,56.9681396484375,55.25254821777344,56.95225524902344,56.6572036743164,56.29816436767578,55.626747131347656,55.31599426269531
2025-06-10 10:16:00,0,connected,56.13496398925781,58.72616958618164,55.004730224609375,58.51988220214844,56.9222183227539,55.93256378173828,55.437957763671875,55.22760772705078
2025-06-10 10:16:30,0,connected,55.96909713745117,56.707218170166016,54.88593292236328,56.69927215576172,56.5337905883789,55.91996765136719,55.43915557861328,55.02770233154297
2025-06-10 10:17:00,0,connected,55.97783279418945,57.112953186035156,55.278770446777344,56.881103515625,56.44348907470703,55.914024353027344,55.574798583984375,55.34996032714844
2025-06-10 10:17:30,0,connected,56.68321990966797,57.395835876464844,55.65473175048828,57.3598861694336,57.191200256347656,56.70514678955078,56.108428955078125,55.698028564453125
2025-06-10 10:18:00,0,connected,56.48650360107422,60.4351577758789,54.8830909729004,58.639808654785156,57.04374694824219,56.464111328125,55.62876510620117,55.22174072265625
2025-06-10 10:18:30,0,connected,61.43312072753906,72.86585998535156,55.06660461425781,72.46165466308594,64.9670944213867,56.46016311645508,55.403533935546875,55.11206817626953
2025-06-10 10:19:00,0,connected,56.87253189086914,63.4468765258789,55.18189239501953,61.85774612426758,57.996978759765625,56.315269470214844,55.56195831298828,55.2737922668457
2025-06-10 10:19:30,0,connected,56.65848922729492,62.01742935180664,54.78163528442383,61.905433654785156,57.379356384277344,56.22216796875,55.24592590332031,54.86012268066406
2025-06-10 10:20:00,0,connected,55.985836029052734,57.7138442993164,54.9129638671875,57.58530807495117,56.63947296142578,55.881629943847656,55.287017822265625,54.92758560180664
2025-06-10 10:20:30,0,connected,57.072235107421875,64.42919158935547,55.16501235961914,64.4143524169922,58.64189910888672,56.1035041809082,55.49366760253906,55.1849594116211
2025-06-10 10:21:00,0,connected,57.56755065917969,65.13623046875,55.1940040588379,64.8597640991211,58.41893768310547,56.43638610839844,55.59285354614258,55.33379364013672
2025-06-10 10:21:30,0,connected,57.16520309448242,63.03364562988281,55.349578857421875,61.45185089111328,58.48716735839844,56.59858703613281,55.62522888183594,55.35761260986328
2025-06-10 10:22:00,0,connected,61.098934173583984,78.1664047241211,54.72027587890625,72.20437622070312,59.19369888305664,56.05242919921875,55.181602478027344,54.9085693359375
2025-06-10 10:22:30,0,connected,56.76719665527344,63.17650604248047,54.81763458251953,59.802696228027344,58.12266540527344,56.1732406616211,55.275306701660156,54.892791748046875
2025-06-10 10:23:00,0,connected,56.78514862060547,60.68320083618164,54.87898254394531,59.84051513671875,58.268497467041016,56.28239822387695,55.33546447753906,54.88789749145508
2025-06-10 10:23:30,0,connected,56.93476867675781,61.18096923828125,55.08208084106445,60.638671875,58.6202621459961,56.3482666015625,55.48037338256836,55.10182189941406
2025-06-10 10:24:00,0,connected,58.1275749206543,66.1902389526367,55.088417053222656,64.93936920166016,60.26072692871094,56.15220260620117,55.360260009765625,55.092132568359375
2025-06-10 10:24:30,0,connected,56.59220504760742,60.4157485961914,54.93217468261719,60.16062927246094,58.07481384277344,56.03855895996094,55.31957244873047,55.08070373535156
2025-06-10 10:25:00,0,connected,57.9084587097168,65.47837829589844,54.9080810546875,65.27477264404297,59.971717834472656,56.35835266113281,55.20305633544922,54.93846130371094
2025-06-10 10:25:30,0,connected,57.450801849365234,65.7768020629883,54.70509719848633,63.95063018798828,59.28319549560547,55.81404113769531,55.10743713378906,54.8031349182129
2025-06-10 10:26:00,0,connected,57.58086395263672,68.909912109375,54.827640533447266,66.95250701904297,57.41617965698242,55.637298583984375,55.14833068847656,54.91284942626953
2025-06-10 10:26:30,0,connected,56.93132781982422,62.719696044921875,54.78218078613281,61.088294982910156,58.583213806152344,56.03074645996094,55.11194610595703,54.7952766418457
2025-06-10 10:27:00,0,connected,59.04209518432617,65.20892333984375,55.16029357910156,64.0722427368164,61.43950271606445,58.076690673828125,55.96898651123047,55.50508117675781
2025-06-10 10:27:30,0,connected,56.9784049987793,62.10508728027344,55.26129150390625,60.75761413574219,57.76802062988281,56.5286750793457,55.80921936035156,55.312435150146484
2025-06-10 10:28:00,0,connected,56.93755340576172,63.982757568359375,55.13998794555664,63.115875244140625,58.151214599609375,56.15599060058594,55.35924530029297,55.14888000488281
2025-06-10 10:28:30,0,connected,60.19480895996094,75.3451461791992,54.87466049194336,72.29925537109375,58.399627685546875,55.83210754394531,55.41596984863281,54.99781036376953
2025-06-10 10:29:00,0,connected,57.45137023925781,65.4353485107422,54.79461669921875,62.0650634765625,59.0747299194336,56.4965705871582,55.389930725097656,54.984947204589844
2025-06-10 10:29:30,0,connected,57.2481689453125,62.05108642578125,54.99631118774414,61.727752685546875,59.01506042480469,56.42655944824219,55.61439514160156,55.0808334350586
2025-06-10 10:30:00,0,connected,57.59032440185547,62.53120422363281,55.2050552368164,62.10139083862305,59.63507843017578,56.70381164550781,55.46514129638672,55.23918914794922
2025-06-10 10:30:30,0,connected,57.505245208740234,64.54256439208984,54.8496322631836,64.38611602783203,59.636199951171875,55.83604431152344,55.272369384765625,54.98527526855469
2025-06-10 10:31:00,0,connected,55.875282287597656,61.724063873291016,54.75421905517578,59.91291809082031,56.33452606201172,55.52546691894531,55.11833953857422,54.80455017089844
2025-06-10 10:31:30,0,connected,56.3200912475586,63.260868072509766,54.71954345703125,61.74988555908203,56.908119201660156,55.74030685424805,55.285362243652344,54.773765563964844
2025-06-10 10:32:00,0,connected,56.779483795166016,62.80466842651367,54.99829864501953,60.43006896972656,57.9766616821289,56.2131004333496,55.381675720214844,55.055362701416016
2025-06-10 10:32:30,0,connected,56.29416275024414,59.88099670410156,54.763389587402344,59.61835479736328,57.63408660888672,55.825531005859375,55.19007110595703,54.80205535888672
2025-06-10 10:33:00,0,connected,56.723331451416016,65.00735473632812,54.887359619140625,62.55995178222656,58.04081726074219,55.78895568847656,55.25953674316406,54.94273376464844
2025-06-10 10:33:30,0,connected,56.548885345458984,65.90303802490234,54.79048538208008,60.97728729248047,57.14025115966797,55.83840560913086,55.251747131347656,54.85987854003906
2025-06-10 10:34:00,0,connected,57.865291595458984,70.10070037841797,55.154701232910156,66.33829498291016,57.61308288574219,56.037052154541016,55.46638488769531,55.158233642578125
2025-06-10 10:34:30,0,connected,57.3327407836914,69.2572250366211,54.96012496948242,63.61920166015625,57.9570541381836,55.95509338378906,55.4110450744629,55.00674057006836
2025-06-10 10:35:00,0,connected,55.72236251831055,58.54515075683594,54.70471954345703,57.92910385131836,56.27172088623047,55.59898376464844,55.15391540527344,54.87165069580078
2025-06-10 10:35:30,0,connected,57.9236717224121,65.49649810791016,54.985172271728516,65.4832305908203,60.39755630493164,55.697479248046875,55.136192321777344,55.00218963623047
2025-06-10 10:36:00,0,connected,57.01479721069336,67.18041229248047,54.87192916870117,62.524688720703125,58.926239013671875,55.61431121826172,55.24968719482422,55.020267486572266
2025-06-10 10:36:30,0,connected,56.5402488708496,64.43733978271484,54.95997619628906,61.98794174194336,57.55326843261719,55.86524200439453,55.3976058959961,55.1002197265625
2025-06-10 10:37:00,0,connected,56.07097625732422,60.09584045410156,55.093719482421875,57.99390411376953,56.800689697265625,55.878448486328125,55.26634979248047,55.10535430908203
2025-06-10 10:37:30,0,connected,56.59003829956055,63.78582763671875,54.71287536621094,60.30406188964844,57.712364196777344,55.958656311035156,55.1637191772461,54.85050964355469
2025-06-10 10:38:00,0,connected,57.40907287597656,63.41405487060547,54.92360305786133,63.05146026611328,59.70427703857422,56.1856575012207,55.365692138671875,55.0945816040039
2025-06-10 10:38:30,0,connected,56.4207878112793,63.619224548339844,54.98761749267578,59.52428436279297,57.99598693847656,55.8017807006836,55.2942771911621,55.053470611572266
2025-06-10 10:39:00,0,connected,55.53096389770508,56.96528625488281,54.47990417480469,56.936798095703125,56.175106048583984,55.425785064697266,54.9680061340332,54.66276550292969
2025-06-10 10:39:30,0,connected,57.04888153076172,70.9127197265625,54.8628921508789,62.39886474609375,56.63869094848633,55.63636016845703,55.175498962402344,54.89692687988281
2025-06-10 10:40:00,0,connected,59.37783432006836,67.28915405273438,54.62168884277344,67.22660064697266,62.39362335205078,57.1561050415039,54.93354034423828,54.654212951660156
2025-06-10 10:40:30,0,connected,59.11164093017578,68.18898010253906,54.34483337402344,65.6555709838867,62.37516784667969,56.58441162109375,54.79606628417969,54.433555603027344
2025-06-10 10:41:00,0,connected,57.1919822692871,64.27901458740234,54.62607192993164,62.7410659790039,59.400062561035156,55.82490539550781,55.176063537597656,54.7765121459961
2025-06-10 10:41:30,0,connected,55.9649658203125,62.174591064453125,54.75624084472656,60.43495178222656,56.486610412597656,55.444488525390625,55.06440353393555,54.8300437927246
2025-06-10 10:42:00,0,connected,55.59278106689453,56.36638641357422,54.93175506591797,56.1064682006836,55.96406555175781,55.5687484741211,55.19048309326172,54.97332763671875
2025-06-10 10:42:30,0,connected,57.02832794189453,63.831085205078125,55.05683898925781,62.309364318847656,59.07415008544922,55.94085693359375,55.477333068847656,55.059288024902344
2025-06-10 10:43:00,0,connected,56.699737548828125,61.60358428955078,55.433528900146484,61.46461486816406,57.8164405822754,56.283416748046875,55.73136901855469,55.467491149902344
2025-06-10 10:43:30,0,connected,56.26588821411133,57.92706298828125,55.320960998535156,57.70507049560547,56.59831237792969,56.228843688964844,55.830322265625,55.34526824951172
2025-06-10 10:44:00,0,connected,56.739322662353516,59.90003967285156,55.833866119384766,59.660160064697266,57.03936767578125,56.65707778930664,56.25016784667969,56.00640869140625
2025-06-10 10:44:00,0,connected,56.739322662353516,59.90003967285156,55.833866119384766,59.660160064697266,57.03936767578125,56.65707778930664,56.25016784667969,56.00640869140625
2025-06-10 10:44:30,0,connected,57.741859436035156,58.8439712524414,56.34558868408203,58.677978515625,58.49898147583008,57.7276611328125,56.94306945800781,56.60397720336914
2025-06-10 10:45:00,0,connected,58.3658103942871,66.0728988647461,56.871620178222656,62.97047424316406,58.64507293701172,57.840492248535156,57.25450897216797,56.94740295410156
2025-06-10 10:45:30,0,connected,58.210506439208984,61.46232604980469,56.97148895263672,60.76969909667969,59.13962173461914,57.95594024658203,57.34905242919922,57.01347351074219
2025-06-10 10:46:00,0,connected,58.325164794921875,66.52401733398438,57.10234069824219,61.52655029296875,58.73368453979492,57.93724060058594,57.49333190917969,57.32255554199219
2025-06-10 10:46:00,0,connected,58.325164794921875,66.52401733398438,57.10234069824219,61.52655029296875,58.73368453979492,57.93724060058594,57.49333190917969,57.32255554199219
2025-06-10 10:46:30,0,connected,58.18781280517578,59.67702102661133,57.51487731933594,58.90630340576172,58.649017333984375,58.14625549316406,57.7585678100586,57.54868698120117
2025-06-10 10:47:00,0,connected,58.82915496826172,60.681602478027344,57.283172607421875,60.52398681640625,59.64635467529297,58.662261962890625,57.93651580810547,57.47296142578125
2025-06-10 10:47:30,0,connected,58.8794288635254,60.79717254638672,57.595306396484375,60.781341552734375,59.7060546875,58.751739501953125,58.07036209106445,57.815345764160156
2025-06-10 10:48:00,0,connected,59.18000411987305,61.782989501953125,57.961097717285156,61.121612548828125,60.32096862792969,58.81175231933594,58.27372360229492,57.99302291870117
2025-06-10 10:48:30,0,connected,58.37870407104492,60.29398727416992,57.17835998535156,59.77124786376953,59.13813018798828,58.28584289550781,57.6834945678711,57.35406494140625
2025-06-10 10:49:00,0,connected,57.961669921875,58.916664123535156,57.05902099609375,58.87358474731445,58.4892807006836,57.90488052368164,57.32318878173828,57.14082336425781
2025-06-10 10:49:30,0,connected,56.63718032836914,59.962589263916016,55.12944030761719,59.24835968017578,57.39776611328125,56.44261169433594,55.684356689453125,55.415855407714844
2025-06-10 10:50:00,0,connected,57.09223175048828,66.99984741210938,54.748600006103516,65.9536590576172,57.27698516845703,56.03217315673828,55.400360107421875,55.04914855957031
2025-06-10 10:50:30,0,connected,56.105926513671875,57.56511688232422,55.305824279785156,56.95881652832031,56.524871826171875,56.05860900878906,55.61384582519531,55.33399200439453
2025-06-10 10:51:00,0,connected,56.217464447021484,57.4044303894043,55.16033935546875,57.21803283691406,56.78313064575195,56.149658203125,55.60087966918945,55.285552978515625
2025-06-10 10:51:30,0,connected,55.7919044494629,58.071563720703125,54.96381378173828,57.622745513916016,56.2875099182129,55.66957092285156,55.299720764160156,55.14891052246094
2025-06-10 10:52:00,0,connected,55.43408203125,56.24974822998047,54.7118911743164,56.1861915588379,55.795745849609375,55.41326141357422,55.066612243652344,54.81591796875
2025-06-10 10:52:30,0,connected,55.42725372314453,56.4185562133789,54.48206329345703,56.36381912231445,55.9033203125,55.41569900512695,54.96705627441406,54.5634765625
2025-06-10 10:53:00,0,connected,55.550453186035156,56.35572052001953,54.72142791748047,56.33739471435547,56.01762008666992,55.50920104980469,55.16737365722656,54.77227783203125
2025-06-10 10:53:30,0,connected,55.372928619384766,57.42414855957031,54.74730682373047,56.86609649658203,55.641910552978516,55.32361602783203,54.97539520263672,54.75617980957031
2025-06-10 10:54:00,0,connected,55.48555374145508,56.181884765625,54.906333923339844,56.07244110107422,55.9530906677246,55.443115234375,55.0454444885254,54.92560577392578
2025-06-10 10:54:30,0,connected,55.298858642578125,56.07073211669922,54.5125961303711,56.03404235839844,55.6279296875,55.28733825683594,54.89929962158203,54.64201354980469
2025-06-10 10:55:00,0,connected,55.925384521484375,58.403446197509766,54.69561004638672,58.14698791503906,57.49156951904297,55.47652053833008,54.96321105957031,54.72441482543945
2025-06-10 10:55:30,0,connected,55.378211975097656,56.17742156982422,54.675933837890625,56.119449615478516,55.76109313964844,55.3570556640625,54.94842529296875,54.75531768798828
2025-06-10 10:55:30,0,connected,55.378211975097656,56.17742156982422,54.675933837890625,56.119449615478516,55.76109313964844,55.3570556640625,54.94842529296875,54.75531768798828
2025-06-10 10:56:00,0,connected,55.498199462890625,56.68511962890625,54.689117431640625,56.5322494506836,56.14826965332031,55.37330627441406,54.963294982910156,54.73027420043945
2025-06-10 19:55:00,5,connected,61.37092590332031,62.12016296386719,60.612003326416016,61.9682960510254,61.662879943847656,61.355224609375,61.06752014160156,60.8633041381836
2025-06-10 20:00:00,5,connected,61.335777282714844,62.17188262939453,60.570526123046875,61.80830383300781,61.60297393798828,61.32284927368164,61.0760383605957,60.83478546142578
2025-06-10 20:05:00,5,connected,61.74497985839844,63.72218322753906,60.6266860961914,63.40001678466797,62.30269241333008,61.6412353515625,61.212005615234375,60.98381042480469
2025-06-10 20:10:00,5,connected,61.309146881103516,61.93402862548828,60.704830169677734,61.787811279296875,61.561065673828125,61.30364990234375,61.04174041748047,60.8327407836914
2025-06-10 21:55:00,5,connected,61.23323059082031,61.8673973083496,60.481136322021484,61.721435546875,61.49855422973633,61.23643112182617,60.954349517822266,60.717315673828125
2025-06-10 22:00:00,5,connected,61.26108932495117,61.902645111083984,60.639617919921875,61.73236846923828,61.524940490722656,61.25463104248047,60.9784049987793,60.765140533447266
2025-06-10 22:05:00,5,connected,61.2688980102539,61.97180938720703,60.57444763183594,61.772430419921875,61.53508377075195,61.26387405395508,60.99510955810547,60.774452209472656
2025-06-10 22:10:00,5,connected,61.2596549987793,61.926353454589844,60.5996971130371,61.734771728515625,61.53500747680664,61.25298309326172,60.9871940612793,60.76029968261719
2025-06-10 22:15:00,5,connected,61.27800750732422,61.9186668395996,60.703887939453125,61.7284927368164,61.54365539550781,61.27326202392578,61.00627136230469,60.808563232421875
2025-06-10 22:20:00,5,connected,61.284942626953125,62.0689926147461,60.65679168701172,61.79473114013672,61.5362434387207,61.27961730957031,61.021400451660156,60.79717254638672
2025-06-10 22:25:00,5,connected,61.323814392089844,62.3839340209961,60.4302864074707,61.9958267211914,61.600982666015625,61.30482864379883,61.03313446044922,60.7807846069336
2025-06-10 22:30:00,5,connected,61.31552505493164,61.93189239501953,60.69038391113281,61.79425811767578,61.57712173461914,61.3069839477539,61.0443344116211,60.81787872314453
2025-06-10 22:35:00,5,connected,61.3251609802246,61.976654052734375,60.70735168457031,61.795166015625,61.580596923828125,61.32646179199219,61.04267883300781,60.814727783203125
2025-06-10 22:40:00,5,connected,61.33430480957031,62.14734649658203,60.7109718322754,61.821720123291016,61.569644927978516,61.3302001953125,61.08219909667969,60.87828826904297
2025-06-10 22:45:00,5,connected,61.3221092224121,62.00902557373047,60.74742126464844,61.80371856689453,61.58173751831055,61.31464767456055,61.05304718017578,60.8108253479004
2025-06-10 22:50:00,5,connected,61.31721496582031,61.915653228759766,60.69139099121094,61.816734313964844,61.57818603515625,61.31385803222656,61.04112243652344,60.8248519897461
2025-06-10 22:55:00,5,connected,61.33570098876953,62.00455856323242,60.65330505371094,61.8173828125,61.6075210571289,61.33244323730469,61.05744934082031,60.81956100463867
2025-06-11 22:20:00,5,connected,60.68528366088867,61.33974838256836,59.980926513671875,61.2020378112793,60.9717025756836,60.68328094482422,60.36671829223633,60.165252685546875
2025-06-11 22:25:00,5,connected,60.66012954711914,61.389564514160156,59.76002502441406,61.18157196044922,60.9237060546875,60.650062561035156,60.377525329589844,60.153987884521484
2025-06-11 22:30:00,5,connected,60.68610382080078,61.53901672363281,59.85749816894531,61.17211151123047,60.959625244140625,60.684364318847656,60.39186096191406,60.1396713256836
2025-06-11 22:35:00,5,connected,60.63227081298828,61.3131446838379,59.9502830505371,61.15674591064453,60.9191665649414,60.6356430053711,60.33644485473633,60.046234130859375
2025-06-11 22:40:00,5,connected,60.646793365478516,61.43927764892578,59.7744483947754,61.20904541015625,60.94831848144531,60.63536834716797,60.342281341552734,60.107818603515625
2025-06-11 22:45:00,5,connected,60.6797218322754,61.34230041503906,59.7622947692871,61.243011474609375,60.990474700927734,60.67561340332031,60.349822998046875,60.09735107421875
2025-06-11 22:50:00,5,connected,60.67223358154297,61.357486724853516,59.918006896972656,61.2090950012207,60.96770095825195,60.66700744628906,60.37255859375,60.113983154296875
2025-06-11 22:55:00,5,connected,60.69063186645508,61.35380935668945,59.94439697265625,61.18791961669922,60.97148895263672,60.683135986328125,60.39772033691406,60.156578063964844
2025-06-11 23:00:00,5,connected,60.59970474243164,61.18578338623047,59.9554672241211,61.07429504394531,60.87593078613281,60.59471130371094,60.31217956542969,60.122528076171875
2025-06-11 23:05:00,5,connected,60.667510986328125,61.50078582763672,59.9712905883789,61.17961120605469,60.961097717285156,60.6564826965332,60.3572006225586,60.1171760559082
2025-06-11 23:10:00,5,connected,60.638179779052734,61.34941101074219,59.76850128173828,61.126529693603516,60.90538024902344,60.6392936706543,60.338809967041016,60.10327911376953
2025-06-11 23:15:00,5,connected,60.7493782043457,61.52940368652344,60.03327560424805,61.327301025390625,61.04554748535156,60.7504768371582,60.4281005859375,60.1883544921875
2025-06-11 23:20:00,5,connected,61.07789611816406,62.7131576538086,60.06937789916992,61.98476028442383,61.50971984863281,61.0498924255371,60.618133544921875,60.29515075683594
2025-06-11 23:25:00,5,connected,62.21192169189453,64.14491271972656,60.5771141052246,63.83808898925781,63.13529968261719,62.073795318603516,61.393917083740234,60.992713928222656
2025-06-11 23:30:00,5,connected,61.291568756103516,62.02622985839844,60.480926513671875,61.87334442138672,61.57024383544922,61.288658142089844,61.00416946411133,60.771202087402344
2025-06-11 23:35:00,5,connected,61.59632873535156,63.42145538330078,60.767333984375,62.870155334472656,62.12575149536133,61.49030303955078,61.15724182128906,60.97565460205078
2025-06-11 23:40:00,5,connected,61.99742889404297,63.05686950683594,60.947052001953125,62.8250732421875,62.433712005615234,61.990142822265625,61.506019592285156,61.1934585571289
2025-06-11 23:45:00,5,connected,61.53050231933594,63.7799301147461,60.5596923828125,63.251060485839844,62.23622131347656,61.37872314453125,61.0599250793457,60.83028030395508
2025-06-11 23:50:00,5,connected,61.80823516845703,64.09535217285156,60.79304504394531,63.74384689331055,62.490074157714844,61.6426773071289,61.22765350341797,60.92732620239258
2025-06-11 23:55:00,5,connected,60.91636276245117,62.949981689453125,59.932987213134766,62.12202453613281,61.57122039794922,60.78409957885742,60.44700622558594,60.21526336669922
2025-06-12 00:00:00,5,connected,60.6753807067871,61.35350799560547,59.96844482421875,61.21316146850586,60.9542236328125,60.6640396118164,60.38581848144531,60.16351318359375
2025-06-12 00:05:00,5,connected,61.16912078857422,64.0242233276367,60.17036437988281,63.678863525390625,61.71351623535156,60.94335174560547,60.54700469970703,60.318973541259766
2025-06-12 00:10:00,5,connected,62.57344436645508,65.0604705810547,61.2345199584961,64.2037353515625,63.367401123046875,62.44005584716797,61.85866165161133,61.43473434448242
2025-06-12 00:15:00,5,connected,61.253700256347656,64.3082275390625,60.08171081542969,63.73738479614258,62.50353240966797,60.80360412597656,60.442596435546875,60.187583923339844
2025-06-12 00:20:00,5,connected,61.14255905151367,63.0706901550293,60.08925247192383,62.30601501464844,61.74040603637695,61.06894302368164,60.572357177734375,60.24491882324219
2025-06-12 00:25:00,5,connected,60.689422607421875,61.553802490234375,59.99079895019531,61.29331970214844,60.9900779724121,60.67608642578125,60.376792907714844,60.1910400390625
2025-06-12 00:30:00,5,connected,60.69044876098633,61.304168701171875,60.018131256103516,61.19669723510742,60.965858459472656,60.680747985839844,60.40505599975586,60.16319274902344
2025-06-12 00:35:00,5,connected,60.73790740966797,61.4964942932129,60.01034927368164,61.269500732421875,61.024505615234375,60.72358322143555,60.43894577026367,60.17766571044922
2025-06-12 00:40:00,5,connected,60.787601470947266,61.5069580078125,60.14009094238281,61.33245849609375,61.07817459106445,60.77922058105469,60.490966796875,60.26484680175781
2025-06-12 00:45:00,5,connected,60.801177978515625,61.67424774169922,60.06330108642578,61.35243225097656,61.11769104003906,60.784427642822266,60.50067901611328,60.282257080078125
2025-06-12 00:50:00,5,connected,60.79258728027344,61.42713165283203,59.99949645996094,61.337677001953125,61.07294464111328,60.78801727294922,60.48844528198242,60.258628845214844
2025-06-12 00:55:00,5,connected,60.72477340698242,61.498783111572266,60.0471420288086,61.2619400024414,60.9928970336914,60.71631622314453,60.437828063964844,60.17027282714844
2025-06-12 01:00:00,5,connected,60.774497985839844,61.569740295410156,59.95484161376953,61.323028564453125,61.056640625,60.763702392578125,60.48384475708008,60.183441162109375
2025-06-12 01:05:00,5,connected,60.80815505981445,61.521087646484375,60.10028839111328,61.303627014160156,61.099647521972656,60.81132507324219,60.49913787841797,60.22877883911133
2025-06-12 01:10:00,5,connected,60.7857894897461,61.64164733886719,60.06282043457031,61.3036117553711,61.0732765197754,60.78013229370117,60.47652053833008,60.263885498046875
2025-06-12 01:15:00,5,connected,61.47201919555664,64.8565444946289,60.11579132080078,64.32418060302734,63.0825309753418,60.995548248291016,60.59333038330078,60.328765869140625
2025-06-12 01:20:00,5,connected,62.4408950805664,65.3750534057617,61.43244171142578,63.895999908447266,62.906219482421875,62.37156677246094,61.94657516479492,61.6281967163086
2025-06-12 01:25:00,5,connected,61.345333099365234,64.83970642089844,59.97356414794922,64.3867950439453,62.7328987121582,60.783782958984375,60.41147994995117,60.2121238708496
2025-06-12 01:30:00,5,connected,60.6505126953125,61.299232482910156,60.0034065246582,61.15956497192383,60.924598693847656,60.641204833984375,60.369300842285156,60.16789245605469
2025-06-12 01:35:00,5,connected,60.88676071166992,62.1640396118164,60.0401954650879,61.706947326660156,61.32876205444336,60.82715606689453,60.45838165283203,60.25304412841797
2025-06-12 01:40:00,5,connected,60.65760803222656,61.5203857421875,59.96623229980469,61.23274230957031,60.93323516845703,60.6536865234375,60.36408996582031,60.17588424682617
2025-06-12 01:45:00,5,connected,60.66704559326172,61.46753692626953,59.983314514160156,61.173912048339844,60.93811798095703,60.660552978515625,60.37512969970703,60.17564392089844
2025-06-12 01:50:00,5,connected,60.66791534423828,61.4159164428711,59.9461898803711,61.17457580566406,60.95154571533203,60.6578369140625,60.387603759765625,60.15415954589844
2025-06-12 01:55:00,5,connected,60.665035247802734,61.37092590332031,59.95622253417969,61.20800018310547,60.9359130859375,60.65930938720703,60.38275909423828,60.14253234863281
2025-06-12 02:00:00,5,connected,61.03996658325195,62.789154052734375,60.0898666381836,62.1269874572754,61.6618881225586,60.94390106201172,60.50506591796875,60.25651550292969
2025-06-12 02:05:00,5,connected,60.75391387939453,61.96363830566406,59.9382553100586,61.5074691772461,61.063194274902344,60.72639465332031,60.4206314086914,60.20072937011719
2025-06-12 02:10:00,5,connected,60.790035247802734,61.562740325927734,60.01128005981445,61.36426544189453,61.09967803955078,60.77779006958008,60.484291076660156,60.229278564453125
2025-06-12 02:15:00,5,connected,60.822757720947266,61.46437454223633,59.99053955078125,61.3329963684082,61.113311767578125,60.81419372558594,60.5276985168457,60.246402740478516
2025-06-12 02:20:00,5,connected,62.3545265197754,65.48745727539062,60.43024444580078,64.34893798828125,63.404541015625,62.26868438720703,61.1980972290039,60.820953369140625
2025-06-12 02:25:00,5,connected,61.43519592285156,64.61949920654297,60.16773223876953,64.25576782226562,62.92253112792969,60.87712097167969,60.5205307006836,60.25306701660156
2025-06-12 02:30:00,5,connected,60.694549560546875,61.403106689453125,60.066158294677734,61.20623779296875,60.972564697265625,60.68266677856445,60.4144058227539,60.193511962890625
2025-06-12 02:35:01,5,connected,61.20259094238281,64.33531188964844,60.080772399902344,63.8650779724121,61.899845123291016,60.913734436035156,60.54636764526367,60.27635955810547
2025-06-12 02:40:00,5,connected,62.410335540771484,65.2357177734375,60.25738525390625,64.7515335083008,63.41691589355469,62.277706146240234,61.25914001464844,60.5853042602539
2025-06-12 02:45:00,5,connected,60.75600814819336,61.6261215209961,60.0516242980957,61.328556060791016,61.049766540527344,60.7481918334961,60.453125,60.2232894897461
2025-06-12 02:50:00,5,connected,60.72794723510742,61.31663513183594,60.04584503173828,61.23382568359375,60.999237060546875,60.7190818786621,60.43939208984375,60.23427200317383
2025-06-12 02:55:00,5,connected,60.71061325073242,61.422908782958984,59.98891067504883,61.22705841064453,60.97230529785156,60.69975280761719,60.430728912353516,60.215999603271484
2025-06-12 03:00:00,5,connected,60.71900177001953,61.5364761352539,60.05324172973633,61.22254943847656,61.00230407714844,60.71305847167969,60.422149658203125,60.1753921508789
2025-06-12 03:05:00,5,connected,60.712730407714844,61.36058807373047,60.01367950439453,61.215003967285156,60.97344970703125,60.70198059082031,60.434295654296875,60.19837951660156
2025-06-12 03:10:00,5,connected,60.718101501464844,61.3419418334961,60.01240921020508,61.20630645751953,60.9850082397461,60.714176177978516,60.42756652832031,60.19175720214844
2025-06-12 03:15:00,5,connected,60.73491287231445,61.44044494628906,59.99541091918945,61.2179832458496,61.01940155029297,60.72309112548828,60.45414733886719,60.22863006591797
2025-06-12 11:25:00,5,connected,55.539215087890625,71.2857208251953,53.8850326538086,61.520233154296875,55.818965911865234,54.91682815551758,54.42280578613281,53.998687744140625
2025-06-12 11:30:00,5,connected,57.19348907470703,69.4841079711914,53.51079559326172,66.2415237426758,58.69364929199219,55.36711502075195,54.49574661254883,54.0738182067871
2025-06-12 11:35:00,5,connected,56.72306442260742,68.67652893066406,53.698936462402344,63.48291015625,58.9504623413086,55.24992370605469,54.35784912109375,53.958866119384766
2025-06-12 11:40:00,5,connected,58.79876708984375,73.96985626220703,53.690460205078125,66.647216796875,61.20988464355469,56.79815673828125,54.78570556640625,54.1585693359375
2025-06-12 11:45:00,5,connected,57.24622344970703,71.69476318359375,53.3669776916504,66.7720260620117,58.5029296875,55.1720199584961,54.37980651855469,53.783599853515625
2025-06-12 11:50:00,5,connected,55.693603515625,67.26087951660156,54.63728713989258,57.486000061035156,55.902305603027344,55.49541473388672,55.099647521972656,54.8381690979004
2025-06-12 11:55:00,5,connected,55.74551010131836,57.82332229614258,54.875972747802734,56.684200286865234,56.12803268432617,55.71669387817383,55.3417091369629,55.01390075683594
2025-06-12 12:00:00,5,connected,55.99789810180664,58.66620635986328,54.96672439575195,57.07810592651367,56.4361572265625,55.95396423339844,55.52288818359375,55.1624984741211
2025-06-12 12:10:00,5,connected,56.08054733276367,57.85013961791992,55.13502502441406,56.99394226074219,56.559654235839844,56.04875183105469,55.584678649902344,55.27305603027344
2025-06-12 12:15:00,5,connected,56.0761375427246,57.67364501953125,55.033241271972656,57.201171875,56.629112243652344,56.005615234375,55.58047103881836,55.176544189453125
2025-06-12 12:20:00,5,connected,56.141788482666016,61.26173782348633,55.04150390625,58.4572525024414,56.697540283203125,55.964595794677734,55.56495666503906,55.24790573120117
2025-06-12 12:25:00,5,connected,56.246280670166016,59.633880615234375,55.116424560546875,58.13780975341797,56.947349548339844,56.08039855957031,55.57318115234375,55.2879867553711
2025-06-12 12:30:00,5,connected,57.684417724609375,61.67706298828125,55.470367431640625,60.510494232177734,59.221641540527344,57.49453353881836,56.164642333984375,55.743690490722656
2025-06-12 12:35:00,5,connected,56.10554885864258,59.223602294921875,55.0079116821289,57.43927001953125,56.7037353515625,55.999725341796875,55.543548583984375,55.248931884765625
2025-06-12 12:40:00,5,connected,59.34890365600586,61.7470817565918,56.80360412597656,61.54130554199219,60.445220947265625,59.32102966308594,57.843170166015625,57.02337646484375
2025-06-12 12:45:00,5,connected,59.741607666015625,64.7587432861328,55.69245910644531,63.8696403503418,61.8082275390625,59.674747467041016,56.38621520996094,55.90922546386719
2025-06-12 12:50:00,5,connected,57.3310546875,60.43286895751953,55.561195373535156,59.33784484863281,58.407161712646484,57.12669372558594,56.217376708984375,55.8343276977539
2025-06-12 12:55:00,5,connected,59.45453643798828,63.16896057128906,56.07567596435547,61.95721435546875,60.908653259277344,59.28937530517578,57.45397186279297,56.497474670410156
2025-06-12 13:00:00,5,connected,56.43933868408203,63.35466766357422,55.13701629638672,61.840980529785156,56.75856018066406,56.1584243774414,55.6638069152832,55.3325424194336
2025-06-12 13:05:00,5,connected,57.056884765625,73.65879821777344,54.16539764404297,65.6233139038086,56.86728286743164,55.95207214355469,55.385196685791016,54.69288635253906
2025-06-12 13:10:00,5,connected,56.837703704833984,65.246826171875,54.22323989868164,62.93724060058594,58.678504943847656,55.88636016845703,54.91505432128906,54.476348876953125
2025-06-12 13:15:00,5,connected,57.16837692260742,65.72830200195312,54.275054931640625,64.21595764160156,59.372074127197266,55.708187103271484,54.846893310546875,54.4216651916504
2025-06-12 13:20:00,5,connected,55.93523025512695,66.9636993408203,54.05341339111328,60.97938537597656,56.70079040527344,55.3443832397461,54.7279281616211,54.33454132080078
2025-06-12 13:25:00,5,connected,56.212188720703125,67.6746368408203,54.1390495300293,61.75343704223633,57.12828826904297,55.532962799072266,54.853675842285156,54.515960693359375
2025-06-12 13:30:00,5,connected,59.01853942871094,68.5868148803711,55.02801513671875,65.55799102783203,60.8342056274414,58.15887451171875,56.3998031616211,55.453582763671875
2025-06-12 13:35:00,5,connected,58.2595558166504,69.91847229003906,54.25599670410156,64.7252731323242,60.123626708984375,57.529998779296875,55.080078125,54.59959411621094
2025-06-12 13:40:00,5,connected,57.56486129760742,70.98159790039062,53.98667907714844,65.35052490234375,59.127838134765625,56.273841857910156,55.0263900756836,54.5582504272461
2025-06-12 13:45:00,5,connected,57.149478912353516,68.5345458984375,55.61598205566406,62.33123779296875,57.313995361328125,56.74568176269531,56.34003829956055,55.99534606933594
2025-06-12 17:50:00,5,connected,57.67980194091797,65.58938598632812,55.751068115234375,61.68873977661133,58.85845947265625,57.1628303527832,56.31962585449219,55.96527099609375
2025-06-12 17:55:00,5,connected,57.84499740600586,67.53211975097656,55.65465545654297,62.183624267578125,59.3417625427246,57.16843795776367,56.338294982910156,55.8630142211914
2025-06-12 18:00:00,5,connected,59.11189270019531,66.4209518432617,55.9070701599121,63.904788970947266,61.06452941894531,58.3361587524414,56.819580078125,56.171905517578125
2025-06-12 18:05:00,5,connected,57.7445297241211,66.0517578125,55.56298828125,62.97393035888672,59.0478401184082,57.25102996826172,56.247230529785156,55.82953643798828
2025-06-12 18:10:00,5,connected,56.95505142211914,65.67993927001953,55.599365234375,61.01142883300781,57.84013366699219,56.49168395996094,56.0872802734375,55.774600982666016
2025-06-12 18:15:00,5,connected,56.6284408569336,59.62701416015625,55.587677001953125,58.07212829589844,57.30853271484375,56.47719192504883,56.10613250732422,55.84422302246094
2025-06-12 18:20:00,5,connected,58.3494644165039,63.3322410583496,55.7825698852539,61.36003112792969,60.3690414428711,57.7099609375,56.2807388305664,55.97602844238281
2025-06-12 18:25:00,5,connected,56.3890495300293,57.16054153442383,55.5949935913086,56.92097473144531,56.69427490234375,56.382972717285156,56.0665397644043,55.81431579589844
2025-06-12 18:30:00,5,connected,57.58721160888672,61.62031936645508,55.5821762084961,61.2085075378418,59.87566375732422,56.731998443603516,56.22113800048828,55.9075698852539
2025-06-12 18:35:00,5,connected,60.85020446777344,65.6692657470703,58.18638610839844,65.223876953125,62.819976806640625,59.896522521972656,59.05093002319336,58.54008865356445
2025-06-12 18:40:00,5,connected,60.3683967590332,78.5546188354492,55.5109634399414,69.44009399414062,61.318424224853516,56.96030807495117,56.1316909790039,55.741249084472656
2025-06-12 18:45:00,5,connected,57.1569938659668,67.46307373046875,55.74212646484375,61.13484573364258,57.39897918701172,56.856170654296875,56.395023345947266,56.082550048828125
2025-06-12 18:50:00,5,connected,58.14335250854492,67.05690002441406,55.95885467529297,63.582550048828125,59.51898193359375,57.47594451904297,56.55181884765625,56.13301467895508
2025-06-12 18:55:00,5,connected,57.04337692260742,62.4966049194336,55.84711837768555,58.179595947265625,57.60113525390625,56.93423080444336,56.464019775390625,56.089263916015625
2025-06-12 19:00:00,5,connected,57.27879333496094,61.82307052612305,55.94739532470703,59.6644287109375,58.2171401977539,57.03063201904297,56.482330322265625,56.21363830566406
2025-06-12 19:05:00,5,connected,60.6330909729004,64.7555923461914,57.85033416748047,63.696414947509766,62.2165412902832,60.280731201171875,59.058380126953125,58.364593505859375
2025-06-12 19:10:00,5,connected,57.4359474182129,62.653594970703125,55.904388427734375,61.237457275390625,59.448333740234375,56.785823822021484,56.3542823791504,56.0533676147461
2025-06-12 19:15:00,5,connected,56.723915100097656,57.8525161743164,55.7874984741211,57.45732879638672,57.104461669921875,56.7061767578125,56.336761474609375,56.117393493652344
2025-06-12 19:35:00,5,connected,61.11591720581055,61.712928771972656,60.3814468383789,61.61317443847656,61.397735595703125,61.108489990234375,60.8172378540039,60.56452560424805
2025-06-12 19:40:00,5,connected,61.00404357910156,61.8081932067871,60.28492736816406,61.488853454589844,61.2690658569336,61.01243591308594,60.715179443359375,60.5010986328125
2025-06-12 19:45:00,5,connected,60.93104553222656,61.63473892211914,60.1954345703125,61.425498962402344,61.21664810180664,60.9179916381836,60.65777587890625,60.417236328125
2025-06-12 19:50:00,5,connected,60.87744903564453,61.56822967529297,60.2085189819336,61.428070068359375,61.164794921875,60.86888885498047,60.57545852661133,60.36415100097656
2025-06-12 19:55:00,5,connected,60.82453918457031,61.575645446777344,60.11808776855469,61.34804916381836,61.10773849487305,60.81432342529297,60.53199768066406,60.29161834716797
2025-06-12 20:00:00,5,connected,60.96116638183594,74.88140869140625,60.0805892944336,61.382171630859375,61.1651382446289,60.8612060546875,60.55558395385742,60.351234436035156
2025-06-12 20:05:00,5,connected,60.92441177368164,61.787235260009766,60.18110656738281,61.48310470581055,61.23371887207031,60.911685943603516,60.603912353515625,60.37302780151367
2025-06-12 20:10:00,5,connected,60.89586639404297,62.34624481201172,60.0631446838379,61.55394744873047,61.19560241699219,60.87895965576172,60.574520111083984,60.32379913330078
2025-06-12 20:15:00,5,connected,60.9494743347168,69.445068359375,60.22059631347656,61.441776275634766,61.21405792236328,60.91776657104492,60.628944396972656,60.3936653137207
2025-06-12 20:20:00,5,connected,60.855098724365234,61.496673583984375,60.10211944580078,61.38648986816406,61.12168884277344,60.85466003417969,60.54937744140625,60.29734802246094
2025-06-12 20:25:00,5,connected,60.923763275146484,61.720672607421875,60.19482421875,61.45024490356445,61.2040023803711,60.91321563720703,60.634857177734375,60.37921142578125
2025-06-12 20:30:00,5,connected,60.96665573120117,61.69059753417969,60.28824996948242,61.49995422363281,61.264862060546875,60.95610427856445,60.681190490722656,60.450565338134766
2025-06-12 20:35:00,5,connected,61.06525421142578,65.9158706665039,60.26786804199219,64.56629943847656,61.266632080078125,60.95878601074219,60.67369079589844,60.42384338378906
2025-06-13 08:40:00,5,connected,55.80640411376953,69.92822265625,54.4240493774414,59.63311767578125,55.93020248413086,55.29957962036133,54.8827133178711,54.569175720214844
2025-06-15 23:15:00,5,connected,61.40534210205078,62.401123046875,60.616981506347656,62.091346740722656,61.781211853027344,61.3885498046875,61.03228759765625,60.7778663635254
2025-06-15 23:20:00,5,connected,61.42476272583008,62.49989700317383,60.68068313598633,62.07337951660156,61.78181838989258,61.412200927734375,61.05754089355469,60.7640151977539
2025-06-17 06:50:00,5,connected,61.57394790649414,62.41120910644531,60.77374267578125,62.294132232666016,61.937782287597656,61.560211181640625,61.21644592285156,60.96074676513672
2025-06-17 06:55:00,5,connected,61.6820297241211,63.12455749511719,60.50982666015625,62.77365493774414,62.23866653442383,61.59722137451172,61.2194709777832,60.92770767211914
2025-06-17 07:00:00,5,connected,61.57931900024414,63.45451354980469,60.75761413574219,62.31422424316406,61.97539520263672,61.555511474609375,61.188751220703125,60.93409729003906
2025-06-17 07:05:00,5,connected,61.59257888793945,62.7643051147461,60.633827209472656,62.283653259277344,61.951087951660156,61.58106994628906,61.19797897338867,60.891441345214844
2025-06-17 07:10:00,5,connected,61.526424407958984,62.45661926269531,60.69443893432617,62.12274169921875,61.85688018798828,61.51695251464844,61.15577697753906,60.91593933105469
2025-06-17 07:15:00,5,connected,61.94365310668945,81.2747039794922,55.54829406738281,69.4226837158203,61.97419738769531,61.0185775756836,57.440277099609375,56.41054916381836
2025-06-17 07:20:00,5,connected,57.5378189086914,72.51792907714844,55.510433197021484,62.57408142089844,57.85963821411133,56.9879150390625,56.3720703125,55.8812255859375
2025-06-17 07:25:00,5,connected,56.68718338012695,57.669132232666016,55.8353157043457,57.38631057739258,57.067691802978516,56.66595458984375,56.3051528930664,56.04292678833008
2025-06-17 07:30:00,5,connected,56.83503341674805,62.54371643066406,55.86701965332031,57.64036560058594,57.202232360839844,56.7972068786621,56.42636489868164,56.18962478637695
2025-06-17 07:35:00,5,connected,57.381752014160156,72.96766662597656,55.36604690551758,63.35612106323242,57.859092712402344,56.55440139770508,55.9859962463379,55.68126678466797
2025-06-17 07:40:00,5,connected,56.82594299316406,75.52368927001953,55.26924133300781,57.73948669433594,57.0578269958496,56.43659210205078,55.87989807128906,55.56278991699219
2025-06-17 07:45:00,5,connected,56.46480178833008,61.9901008605957,55.23695373535156,59.05154037475586,56.976165771484375,56.31919860839844,55.840484619140625,55.55464553833008
2025-06-17 07:50:00,5,connected,57.21843338012695,69.1700668334961,54.8741455078125,60.56098937988281,58.285919189453125,56.59123229980469,55.89080047607422,55.47590637207031
2025-06-17 07:55:00,5,connected,57.14977264404297,60.8010482788086,55.1346206665039,59.693519592285156,58.45557403564453,56.81609344482422,56.01079559326172,55.64179992675781
2025-06-17 08:00:00,5,connected,57.84400939941406,79.52099609375,55.21735382080078,63.03413391113281,58.41584777832031,56.52086639404297,55.870635986328125,55.481285095214844
2025-06-17 08:05:00,5,connected,58.92206954956055,75.69864654541016,54.992916107177734,69.95179748535156,57.4384994506836,56.343170166015625,55.842769622802734,55.3749008178711
2025-06-17 08:10:00,5,connected,56.7783203125,68.99646759033203,55.08100891113281,62.096405029296875,57.4423484802246,56.2520523071289,55.7659912109375,55.45105743408203
2025-06-17 08:15:00,5,connected,56.12282943725586,60.4622802734375,55.21507263183594,58.31175231933594,56.58564376831055,56.01093292236328,55.600067138671875,55.3447608947754
2025-06-17 08:20:00,5,connected,56.344451904296875,71.469482421875,55.22216796875,57.78001022338867,56.60960388183594,56.07501220703125,55.63085174560547,55.35478210449219
2025-06-17 08:25:00,5,connected,57.07533645629883,71.80674743652344,54.89252471923828,62.81374740600586,57.9516716003418,56.289878845214844,55.68465042114258,55.309844970703125
2025-06-17 08:30:00,5,connected,56.8411750793457,74.93853759765625,54.69617462158203,63.764930725097656,56.88481903076172,55.78276443481445,55.2153549194336,54.8547134399414
2025-06-17 08:35:00,5,connected,56.91989517211914,66.6647491455078,54.59050369262695,60.708221435546875,58.59717559814453,56.371788024902344,55.32987976074219,54.91278076171875
2025-06-17 08:40:00,5,connected,57.256591796875,76.02734375,54.534263610839844,61.5114517211914,57.894569396972656,56.542083740234375,55.616024017333984,55.1048812866211
2025-06-17 08:45:00,5,connected,57.01866912841797,63.57012939453125,54.40428924560547,60.63835144042969,58.330169677734375,56.69956970214844,55.466712951660156,54.853759765625
2025-06-17 08:50:00,5,connected,56.55809783935547,66.0749969482422,54.7187156677246,60.96293258666992,58.02589416503906,55.90965270996094,55.306915283203125,54.88703155517578
2025-06-17 08:55:00,5,connected,57.03445053100586,74.95494079589844,54.5920181274414,62.74150085449219,57.626502990722656,56.06793212890625,55.493228912353516,55.14250946044922
2025-06-17 14:35:00,5,connected,61.03789138793945,64.59874725341797,58.40870666503906,63.99324035644531,62.56660461425781,60.82923126220703,59.3140640258789,58.64082336425781
2025-06-17 14:40:00,5,connected,56.982017517089844,60.91710662841797,55.498416900634766,59.84742736816406,58.580078125,56.466033935546875,56.04197311401367,55.775665283203125
2025-06-17 14:45:00,5,connected,56.3522605895996,57.37099838256836,55.36653137207031,56.97795104980469,56.675933837890625,56.35380935668945,56.00221252441406,55.68693923950195
2025-06-17 14:50:00,5,connected,56.504600524902344,57.44451141357422,55.7354507446289,57.15184783935547,56.87565612792969,56.48765563964844,56.12714385986328,55.901615142822266
2025-06-17 14:55:00,5,connected,57.7327651977539,75.12620544433594,55.840415954589844,61.84939193725586,57.24462890625,56.76854705810547,56.4044075012207,56.12144470214844
2025-06-17 15:00:00,5,connected,56.80595779418945,59.842124938964844,56.03386688232422,57.53038024902344,57.17654037475586,56.785736083984375,56.39762878417969,56.1508445739746
2025-06-17 15:15:00,5,connected,56.545562744140625,62.58197021484375,55.41151428222656,58.009071350097656,56.97484588623047,56.45191192626953,56.01518249511719,55.67798614501953
2025-06-17 15:20:00,5,connected,56.58888244628906,64.6554718017578,55.176025390625,58.789878845214844,57.38111114501953,56.30839157104492,55.969390869140625,55.73876953125
2025-06-17 15:25:00,5,connected,56.80793380737305,70.83584594726562,55.30565643310547,61.22064208984375,56.98066711425781,56.28315734863281,55.860389709472656,55.562049865722656
2025-06-17 15:30:00,5,connected,56.691368103027344,69.37667083740234,54.968387603759766,62.5363426208496,56.796112060546875,56.07856750488281,55.719276428222656,55.40088653564453
2025-06-17 15:35:00,5,connected,57.283660888671875,66.40304565429688,55.2657585144043,62.93809509277344,58.44424057006836,56.508140563964844,56.002376556396484,55.628944396972656
2025-06-17 15:40:00,5,connected,57.5111083984375,71.35763549804688,55.396854400634766,63.43541717529297,58.576229095458984,56.54955291748047,55.99591064453125,55.66022491455078
2025-06-17 15:45:00,5,connected,57.0251350402832,65.35494232177734,55.472816467285156,61.179603576660156,58.07343673706055,56.58354568481445,56.01616668701172,55.7052879333496
2025-06-17 15:50:00,5,connected,57.699337005615234,73.9134063720703,55.46030807495117,62.70641326904297,58.34828567504883,56.8630714416504,56.2314224243164,55.81444549560547
2025-06-17 15:55:00,5,connected,58.00297546386719,71.8804168701172,55.68235778808594,62.87908935546875,59.174346923828125,57.3056297302246,56.3105239868164,55.9061508178711
2025-06-17 16:00:00,5,connected,57.787933349609375,70.96549224853516,55.50157928466797,65.7264175415039,58.1207504272461,56.8234748840332,56.26853942871094,55.891265869140625
2025-06-17 16:05:00,5,connected,57.858646392822266,72.54862213134766,56.1135025024414,65.7139434814453,58.0342025756836,56.92784881591797,56.53462219238281,56.275634765625
2025-06-17 16:10:00,5,connected,57.3248062133789,66.03357696533203,56.058223724365234,61.781185150146484,57.784942626953125,56.916568756103516,56.5447998046875,56.237613677978516
2025-06-17 16:15:00,5,connected,58.33466339111328,71.8485641479492,56.014976501464844,64.2595672607422,59.3243408203125,57.283203125,56.640899658203125,56.29580307006836
2025-06-17 16:20:00,5,connected,59.819828033447266,65.3068161010742,56.912811279296875,63.034542083740234,61.3592300415039,59.46390914916992,58.133785247802734,57.37561798095703
2025-06-17 16:25:00,5,connected,58.21966552734375,72.17982482910156,56.134681701660156,63.14274597167969,58.96820831298828,57.36760711669922,56.662506103515625,56.29536819458008
2025-06-17 16:30:00,5,connected,56.79457092285156,65.58868408203125,55.6469497680664,60.62982177734375,57.18531036376953,56.530242919921875,56.146114349365234,55.881717681884766
2025-06-17 16:35:00,5,connected,57.87321472167969,72.150146484375,55.72098922729492,62.5749855041504,59.38277053833008,57.04963684082031,56.35499572753906,55.97306823730469
2025-06-17 16:40:00,5,connected,57.91630554199219,63.64556121826172,55.41143798828125,62.05345153808594,59.5758056640625,57.16017150878906,56.2878189086914,55.92890930175781
2025-06-17 16:45:00,5,connected,57.4268684387207,64.4750518798828,55.90840148925781,61.607757568359375,58.50904846191406,56.96921157836914,56.379066467285156,56.10874938964844
2025-06-17 16:50:00,5,connected,57.94303894042969,64.23309326171875,56.330081939697266,61.6872329711914,58.89303970336914,57.629547119140625,56.98491668701172,56.61766052246094
2025-06-17 16:55:00,5,connected,59.2803955078125,72.8257293701172,56.457481384277344,61.970664978027344,60.65900421142578,58.94980239868164,57.32049560546875,56.73634719848633
2025-06-17 17:00:00,5,connected,59.7092399597168,64.09398651123047,56.96406173706055,63.30527114868164,61.379459381103516,59.2486457824707,57.69317626953125,57.24568176269531
2025-06-17 17:05:00,5,connected,58.539024353027344,73.09542083740234,56.685462951660156,62.19403076171875,59.1736068725586,58.134002685546875,57.4944076538086,57.0718002319336
2025-06-17 17:10:00,5,connected,58.886592864990234,68.1921844482422,57.233314514160156,61.54936218261719,59.90667724609375,58.57893753051758,57.865203857421875,57.462005615234375
2025-06-17 17:15:00,5,connected,60.102203369140625,65.43663024902344,57.53264617919922,63.4932975769043,61.43663787841797,59.87567901611328,58.498619079589844,57.840702056884766
2025-06-17 17:20:00,5,connected,61.284339904785156,65.0548858642578,57.77479553222656,64.09607696533203,62.87578582763672,61.33892059326172,58.6175765991211,58.044677734375
2025-06-18 10:20:00,5,connected,60.55268478393555,73.8678207397461,55.526798248291016,69.37318420410156,63.41925811767578,58.22260284423828,56.28656768798828,55.7571678161621
2025-06-18 10:25:00,5,connected,60.859188079833984,71.2474822998047,56.03942108154297,66.51241302490234,63.37543487548828,59.8690299987793,57.232513427734375,56.32956314086914
2025-06-18 10:30:00,5,connected,60.86471939086914,71.71888732910156,55.85588073730469,67.6257781982422,63.635337829589844,59.444061279296875,56.70893859863281,56.1490249633789
2025-06-18 12:00:00,5,connected,57.27960205078125,68.04507446289062,53.43260192871094,63.924964904785156,59.31593704223633,56.03968811035156,54.65395736694336,54.2111473083496
2025-06-18 12:05:00,5,connected,58.65208053588867,78.3214569091797,53.651275634765625,66.64856719970703,60.4996109008789,56.45879364013672,54.85846710205078,54.198944091796875
2025-06-18 12:10:00,5,connected,59.4273910522461,71.1978530883789,53.9889793395996,67.81339263916016,62.59917449951172,56.97425079345703,54.8702621459961,54.22135543823242
2025-06-23 06:40:00,5,connected,61.148677825927734,61.94477844238281,60.2926902770996,61.70389938354492,61.43842315673828,61.14317321777344,60.83745574951172,60.56904983520508
2025-06-23 06:45:00,5,connected,61.1709098815918,61.9592399597168,60.41142272949219,61.75605773925781,61.4883918762207,61.15324783325195,60.85850524902344,60.63243103027344
2025-06-23 06:50:00,5,connected,61.18230056762695,61.960289001464844,60.397911071777344,61.736732482910156,61.493247985839844,61.17106628417969,60.85443115234375,60.59682083129883
2025-06-23 06:55:00,5,connected,61.16262435913086,61.985347747802734,60.345130920410156,61.790077209472656,61.476722717285156,61.158782958984375,60.83123779296875,60.52594757080078
2025-06-23 07:00:00,5,connected,61.13307189941406,61.848236083984375,60.31541442871094,61.695430755615234,61.4111213684082,61.12312316894531,60.84849548339844,60.59724426269531
2025-06-23 07:05:00,5,connected,61.282745361328125,65.8788070678711,60.43487548828125,63.87578582763672,61.5225486755371,61.1680908203125,60.872344970703125,60.649383544921875
2025-06-23 07:10:00,5,connected,61.12216567993164,63.599334716796875,60.254966735839844,61.67101287841797,61.413055419921875,61.10422897338867,60.84033203125,60.56617736816406
2025-06-23 07:15:00,5,connected,61.11262893676758,61.802825927734375,60.42422103881836,61.62669372558594,61.39446258544922,61.109344482421875,60.82292175292969,60.56455993652344
2025-06-23 07:20:00,5,connected,60.9466896057129,77.89986419677734,55.58217239379883,65.8242721557617,61.68042755126953,61.0113296508789,56.44243621826172,56.024688720703125
2025-06-23 07:25:00,5,connected,57.21131896972656,73.24081420898438,55.5997314453125,59.45762634277344,57.67671203613281,56.80956268310547,56.2593994140625,55.796749114990234
2025-06-23 07:30:00,5,connected,58.305572509765625,62.46210479736328,55.76369094848633,61.433650970458984,59.838592529296875,58.0022964477539,56.623992919921875,56.009765625
2025-06-24 00:10:00,5,connected,61.263797760009766,62.00202941894531,60.54827880859375,61.84270477294922,61.59202575683594,61.25691223144531,60.91448211669922,60.67005920410156
2025-06-24 00:15:00,5,connected,61.19407653808594,61.8350715637207,60.48228073120117,61.6585807800293,61.46142578125,61.19387435913086,60.917640686035156,60.7008056640625
2025-06-24 00:20:00,5,connected,61.12372970581055,61.884971618652344,60.420902252197266,61.61561584472656,61.39161682128906,61.118865966796875,60.84844970703125,60.6147232055664
2025-06-24 00:25:00,5,connected,61.29093551635742,62.1231575012207,60.454742431640625,61.85892868041992,61.621376037597656,61.277740478515625,60.95034408569336,60.75480270385742
2025-06-24 00:29:59,5,connected,61.36924362182617,62.26075744628906,60.62886428833008,61.96583938598633,61.6817626953125,61.360679626464844,61.036041259765625,60.78024673461914
2025-06-24 00:35:00,5,connected,61.2271957397461,62.02165222167969,60.54909896850586,61.7364273071289,61.47719192504883,61.22109603881836,60.96009826660156,60.7213363647461
2025-06-24 00:40:00,5,connected,61.1332778930664,61.799346923828125,60.53180694580078,61.635467529296875,61.399131774902344,61.12471389770508,60.85289001464844,60.672149658203125
2025-06-24 00:45:00,5,connected,61.15208053588867,61.81524658203125,60.38123321533203,61.68531036376953,61.4147071838379,61.150604248046875,60.86912536621094,60.6704978942871
2025-06-24 00:50:00,5,connected,61.1796646118164,61.81890106201172,60.53129959106445,61.69456481933594,61.45405960083008,61.171504974365234,60.89634704589844,60.65102767944336
2025-06-24 01:00:00,5,connected,61.298179626464844,61.91648864746094,60.6633529663086,61.76741027832031,61.55023193359375,61.29199981689453,61.02815246582031,60.8370361328125
2025-06-24 01:05:00,5,connected,61.1845703125,61.786705017089844,60.44109344482422,61.63525390625,61.4299545288086,61.1751708984375,60.92217254638672,60.698394775390625
2025-06-24 01:10:00,5,connected,61.30516815185547,61.89131164550781,60.57097244262695,61.8014144897461,61.562171936035156,61.303192138671875,61.03806686401367,60.76060104370117
2025-06-24 01:15:00,5,connected,62.122642517089844,64.9087448120117,60.80506896972656,64.05677795410156,62.9445571899414,61.946449279785156,61.33252716064453,61.060585021972656
2025-06-24 01:20:00,5,connected,62.51475143432617,64.3091049194336,60.854034423828125,64.04022216796875,63.4444580078125,62.56892013549805,61.32572937011719,60.96736145019531
2025-06-24 01:25:00,5,connected,61.2890625,61.86518859863281,60.5882568359375,61.72736358642578,61.54356384277344,61.2882080078125,61.02467727661133,60.7807846069336
2025-06-24 01:30:00,5,connected,61.2152442932129,61.96875762939453,60.61780548095703,61.74399185180664,61.49971008300781,61.2042121887207,60.92631530761719,60.71754455566406
2025-06-24 01:35:00,5,connected,61.38957977294922,62.0396728515625,60.663211822509766,61.910072326660156,61.67613983154297,61.38191223144531,61.095401763916016,60.87174606323242
2025-06-24 01:40:00,5,connected,61.48847198486328,62.3993911743164,60.763004302978516,62.074459075927734,61.8144874572754,61.48143005371094,61.15672302246094,60.88203430175781
2025-06-24 01:45:00,5,connected,61.24853515625,61.97101593017578,60.47193145751953,61.71502685546875,61.4920654296875,61.25263214111328,60.9822998046875,60.780311584472656
2025-06-24 01:50:00,5,connected,61.25596237182617,61.94385528564453,60.55605697631836,61.74964904785156,61.5225830078125,61.2484474182129,60.979434967041016,60.76268768310547
2025-06-24 01:55:00,5,connected,61.327186584472656,62.104862213134766,60.78557586669922,61.842979431152344,61.57965850830078,61.32448959350586,61.05451202392578,60.8868179321289
2025-06-24 02:00:00,5,connected,61.2962303161621,62.032623291015625,60.72625732421875,61.79107666015625,61.55323028564453,61.29026794433594,61.0384292602539,60.812835693359375
2025-06-24 02:05:00,5,connected,61.34373474121094,61.9649658203125,60.6851692199707,61.79479217529297,61.60772705078125,61.33702850341797,61.09485626220703,60.87870788574219
2025-06-24 02:10:00,5,connected,61.36854553222656,61.989990234375,60.73173522949219,61.81688690185547,61.6368751525879,61.36427307128906,61.109134674072266,60.8697280883789
2025-06-24 02:15:00,5,connected,61.40129089355469,62.08967971801758,60.59565734863281,61.8530502319336,61.668495178222656,61.38984680175781,61.1394271850586,60.887168884277344
2025-06-24 05:05:00,5,connected,61.48468780517578,62.19001007080078,60.688514709472656,61.93763732910156,61.74871826171875,61.481040954589844,61.2167625427246,60.992958068847656
2025-06-24 05:10:00,5,connected,61.4931526184082,62.105308532714844,60.84895324707031,61.94892883300781,61.74751281738281,61.48713684082031,61.23272705078125,61.003387451171875
2025-06-24 05:15:00,5,connected,61.51182174682617,62.2887306213379,60.8821792602539,61.95100402832031,61.7620735168457,61.50904846191406,61.25902557373047,61.02198791503906
2025-06-24 05:20:00,5,connected,61.50426483154297,62.09595489501953,60.81128692626953,61.95855712890625,61.75553894042969,61.50593566894531,61.24547576904297,60.988441467285156
2025-06-24 05:25:00,5,connected,61.488094329833984,62.07768249511719,60.79896545410156,61.9852180480957,61.74822998046875,61.47828674316406,61.2240333557129,61.02508544921875
2025-06-24 05:30:01,5,connected,61.51911926269531,62.208404541015625,60.92174530029297,61.96641540527344,61.76397705078125,61.52793884277344,61.238494873046875,61.02708053588867
2025-06-24 05:30:01,5,connected,61.51911926269531,62.208404541015625,60.92174530029297,61.96641540527344,61.76397705078125,61.52793884277344,61.238494873046875,61.02708053588867
2025-06-24 05:35:00,5,connected,61.836578369140625,63.46607971191406,60.93482971191406,62.86204147338867,62.427520751953125,61.71736145019531,61.327484130859375,61.08647155761719
2025-06-24 05:40:00,5,connected,62.579071044921875,64.7281265258789,60.9673194885254,63.94895935058594,63.387481689453125,62.626670837402344,61.57578659057617,61.19913864135742
2025-06-24 06:30:00,5,connected,62.1847152709961,64.52603149414062,60.98896789550781,64.05835723876953,62.794586181640625,62.057979583740234,61.545745849609375,61.223060607910156
2025-06-24 06:35:00,5,connected,62.24701690673828,64.53018951416016,60.843955993652344,64.05987548828125,63.13975143432617,62.035926818847656,61.376468658447266,61.0625228881836
2025-06-24 06:40:00,5,connected,61.52838897705078,62.4620590209961,60.7444839477539,62.09966278076172,61.8326072692871,61.51850509643555,61.2166976928711,60.94097137451172
2025-06-24 06:45:00,5,connected,61.814613342285156,68.0620651245117,60.850154876708984,62.9268913269043,62.384437561035156,61.69075012207031,61.2688331604004,61.0671615600586
2025-06-24 06:50:00,5,connected,61.69718933105469,64.4215087890625,60.802371978759766,62.734222412109375,62.217891693115234,61.605377197265625,61.27503967285156,61.044158935546875
2025-06-24 06:55:00,5,connected,61.4457778930664,62.11283493041992,60.66676330566406,61.92676544189453,61.7119369506836,61.43798828125,61.17084503173828,60.93306350708008
2025-06-24 07:00:00,5,connected,61.610595703125,62.903072357177734,60.74778747558594,62.66118621826172,62.11104202270508,61.52040100097656,61.21711730957031,60.979095458984375
2025-06-24 07:05:00,5,connected,61.60514450073242,64.35779571533203,60.64994812011719,62.63447570800781,62.16552734375,61.49595642089844,61.184234619140625,60.95182800292969
2025-06-24 07:10:00,5,connected,61.45403289794922,62.21405029296875,60.78963088989258,61.94636535644531,61.717491149902344,61.449737548828125,61.181793212890625,60.98344421386719
2025-06-24 07:15:00,5,connected,61.403751373291016,62.126834869384766,60.630531311035156,61.9786720275879,61.67937088012695,61.380897521972656,61.13481903076172,60.9298324584961
2025-06-24 07:20:00,5,connected,61.15861129760742,77.213134765625,59.55682373046875,65.08914947509766,61.53794860839844,60.51057434082031,60.06855010986328,59.753597259521484
2025-06-24 07:25:00,5,connected,63.0542984008789,82.3789520263672,55.05975341796875,73.9371795654297,61.74418258666992,60.330684661865234,56.41282653808594,55.42839050292969
2025-06-24 07:30:00,5,connected,56.86384582519531,69.23529052734375,54.975181579589844,59.769775390625,57.61101531982422,56.478111267089844,55.49690246582031,55.11773681640625
2025-06-24 07:35:00,5,connected,57.75323486328125,73.02127075195312,54.98606491088867,67.2567596435547,57.842369079589844,56.80572509765625,55.61029052734375,55.15500259399414
2025-06-24 07:40:00,5,connected,57.95496368408203,75.60226440429688,54.62102127075195,66.4153823852539,57.78638458251953,56.647216796875,55.48443603515625,55.10724639892578
2025-06-24 07:45:00,5,connected,55.83881759643555,65.73745727539062,54.39824295043945,57.80707550048828,56.779964447021484,55.55699157714844,55.06971740722656,54.7332649230957
2025-06-24 07:50:00,5,connected,56.11172103881836,59.011016845703125,54.31114196777344,57.84345245361328,57.00617218017578,55.981353759765625,55.19590759277344,54.721923828125
2025-06-24 07:50:00,5,connected,56.11172103881836,59.011016845703125,54.31114196777344,57.84345245361328,57.00617218017578,55.981353759765625,55.19590759277344,54.721923828125
2025-06-24 07:55:00,5,connected,56.815101623535156,71.9499282836914,54.70427703857422,60.74296569824219,57.63344955444336,56.26861572265625,55.286956787109375,54.8976821899414
2025-06-24 07:55:00,5,connected,56.815101623535156,71.9499282836914,54.70427703857422,60.74296569824219,57.63344955444336,56.26861572265625,55.286956787109375,54.8976821899414
2025-06-24 08:00:00,5,connected,56.237728118896484,65.46773529052734,54.205081939697266,60.61838912963867,56.953125,55.836971282958984,55.01741027832031,54.61138153076172
2025-06-24 09:05:00,5,connected,56.05931854248047,67.32772064208984,53.4911117553711,62.1102409362793,57.62087631225586,55.13275146484375,54.224891662597656,53.70582580566406
2025-06-24 09:10:00,5,connected,55.14861297607422,59.90252685546875,53.57573318481445,57.59532928466797,56.0344581604004,54.926719665527344,54.27044677734375,53.824180603027344
2025-06-24 09:15:00,5,connected,55.83460235595703,74.82772827148438,53.29184341430664,63.123016357421875,56.312538146972656,54.6344871520996,53.99705505371094,53.632720947265625
2025-06-24 09:20:00,5,connected,55.62068176269531,63.0874366760254,53.36005401611328,59.8121337890625,56.61576461791992,55.2076416015625,54.348876953125,53.698402404785156
2025-06-24 09:25:00,5,connected,56.17901611328125,79.1158905029297,53.081119537353516,59.10429382324219,56.2020606994629,54.70647430419922,54.01481628417969,53.602210998535156
2025-06-24 09:30:00,5,connected,54.7253532409668,59.176025390625,53.27735137939453,56.8244857788086,55.58213806152344,54.538944244384766,53.95814514160156,53.609901428222656
2025-06-24 09:35:00,5,connected,54.78751754760742,59.77995681762695,53.3951072692871,57.6941146850586,55.63911437988281,54.537811279296875,53.97946548461914,53.66361999511719
2025-06-24 09:40:00,5,connected,55.20651626586914,64.71331787109375,53.25590896606445,60.18211364746094,56.134315490722656,54.66694641113281,54.05408477783203,53.63641357421875
2025-06-24 09:45:00,5,connected,55.002601623535156,63.75779724121094,53.439048767089844,57.97490310668945,55.90032196044922,54.69209289550781,54.126495361328125,53.759559631347656
2025-06-24 09:50:00,5,connected,55.36869430541992,62.60579299926758,53.514923095703125,59.45882034301758,56.38970947265625,54.97570037841797,54.25333786010742,53.83123779296875
2025-06-24 09:55:00,5,connected,55.402183532714844,67.55310821533203,53.396480560302734,60.3930549621582,56.17436599731445,54.779052734375,54.1747055053711,53.795562744140625
2025-06-24 10:00:00,5,connected,55.221717834472656,69.1496047973633,53.36018371582031,61.72637939453125,55.80879211425781,54.53106689453125,54.0331916809082,53.65547180175781
2025-06-24 10:05:00,5,connected,55.51732635498047,69.33551025390625,53.41130065917969,59.40361785888672,56.07726287841797,54.979522705078125,54.36149597167969,54.003387451171875
2025-06-24 12:55:00,5,connected,57.11249923706055,69.9322509765625,53.08629608154297,63.009002685546875,59.311893463134766,55.90478515625,54.19096755981445,53.43048095703125
2025-06-24 13:00:00,5,connected,58.592037200927734,71.0449981689453,54.076416015625,65.4027099609375,60.77748107910156,57.4287338256836,55.249427795410156,54.55767059326172
2025-06-24 13:05:00,5,connected,56.06477355957031,66.36056518554688,54.04970932006836,60.57299041748047,56.88337707519531,55.541622161865234,54.85930633544922,54.4587173461914
2025-06-24 13:10:00,5,connected,58.48068618774414,75.33859252929688,55.0588493347168,62.85170364379883,59.93169403076172,57.744537353515625,56.32653045654297,55.47588348388672
2025-06-24 13:15:00,5,connected,61.81060791015625,81.28707885742188,57.4329605102539,68.93689727783203,63.555755615234375,59.8241195678711,58.55063247680664,57.897064208984375
2025-06-24 13:20:00,5,connected,64.90589904785156,81.39803314208984,55.36395263671875,75.21859741210938,67.8428192138672,61.80780029296875,56.37626647949219,55.69696044921875
2025-06-24 13:25:00,5,connected,57.76991271972656,70.51393127441406,56.098838806152344,62.389766693115234,58.0277099609375,57.301231384277344,56.79466247558594,56.394287109375
2025-06-24 13:30:00,5,connected,60.09292221069336,63.00212097167969,57.37384033203125,62.29371643066406,61.41197967529297,59.921234130859375,58.6315040588379,58.070613861083984
2025-06-24 13:35:00,5,connected,57.369380950927734,69.2096176147461,55.870086669921875,59.6582908630371,57.99382400512695,57.08393859863281,56.3702621459961,56.04576110839844
2025-06-24 13:40:00,5,connected,56.9679183959961,57.85560607910156,55.92924880981445,57.6529197692871,57.37248992919922,56.9700927734375,56.51823806762695,56.12310791015625
2025-06-24 13:45:00,5,connected,57.109859466552734,64.0167007446289,55.7956428527832,59.73046112060547,57.59274673461914,57.02027893066406,56.4105110168457,56.04188537597656
2025-06-24 13:50:00,5,connected,56.9453125,62.378570556640625,55.911705017089844,57.815216064453125,57.314517974853516,56.917572021484375,56.49177551269531,56.21055603027344
2025-06-24 13:55:00,5,connected,57.12519836425781,62.71813201904297,55.93873596191406,59.1028709411621,57.537109375,57.0309944152832,56.55966567993164,56.23290252685547
2025-06-24 14:00:00,5,connected,58.99889373779297,62.875205993652344,55.87392044067383,61.711551666259766,60.828407287597656,58.6265640258789,56.73881530761719,56.25520324707031
2025-06-24 14:05:00,5,connected,62.3102798461914,66.3729019165039,59.66139221191406,65.69132232666016,63.92738342285156,61.801849365234375,60.938392639160156,60.16533660888672
2025-06-24 14:10:00,5,connected,57.826969146728516,61.29644775390625,56.33390808105469,60.70753479003906,59.212608337402344,57.4361572265625,56.90302276611328,56.576080322265625
2025-06-24 14:15:00,5,connected,56.97114562988281,60.933101654052734,56.020572662353516,58.50836944580078,57.3550796508789,56.90871047973633,56.52027130126953,56.21275329589844
2025-06-24 14:20:00,5,connected,57.20829772949219,67.4609832763672,55.948665618896484,61.69151306152344,57.47728729248047,56.91836166381836,56.479408264160156,56.12434387207031
2025-06-24 14:25:00,5,connected,56.65631866455078,63.37420654296875,55.62858581542969,57.8984375,57.06782150268555,56.5688705444336,56.204498291015625,55.97221374511719
2025-06-24 14:35:00,5,connected,56.613861083984375,66.6182098388672,54.89057922363281,60.818199157714844,57.83551025390625,56.05943298339844,55.42283630371094,55.07680130004883
2025-06-24 14:40:00,5,connected,58.746639251708984,73.4483184814453,55.28074645996094,64.9894256591797,60.12055587768555,58.05961608886719,56.11365509033203,55.6237564086914
2025-06-24 14:45:00,5,connected,60.5840835571289,84.15585327148438,55.19990539550781,70.96134185791016,58.21057891845703,56.88380432128906,55.95366668701172,55.543731689453125
2025-06-24 14:50:00,5,connected,56.8751220703125,68.1295623779297,55.24964904785156,62.833736419677734,57.22353744506836,56.21276092529297,55.80061721801758,55.51826477050781
2025-06-24 14:55:00,5,connected,56.299373626708984,58.162506103515625,55.352630615234375,57.185150146484375,56.66349792480469,56.273651123046875,55.91016387939453,55.60316848754883
2025-06-24 15:00:00,5,connected,56.17491912841797,58.33754348754883,55.435096740722656,56.7672348022461,56.5146141052246,56.15179443359375,55.84034729003906,55.57292175292969
2025-06-24 15:05:00,5,connected,56.125125885009766,58.71710968017578,55.27699661254883,56.8729476928711,56.4789810180664,56.094566345214844,55.76525115966797,55.49383544921875
2025-06-24 15:10:00,5,connected,57.2415542602539,74.4686737060547,55.67163848876953,62.4960594177246,57.373863220214844,56.71530532836914,56.332481384277344,56.06024169921875
2025-06-24 15:15:00,5,connected,59.33012390136719,63.08671569824219,56.87614440917969,62.35456085205078,60.5342025756836,59.17237854003906,57.79560089111328,57.21748352050781
2025-06-24 15:20:00,5,connected,57.43110656738281,67.35806274414062,55.75956726074219,60.62998962402344,57.9388198852539,57.1799087524414,56.53778076171875,56.13568878173828
2025-06-24 15:25:00,5,connected,56.88302993774414,66.3932418823242,55.61911392211914,60.51557159423828,57.460697174072266,56.595062255859375,56.13391876220703,55.826866149902344
2025-06-24 15:30:00,5,connected,57.05753707885742,69.78467559814453,54.7315673828125,62.82830047607422,57.4657211303711,56.44450378417969,55.98847198486328,55.60254669189453
2025-06-24 15:35:00,5,connected,58.8761215209961,76.6451873779297,54.23341369628906,69.5014877319336,60.6617431640625,56.08631896972656,55.04008102416992,54.505584716796875
2025-06-24 15:40:00,5,connected,58.07654571533203,74.2684326171875,54.26338195800781,65.74015045166016,59.95701599121094,56.06869888305664,54.9502830505371,54.55682373046875
2025-06-24 15:45:00,5,connected,58.38945388793945,68.38418579101562,54.25872039794922,64.74855041503906,60.84674835205078,56.859100341796875,55.27875518798828,54.70490646362305
2025-06-24 15:50:00,5,connected,57.700111389160156,64.77479553222656,54.66913604736328,62.54682159423828,59.386314392089844,57.02978515625,55.665828704833984,54.95221710205078
2025-06-24 15:55:00,5,connected,57.1740951538086,69.41183471679688,54.03699493408203,64.03478240966797,58.40517807006836,56.356170654296875,54.966339111328125,54.3526611328125
2025-06-24 16:00:00,5,connected,56.87409591674805,71.83065795898438,54.02997589111328,65.52166748046875,57.260093688964844,55.4946632385254,54.79339599609375,54.25800323486328
2025-06-24 16:05:00,5,connected,57.19053268432617,67.5651626586914,54.09113311767578,62.586585998535156,58.487945556640625,56.67557907104492,55.2456932067871,54.39313507080078
2025-06-24 16:10:00,5,connected,56.15412521362305,68.3380584716797,53.92115020751953,59.44499206542969,57.19535827636719,55.75691223144531,54.8454818725586,54.33640670776367
2025-06-24 16:15:00,5,connected,59.916534423828125,76.14159393310547,56.0732421875,66.34768676757812,61.20330810546875,58.95319366455078,57.21919250488281,56.354522705078125
2025-06-24 16:20:00,5,connected,60.441585540771484,65.4361343383789,56.92169189453125,63.119140625,62.1286849975586,60.07096481323242,58.70801544189453,57.414031982421875
2025-06-24 16:25:00,5,connected,56.68138122558594,67.4130325317383,54.04623794555664,63.01177978515625,57.489906311035156,56.10613250732422,55.11670684814453,54.5518569946289
2025-06-24 16:30:00,5,connected,56.71725845336914,75.45247650146484,53.9569091796875,62.07793045043945,57.73956298828125,55.694854736328125,54.5404281616211,54.10905456542969
2025-06-24 16:35:00,5,connected,57.437828063964844,71.66799926757812,53.703216552734375,65.73475646972656,58.92201232910156,55.927886962890625,54.6930923461914,54.19324493408203
2025-06-24 16:40:00,5,connected,56.94801712036133,67.72972106933594,54.9660415649414,63.670806884765625,57.71437072753906,55.95287322998047,55.48387908935547,55.15736389160156
2025-06-24 16:45:00,5,connected,57.35076141357422,68.6581344604492,55.300811767578125,59.4088249206543,58.41267776489258,57.00691223144531,55.993446350097656,55.69769287109375
2025-06-24 16:50:00,5,connected,57.36761474609375,62.27968978881836,55.702796936035156,59.31071090698242,58.18817138671875,57.223331451416016,56.42304229736328,55.87981414794922
2025-06-24 16:50:00,5,connected,57.36761474609375,62.27968978881836,55.702796936035156,59.31071090698242,58.18817138671875,57.223331451416016,56.42304229736328,55.87981414794922
2025-06-24 16:55:00,5,connected,56.70414352416992,69.22833251953125,55.288211822509766,60.45588684082031,57.142791748046875,56.31468963623047,55.8633155822754,55.5816421508789
2025-06-24 17:00:00,5,connected,56.56711196899414,63.14284133911133,55.278472900390625,59.8853530883789,57.33972930908203,56.29376220703125,55.820594787597656,55.48872756958008
2025-06-24 17:05:00,5,connected,57.0940933227539,70.08533477783203,54.997520446777344,62.46495819091797,57.8988151550293,56.3826904296875,55.7415885925293,55.31098556518555
2025-06-24 17:10:00,5,connected,57.45396041870117,78.7367401123047,54.79518127441406,64.6210403442383,57.40242004394531,55.89866638183594,55.418609619140625,55.137535095214844
2025-06-24 17:15:00,5,connected,58.707359313964844,80.55181884765625,54.49835968017578,66.2098617553711,59.59192657470703,56.11322021484375,55.57576370239258,54.98610305786133
2025-06-24 17:20:00,5,connected,62.51584243774414,85.1163864135742,55.349822998046875,73.34815979003906,62.53181457519531,56.34174346923828,55.9095115661621,55.60957336425781
2025-06-24 17:25:00,5,connected,57.5783462524414,71.16094970703125,55.2552719116211,65.01649475097656,57.80293273925781,56.432010650634766,55.91450881958008,55.47515106201172
2025-06-24 17:30:01,5,connected,57.10688018798828,64.2868118286133,56.04320526123047,59.79766845703125,57.4210433959961,56.981937408447266,56.58238983154297,56.21593475341797
2025-06-24 17:35:00,5,connected,57.009063720703125,58.12300109863281,56.117645263671875,57.62099075317383,57.328426361083984,57.0080337524414,56.658660888671875,56.4111442565918
2025-06-24 17:40:00,5,connected,57.5228614807129,72.6988525390625,55.989749908447266,61.81254577636719,57.73186492919922,57.14299774169922,56.73210144042969,56.379486083984375
2025-06-24 17:45:00,5,connected,57.816593170166016,66.2518310546875,56.421783447265625,62.76948165893555,58.34311294555664,57.492767333984375,57.047271728515625,56.69298553466797
2025-06-24 17:50:00,5,connected,60.57094192504883,71.10604858398438,56.11558532714844,63.70512771606445,61.82698440551758,61.2957763671875,57.26067352294922,56.64336395263672
2025-06-24 17:55:00,5,connected,61.531681060791016,75.6482696533203,60.2213020324707,64.5750732421875,61.6678352355957,61.2249526977539,60.785003662109375,60.406620025634766
2025-06-24 18:00:00,5,connected,60.86655807495117,61.5173225402832,60.12387466430664,61.40046691894531,61.16162872314453,60.8657341003418,60.55699157714844,60.30975341796875
2025-06-24 18:05:00,5,connected,60.895263671875,61.93354415893555,60.07306671142578,61.52637481689453,61.219242095947266,60.877967834472656,60.5675392150879,60.30030822753906
2025-06-24 18:10:00,5,connected,60.91714096069336,61.702308654785156,60.14808654785156,61.54658508300781,61.241539001464844,60.90192413330078,60.575992584228516,60.36379623413086
2025-06-24 18:15:00,5,connected,60.89406204223633,63.27197265625,60.05107116699219,61.5491943359375,61.19095993041992,60.882415771484375,60.54963684082031,60.31634521484375
2025-06-24 18:20:00,5,connected,61.3500633239746,64.57559204101562,60.43661880493164,62.25194549560547,61.739566802978516,61.2977066040039,60.967613220214844,60.730224609375
2025-06-24 18:25:00,5,connected,61.08351516723633,62.174591064453125,60.33961486816406,61.7120361328125,61.42760467529297,61.07374954223633,60.7247428894043,60.441192626953125
2025-06-24 18:30:00,5,connected,62.36958694458008,65.4778594970703,60.68162536621094,64.729248046875,63.07365417480469,62.26214599609375,61.489994049072266,61.01911163330078
2025-06-24 18:35:00,5,connected,61.7752456665039,64.39920043945312,60.7238655090332,63.02293395996094,62.269287109375,61.7141227722168,61.31103515625,60.93668746948242
2025-06-24 18:40:00,5,connected,61.626949310302734,65.72837829589844,60.226287841796875,63.215782165527344,62.35728073120117,61.4810676574707,60.8885269165039,60.60435485839844
2025-06-24 18:45:00,5,connected,61.76152801513672,63.69288635253906,60.65653610229492,62.8799171447754,62.31806564331055,61.73170471191406,61.147247314453125,60.82421875
2025-06-24 18:50:00,5,connected,61.23216247558594,62.787353515625,60.3764877319336,62.249908447265625,61.698089599609375,61.18429946899414,60.7751235961914,60.51594924926758
2025-06-24 18:55:00,5,connected,61.053993225097656,61.91220474243164,60.20636749267578,61.69783401489258,61.39226531982422,61.04811096191406,60.67665100097656,60.400634765625
2025-06-24 19:00:00,5,connected,61.79112243652344,63.41697692871094,60.619544982910156,63.02363586425781,62.339759826660156,61.74513244628906,61.2185287475586,60.922420501708984
2025-06-24 19:05:00,5,connected,61.02475357055664,62.15090560913086,60.15910339355469,61.68116760253906,61.37202453613281,61.009727478027344,60.65871047973633,60.415191650390625
2025-06-24 19:10:00,5,connected,60.95726776123047,61.78296661376953,60.092838287353516,61.52250671386719,61.270050048828125,60.95374298095703,60.633384704589844,60.4101791381836
2025-06-24 19:15:00,5,connected,61.22826385498047,63.330284118652344,60.37278747558594,62.04292297363281,61.55731201171875,61.214969635009766,60.86216735839844,60.59626770019531
2025-06-24 19:20:00,5,connected,61.174354553222656,61.98145294189453,60.29229736328125,61.7586669921875,61.503501892089844,61.16267013549805,60.837860107421875,60.593597412109375
2025-06-24 19:25:00,5,connected,61.09693908691406,61.87693405151367,60.368167877197266,61.630653381347656,61.39283752441406,61.08592224121094,60.787174224853516,60.5352783203125
2025-06-24 19:30:00,5,connected,61.1637077331543,61.86370086669922,60.40777587890625,61.72773742675781,61.462890625,61.15617370605469,60.847137451171875,60.5623779296875
2025-06-24 19:35:00,5,connected,61.1235237121582,61.9894142150879,60.375885009765625,61.63655090332031,61.4013442993164,61.11797332763672,60.82926940917969,60.6429557800293
2025-06-24 19:40:00,5,connected,61.10561752319336,61.99419403076172,60.36607360839844,61.687862396240234,61.412635803222656,61.09723663330078,60.769805908203125,60.57002258300781
2025-06-24 19:45:00,5,connected,61.167152404785156,62.01066589355469,60.49888610839844,61.74589538574219,61.4709358215332,61.15587615966797,60.84981155395508,60.600250244140625
2025-06-24 19:50:00,5,connected,61.14417266845703,61.914344787597656,60.4534797668457,61.669647216796875,61.42836380004883,61.141387939453125,60.83540725708008,60.58989334106445
2025-06-24 19:55:00,5,connected,61.09928512573242,61.9085464477539,60.2397689819336,61.65248107910156,61.39585876464844,61.08495330810547,60.7900161743164,60.583168029785156
2025-06-24 20:00:00,5,connected,62.07347869873047,65.465087890625,60.327632904052734,64.5750198364258,62.78724670410156,61.98515701293945,61.16465759277344,60.716400146484375
2025-06-24 20:05:00,5,connected,63.181358337402344,64.6660385131836,62.01399230957031,64.25997924804688,63.75474548339844,63.11181640625,62.658660888671875,62.30181121826172
2025-06-24 20:10:00,5,connected,61.65092468261719,64.54137420654297,60.42681884765625,63.93206787109375,62.83439636230469,61.25099182128906,60.8240623474121,60.612003326416016
2025-06-24 20:15:00,5,connected,61.1016731262207,62.023681640625,60.378211975097656,61.68004608154297,61.40272521972656,61.084800720214844,60.79747009277344,60.48683166503906
2025-06-24 20:20:00,5,connected,61.14357376098633,61.961238861083984,60.332603454589844,61.754150390625,61.46318817138672,61.136322021484375,60.814414978027344,60.54277038574219
2025-06-24 20:25:00,5,connected,60.9988021850586,61.710269927978516,60.08515930175781,61.5093002319336,61.30043029785156,60.997520446777344,60.67768859863281,60.42755126953125
2025-06-24 20:30:00,5,connected,61.11125183105469,61.713783264160156,60.290985107421875,61.63258743286133,61.41143798828125,61.113128662109375,60.80351257324219,60.50840759277344
2025-06-24 20:35:00,5,connected,61.10129165649414,62.02355194091797,60.1027946472168,61.64714813232422,61.40631103515625,61.10203552246094,60.7768325805664,60.532066345214844
2025-06-24 20:40:00,5,connected,61.04408264160156,61.73674392700195,60.306976318359375,61.59564208984375,61.34049987792969,61.041542053222656,60.739044189453125,60.43817138671875
2025-06-24 20:45:00,5,connected,61.03328323364258,61.91199493408203,60.28943634033203,61.65779113769531,61.33443069458008,61.0314826965332,60.7171401977539,60.466461181640625
2025-06-24 20:50:00,5,connected,62.38545608520508,65.5052947998047,60.81793975830078,63.875404357910156,63.3291015625,62.2310905456543,61.45085144042969,61.07676315307617
2025-06-24 20:55:00,5,connected,62.066436767578125,65.3322067260742,60.24985122680664,64.92627716064453,63.464317321777344,61.4759292602539,60.8343276977539,60.543052673339844
2025-06-24 21:00:00,5,connected,60.991058349609375,61.9461441040039,60.2487449645996,61.6072769165039,61.3052101135254,60.98760223388672,60.671630859375,60.44596862792969
2025-06-24 21:00:00,5,connected,60.991058349609375,61.9461441040039,60.2487449645996,61.6072769165039,61.3052101135254,60.98760223388672,60.671630859375,60.44596862792969
2025-06-24 21:05:00,5,connected,60.99781036376953,61.7967529296875,60.28096008300781,61.54548645019531,61.310394287109375,60.99309158325195,60.676239013671875,60.4445571899414
2025-06-24 21:10:00,5,connected,61.01169204711914,61.690547943115234,60.3124008178711,61.53495788574219,61.31787872314453,61.00750732421875,60.7073860168457,60.46296691894531
2025-06-24 21:15:00,5,connected,61.05110549926758,61.772308349609375,60.358489990234375,61.62628173828125,61.35100173950195,61.0369873046875,60.72857666015625,60.4881820678711
2025-06-24 21:20:00,5,connected,61.06808853149414,61.79449462890625,60.366424560546875,61.59367370605469,61.37858200073242,61.05933380126953,60.74005126953125,60.51594924926758
2025-06-24 21:25:00,5,connected,61.32420349121094,63.176971435546875,60.29156494140625,62.39970397949219,61.930335998535156,61.20635986328125,60.827117919921875,60.60127258300781
2025-06-24 21:30:00,5,connected,61.38701629638672,64.7581253051758,60.29364013671875,63.2917709350586,61.99419403076172,61.2342529296875,60.90169143676758,60.67018127441406
2025-06-24 21:35:00,5,connected,61.19060516357422,61.91578674316406,60.48444366455078,61.74018096923828,61.501304626464844,61.190555572509766,60.87569046020508,60.61994934082031
2025-06-24 21:40:00,5,connected,61.16637420654297,61.994659423828125,60.259185791015625,61.736907958984375,61.4783935546875,61.15607452392578,60.84051513671875,60.52583312988281
2025-06-24 21:45:00,5,connected,61.3885498046875,62.689449310302734,60.52843475341797,62.3863868713379,61.849761962890625,61.33241271972656,60.98174285888672,60.72242736816406
2025-06-24 21:50:00,5,connected,62.650516510009766,65.62408447265625,60.70154571533203,65.3232879638672,63.28340148925781,62.55553436279297,61.702232360839844,61.2191276550293
2025-06-24 21:55:00,5,connected,61.3227767944336,62.44701385498047,60.56230163574219,62.0380859375,61.70440673828125,61.29426574707031,60.94216537475586,60.6941909790039
2025-06-24 22:00:00,5,connected,61.2250747680664,62.044715881347656,60.46198272705078,61.7818374633789,61.53312683105469,61.21337890625,60.88994216918945,60.66375732421875
2025-06-24 22:05:00,5,connected,61.23845291137695,62.105499267578125,60.52168655395508,61.77983856201172,61.54108428955078,61.226104736328125,60.92168426513672,60.67842102050781
2025-06-24 22:10:00,5,connected,61.253211975097656,62.07847595214844,60.5093994140625,61.829769134521484,61.57450866699219,61.2425765991211,60.94209289550781,60.680503845214844
2025-06-24 22:15:00,5,connected,61.2376823425293,61.99851989746094,60.47813415527344,61.818389892578125,61.55344772338867,61.22651290893555,60.9301528930664,60.680999755859375
2025-06-24 22:20:00,5,connected,61.223873138427734,61.98841857910156,60.56249237060547,61.79912567138672,61.522647857666016,61.217830657958984,60.9143295288086,60.667724609375
2025-06-24 22:25:00,5,connected,61.1882209777832,62.0580940246582,60.433021545410156,61.71056365966797,61.48905563354492,61.17463302612305,60.88286209106445,60.644405364990234
2025-06-24 22:30:00,5,connected,61.477169036865234,63.83220672607422,60.47663116455078,62.631591796875,62.03955841064453,61.3837661743164,61.026527404785156,60.77202606201172
2025-06-24 22:35:00,5,connected,61.73639678955078,63.653900146484375,60.68635559082031,62.93878173828125,62.17621994018555,61.67787170410156,61.266605377197266,60.95374298095703
2025-06-24 22:40:00,5,connected,62.65299606323242,65.27867889404297,61.369110107421875,64.97151947021484,63.32954406738281,62.50371551513672,61.950504302978516,61.61640167236328
2025-06-24 22:45:00,5,connected,61.421226501464844,64.28365325927734,60.432674407958984,63.47608184814453,62.0477294921875,61.26087188720703,60.8916244506836,60.612422943115234
2025-06-24 22:50:00,5,connected,61.22715759277344,62.17823791503906,60.491424560546875,61.91087341308594,61.57246780395508,61.2042236328125,60.87262725830078,60.62715148925781
2025-06-24 22:55:00,5,connected,61.3322868347168,62.2341651916504,60.56221008300781,61.9864387512207,61.66823196411133,61.30735778808594,60.99658203125,60.77984619140625
2025-06-24 23:00:00,5,connected,62.329620361328125,65.4210205078125,60.899837493896484,64.67050170898438,62.981117248535156,62.2192268371582,61.5573387145996,61.18054962158203
2025-06-24 23:05:00,5,connected,61.46399688720703,64.74534606933594,60.52754211425781,62.982460021972656,62.10163116455078,61.33788299560547,60.9869155883789,60.7376365661621
2025-06-24 23:10:00,5,connected,61.2599105834961,61.96940612792969,60.53120803833008,61.80136489868164,61.54237365722656,61.2439842224121,60.9705581665039,60.69488525390625
2025-06-24 23:15:00,5,connected,61.25935363769531,62.165042877197266,60.49034118652344,61.818519592285156,61.56995391845703,61.24475860595703,60.946720123291016,60.66667175292969
2025-06-24 23:20:00,5,connected,61.215423583984375,61.82822036743164,60.476348876953125,61.76322937011719,61.505821228027344,61.21015167236328,60.90679168701172,60.68084716796875
2025-06-24 23:25:00,5,connected,61.1946792602539,61.820472717285156,60.430999755859375,61.72108459472656,61.4977149963379,61.18525314331055,60.887516021728516,60.653751373291016
2025-06-24 23:30:00,5,connected,61.29452896118164,62.128231048583984,60.42641830444336,61.88250732421875,61.60003662109375,61.29328918457031,60.964447021484375,60.73284149169922
2025-06-24 23:35:00,5,connected,62.66807174682617,65.20118713378906,60.88206100463867,64.28003692626953,63.63148498535156,62.60065460205078,61.63294982910156,61.21039581298828
2025-06-24 23:40:00,5,connected,62.0572853088379,67.817626953125,60.532508850097656,66.51336669921875,63.33392333984375,61.477813720703125,61.0293083190918,60.775081634521484
2025-06-24 23:45:00,5,connected,61.183475494384766,61.86680603027344,60.51854705810547,61.72028350830078,61.488807678222656,61.16838836669922,60.88085174560547,60.65586853027344
2025-06-24 23:50:00,5,connected,61.201080322265625,62.079193115234375,60.36408615112305,61.7770881652832,61.4935531616211,61.19287872314453,60.89546203613281,60.649620056152344
2025-06-24 23:55:00,5,connected,61.15786361694336,61.9329605102539,60.49277114868164,61.69045639038086,61.470611572265625,61.14141082763672,60.8475341796875,60.582115173339844
2025-06-25 00:00:00,5,connected,61.1863136291504,61.87315368652344,60.41107177734375,61.710487365722656,61.47344207763672,61.17860412597656,60.87583923339844,60.66089630126953
2025-06-25 00:05:00,5,connected,61.223060607910156,61.94853591918945,60.474151611328125,61.7589111328125,61.504180908203125,61.22145080566406,60.90788650512695,60.70273208618164
2025-06-25 03:45:00,5,connected,61.41550827026367,62.16504669189453,60.654624938964844,61.97650146484375,61.722618103027344,61.405479431152344,61.10822296142578,60.85292053222656
2025-06-25 03:50:00,5,connected,61.38479232788086,62.18214797973633,60.75121307373047,61.94550704956055,61.678993225097656,61.36992645263672,61.06835174560547,60.84394073486328
2025-06-25 06:00:00,5,connected,62.3935661315918,65.3793258666992,60.76441955566406,64.7674560546875,63.140655517578125,62.26667022705078,61.51247787475586,61.0429458618164
2025-06-25 06:00:00,5,connected,62.3935661315918,65.3793258666992,60.76441955566406,64.7674560546875,63.140655517578125,62.26667022705078,61.51247787475586,61.0429458618164
2025-06-25 06:05:00,5,connected,63.27318572998047,65.7615203857422,62.1706657409668,64.8555221557617,63.964080810546875,63.1646614074707,62.57853698730469,62.31301498413086
2025-06-25 06:10:00,5,connected,63.1261215209961,65.92498779296875,61.727752685546875,65.51068115234375,64.14227294921875,62.77757263183594,62.37773132324219,62.064449310302734
2025-06-25 06:15:00,5,connected,61.39474868774414,63.00847625732422,60.4635353088379,62.64722442626953,62.04595184326172,61.28168869018555,60.92668151855469,60.7034683227539
2025-06-25 06:20:00,5,connected,61.184120178222656,61.97527313232422,60.34917068481445,61.70696258544922,61.48771667480469,61.17936706542969,60.8563003540039,60.60350799560547
2025-06-25 06:25:00,5,connected,61.14269256591797,61.94882583618164,60.4424934387207,61.69511032104492,61.43418884277344,61.12763214111328,60.845298767089844,60.60833740234375
2025-06-25 06:30:00,5,connected,61.181514739990234,61.87248992919922,60.44940185546875,61.709381103515625,61.470008850097656,61.1809310913086,60.8831787109375,60.6146354675293
2025-06-25 06:35:00,5,connected,61.182823181152344,61.89881896972656,60.3121452331543,61.69630432128906,61.4787368774414,61.16615295410156,60.88200378417969,60.65293884277344
2025-06-25 06:40:00,5,connected,61.148277282714844,61.837432861328125,60.46061706542969,61.696346282958984,61.433345794677734,61.13661575317383,60.84975051879883,60.618961334228516
2025-06-25 06:45:00,5,connected,61.3366813659668,62.597686767578125,60.5817642211914,62.330474853515625,61.73764419555664,61.29004669189453,60.950775146484375,60.71888732910156
2025-06-25 06:50:00,5,connected,61.30522155761719,62.46842956542969,60.52885818481445,62.097652435302734,61.734283447265625,61.2535171508789,60.9029541015625,60.62147521972656
2025-06-25 06:55:00,5,connected,61.16941833496094,63.66304016113281,60.4754409790039,61.761871337890625,61.46613311767578,61.15935134887695,60.8624038696289,60.5682601928711
2025-06-25 07:00:00,5,connected,61.1845932006836,61.91448974609375,60.5644874572754,61.66120147705078,61.474151611328125,61.16705322265625,60.90309143066406,60.69036102294922
2025-06-25 07:10:00,5,connected,61.18764877319336,62.1285629272461,60.43547058105469,61.73883819580078,61.48139953613281,61.1728515625,60.89836120605469,60.65906524658203
2025-06-25 07:15:00,5,connected,61.430667877197266,62.82384490966797,60.6392593383789,62.483280181884766,61.9522361755371,61.35259246826172,60.99335479736328,60.729278564453125
2025-06-25 07:20:00,5,connected,62.5564308166504,80.82101440429688,60.5098876953125,65.7364501953125,62.89862823486328,61.95439910888672,61.0631103515625,60.656524658203125
2025-06-25 07:25:00,5,connected,61.293128967285156,75.3485794067383,59.97834777832031,64.03665161132812,61.48030471801758,61.079071044921875,60.62792205810547,60.18022918701172
2025-06-25 07:30:00,5,connected,60.97834014892578,61.832275390625,60.20825958251953,61.591766357421875,61.29463195800781,60.963619232177734,60.6594467163086,60.39921569824219
2025-06-25 07:30:00,5,connected,60.97834014892578,61.832275390625,60.20825958251953,61.591766357421875,61.29463195800781,60.963619232177734,60.6594467163086,60.39921569824219
2025-06-25 07:35:00,5,connected,61.11628341674805,73.8710250854492,60.1931266784668,63.44887924194336,61.32504653930664,60.95033264160156,60.6411476135254,60.36308288574219
2025-06-25 07:40:00,5,connected,60.95380783081055,62.14006042480469,60.13458251953125,61.58234786987305,61.272300720214844,60.940956115722656,60.6279525756836,60.37956237792969
2025-06-25 07:45:00,5,connected,61.0027732849121,64.96897888183594,60.065792083740234,61.79497528076172,61.30747985839844,60.979400634765625,60.66294479370117,60.417808532714844
2025-06-25 07:50:00,5,connected,61.0378646850586,62.16011047363281,59.9886474609375,61.78105545043945,61.35027313232422,61.012508392333984,60.695762634277344,60.48249816894531
2025-06-25 07:55:00,5,connected,61.013980865478516,64.17633056640625,60.151214599609375,62.65852355957031,61.33444595336914,60.9396858215332,60.630252838134766,60.42491912841797
2025-06-25 08:00:00,5,connected,60.9245262145996,61.6906623840332,60.23118209838867,61.4410171508789,61.21991729736328,60.92109680175781,60.604217529296875,60.3783302307129
2025-06-25 08:05:00,5,connected,61.0395164489746,65.4125213623047,60.21339416503906,62.82851028442383,61.34761047363281,60.927364349365234,60.62672424316406,60.41143035888672
2025-06-25 08:10:00,5,connected,61.04511260986328,73.45628356933594,59.89806365966797,64.3192825317383,61.210533142089844,60.78434753417969,60.4194564819336,60.156124114990234
2025-06-25 08:15:00,5,connected,60.74152755737305,65.47803497314453,59.929771423339844,62.49949645996094,61.030853271484375,60.67870330810547,60.367950439453125,60.10758972167969
2025-06-25 08:20:00,5,connected,62.335453033447266,76.4044952392578,59.8165283203125,68.7742156982422,64.31153869628906,60.91554260253906,60.47515869140625,60.1278190612793
2025-06-25 08:25:00,5,connected,59.950313568115234,74.53634643554688,55.322479248046875,67.6874008178711,62.4833984375,57.43614959716797,56.06903076171875,55.62329864501953
2025-06-25 08:30:00,5,connected,56.02098846435547,58.94670104980469,55.157920837402344,56.83978271484375,56.406402587890625,55.984779357910156,55.58596420288086,55.26213455200195
2025-06-25 08:35:00,5,connected,56.62818908691406,66.3141632080078,54.777130126953125,63.40751647949219,57.48692321777344,55.86554718017578,55.39411163330078,55.02565002441406
2025-06-25 08:40:00,5,connected,55.77018737792969,64.52882385253906,54.76483917236328,57.043304443359375,56.161537170410156,55.6793212890625,55.2921142578125,55.029754638671875
2025-06-25 08:45:00,5,connected,55.698238372802734,61.3648681640625,54.70276641845703,56.84898376464844,56.09589385986328,55.65454864501953,55.23301696777344,54.92509460449219
2025-06-25 08:50:00,5,connected,57.0672721862793,69.20262908935547,54.484901428222656,64.10061645507812,58.54852294921875,55.894447326660156,55.26519775390625,54.8778305053711
2025-06-25 08:55:00,5,connected,55.94681930541992,67.4238510131836,54.50953674316406,59.4329948425293,56.630043029785156,55.578453063964844,55.12549591064453,54.81175231933594
2025-06-25 09:00:00,5,connected,55.58409881591797,66.3024444580078,54.56023406982422,57.660797119140625,55.90016555786133,55.42403030395508,55.04460906982422,54.71954345703125
2025-06-25 09:05:00,5,connected,56.95848083496094,73.10972595214844,54.79187774658203,61.22004318237305,58.02262496948242,56.1876564025879,55.3582763671875,54.98504638671875
2025-06-25 09:10:00,5,connected,57.51249694824219,77.97921752929688,54.731536865234375,61.944759368896484,57.328208923339844,56.00425720214844,55.42023468017578,55.0094223022461
2025-06-25 09:15:00,5,connected,55.850582122802734,59.27911376953125,54.84834289550781,58.0451889038086,56.334259033203125,55.73289489746094,55.34886169433594,55.0611801147461
2025-06-25 09:20:00,5,connected,55.908721923828125,59.85417938232422,55.02910614013672,56.786415100097656,56.276580810546875,55.893375396728516,55.464874267578125,55.220123291015625
2025-06-25 09:25:00,5,connected,56.372222900390625,59.37444305419922,54.77662658691406,58.63383102416992,57.6852912902832,56.001426696777344,55.47871398925781,55.15667724609375
2025-06-25 09:25:00,5,connected,56.372222900390625,59.37444305419922,54.77662658691406,58.63383102416992,57.6852912902832,56.001426696777344,55.47871398925781,55.15667724609375
2025-06-25 09:30:00,5,connected,56.288330078125,64.78302001953125,54.84717559814453,58.55756378173828,57.30940628051758,55.98384094238281,55.368446350097656,55.03669738769531
2025-06-25 09:35:00,5,connected,55.76911163330078,61.747802734375,54.822017669677734,57.6771469116211,56.15454864501953,55.668426513671875,55.281436920166016,54.991729736328125
2025-06-25 09:40:00,5,connected,55.896419525146484,60.58598709106445,54.845455169677734,57.319618225097656,56.30522155761719,55.7993392944336,55.372711181640625,55.0634765625
2025-06-25 09:45:00,5,connected,56.416439056396484,73.0827178955078,54.778404235839844,59.142730712890625,56.150054931640625,55.64066696166992,55.23600387573242,54.9797592163086
2025-06-25 09:50:00,5,connected,57.23240661621094,80.54232025146484,54.380035400390625,63.0034523010254,56.476806640625,55.526123046875,55.07138442993164,54.73040008544922
2025-06-25 09:55:00,5,connected,57.690338134765625,74.26314544677734,54.8300437927246,66.6801071166992,57.483802795410156,55.8639259338379,55.303714752197266,54.9905128479004
2025-06-25 10:00:00,5,connected,58.445594787597656,69.23474884033203,55.18707275390625,66.0304183959961,60.65142822265625,56.69789123535156,55.81133270263672,55.41173553466797
2025-06-25 10:05:00,5,connected,58.094268798828125,73.52774047851562,54.75081253051758,66.3492202758789,60.555335998535156,55.75153350830078,55.1895637512207,54.85773468017578
2025-06-25 10:10:00,5,connected,55.63367462158203,63.7176284790039,54.28753662109375,59.53325653076172,55.89701461791992,55.358848571777344,54.9468116760254,54.68431854248047
2025-06-25 10:10:00,5,connected,55.63367462158203,63.7176284790039,54.28753662109375,59.53325653076172,55.89701461791992,55.358848571777344,54.9468116760254,54.68431854248047
2025-06-25 10:15:00,5,connected,55.453060150146484,63.664920806884766,54.4222755432129,58.2402687072754,55.75469970703125,55.32127380371094,54.940704345703125,54.598819732666016
2025-06-25 10:20:00,5,connected,55.3288803100586,57.34049987792969,54.34105682373047,56.320396423339844,55.77570343017578,55.282135009765625,54.88740158081055,54.618492126464844
2025-06-25 10:25:00,5,connected,57.6421775817871,75.66488647460938,54.4504280090332,67.9466781616211,56.822227478027344,55.8452491760254,55.0280532836914,54.63288879394531
2025-06-25 10:30:00,5,connected,56.09160232543945,57.11299133300781,55.105987548828125,56.93334197998047,56.52520751953125,56.07612609863281,55.6550064086914,55.350799560546875
2025-06-25 10:35:00,5,connected,56.1343650817871,56.97995376586914,55.08195495605469,56.83545684814453,56.51963424682617,56.12141418457031,55.71790313720703,55.39247131347656
2025-06-25 10:40:00,5,connected,56.12700271606445,57.01299285888672,55.2342758178711,56.808387756347656,56.478057861328125,56.11193084716797,55.7625846862793,55.4181900024414
2025-06-25 10:45:00,5,connected,57.37781524658203,61.93722915649414,55.16367721557617,60.389312744140625,58.54643630981445,57.13358688354492,56.12138366699219,55.52208709716797
2025-06-25 10:50:00,5,connected,56.863162994384766,59.98139953613281,55.283111572265625,58.542572021484375,57.438232421875,56.77092361450195,56.2590560913086,55.85601043701172
2025-06-25 10:55:00,5,connected,56.07581329345703,59.35881423950195,54.97453308105469,56.82271194458008,56.45185089111328,56.05715560913086,55.675174713134766,55.383392333984375
2025-06-25 11:00:00,5,connected,61.97699737548828,82.73218536376953,53.460533142089844,72.2106475830078,64.08099365234375,56.1143798828125,55.40061950683594,53.96705627441406
2025-06-25 11:05:00,5,connected,65.22750091552734,76.92591857910156,52.29353332519531,74.55337524414062,69.3162384033203,61.679473876953125,54.88520431518555,52.7839126586914
2025-06-25 11:10:00,5,connected,63.2908821105957,77.88392639160156,54.76978302001953,71.26724243164062,66.70819091796875,60.44911193847656,56.79948425292969,55.30303192138672
2025-06-25 11:15:00,5,connected,62.597782135009766,77.69701385498047,51.7199478149414,71.1112518310547,66.13446044921875,59.635215759277344,53.5506706237793,52.2179183959961
2025-06-25 11:20:00,5,connected,60.819664001464844,82.0761489868164,51.725555419921875,69.2360610961914,63.60142517089844,57.18846893310547,52.94099426269531,52.137451171875
2025-06-25 11:25:00,5,connected,61.156524658203125,77.5150909423828,52.06547546386719,70.10086059570312,64.54278564453125,57.586639404296875,53.370269775390625,52.43937683105469
2025-06-25 11:30:00,5,connected,58.27217102050781,77.81430053710938,52.347694396972656,68.38507080078125,59.63426971435547,54.810707092285156,53.39032745361328,52.81854248046875
2025-06-25 11:35:00,5,connected,55.33842086791992,70.5044174194336,52.40259552001953,61.49836730957031,56.9307861328125,54.247474670410156,53.30385971069336,52.72859191894531
2025-06-25 11:40:00,5,connected,57.383724212646484,76.4435348510742,52.303985595703125,65.4327850341797,58.34747314453125,54.5187110900879,53.303428649902344,52.8122215270996
2025-06-25 11:45:00,5,connected,57.150054931640625,78.93939208984375,52.19818115234375,65.6890182495117,58.21691131591797,54.228912353515625,53.01072692871094,52.59992218017578
2025-06-25 11:50:00,5,connected,58.76451873779297,71.34273529052734,52.26951599121094,67.52774047851562,61.73765563964844,56.50459289550781,53.57526397705078,52.81409454345703
2025-06-25 11:55:00,5,connected,57.436439514160156,77.10101318359375,52.51238250732422,63.631927490234375,59.43013000488281,55.80263900756836,53.550811767578125,52.8219337463379
2025-06-25 12:00:00,5,connected,56.81281661987305,72.8016357421875,51.9726448059082,63.29967498779297,58.79039764404297,55.461578369140625,53.51759338378906,52.79644775390625
2025-06-25 12:05:00,5,connected,59.73813247680664,82.24478149414062,53.39402770996094,66.92909240722656,60.86149978637695,57.470428466796875,55.2795181274414,54.004920959472656
2025-06-25 12:10:00,5,connected,57.611812591552734,70.8485336303711,53.290191650390625,66.25424194335938,59.91710662841797,55.61048126220703,54.06694030761719,53.5241928100586
2025-06-25 12:15:00,5,connected,57.65733337402344,78.98460388183594,52.926307678222656,62.5351333618164,58.757659912109375,56.276981353759766,54.26333236694336,53.35932922363281
2025-06-25 12:20:00,5,connected,54.88129425048828,72.0986785888672,52.264732360839844,61.6769790649414,55.854164123535156,53.771690368652344,53.14264678955078,52.74346923828125
2025-06-25 12:25:00,5,connected,54.689388275146484,72.19146728515625,52.55036926269531,59.44303894042969,55.7537612915039,53.7497215270996,53.17662048339844,52.76768493652344
2025-06-25 12:30:00,5,connected,56.69350051879883,74.02870178222656,52.70234680175781,64.48255157470703,57.95496368408203,54.99005889892578,53.49400329589844,52.972129821777344
2025-06-25 12:35:00,5,connected,57.1081199645996,75.84835052490234,52.50346374511719,64.3920364379883,58.87757873535156,54.698028564453125,53.49656677246094,52.989219665527344
2025-06-25 12:40:00,5,connected,56.379398345947266,67.02366638183594,52.52967071533203,63.19373321533203,58.715492248535156,54.9612922668457,53.76304626464844,52.93806838989258
2025-06-25 12:45:00,5,connected,55.89360427856445,70.1166458129883,52.407257080078125,62.80366134643555,57.70326232910156,54.29944610595703,53.276519775390625,52.767860412597656
2025-06-25 21:15:00,5,connected,60.601593017578125,61.25386047363281,59.944393157958984,61.02882385253906,60.8407974243164,60.59864807128906,60.34886932373047,60.15899658203125
2025-06-25 21:20:00,5,connected,60.78279113769531,61.47727966308594,60.15269088745117,61.2579574584961,61.03449630737305,60.78279113769531,60.509071350097656,60.2529525756836
2025-06-25 21:25:00,5,connected,60.74872970581055,61.32623291015625,60.204017639160156,61.179527282714844,60.9925765991211,60.75050354003906,60.501888275146484,60.28558349609375
2025-06-25 21:30:00,5,connected,61.19813919067383,63.6522445678711,60.20423126220703,63.3971290588379,61.80501174926758,61.01902770996094,60.58656311035156,60.368778228759766
2025-06-26 04:35:00,5,connected,60.6688232421875,61.227294921875,60.023033142089844,61.1388931274414,60.925662994384766,60.66107177734375,60.40327835083008,60.16700744628906
2025-06-26 04:40:00,5,connected,60.68465042114258,61.35185241699219,60.01539993286133,61.14323425292969,60.93821334838867,60.67815399169922,60.42158508300781,60.18534851074219
2025-06-26 04:45:00,5,connected,60.62346267700195,61.21330261230469,59.88469696044922,61.0590591430664,60.873382568359375,60.61268615722656,60.35711669921875,60.19011306762695
2025-06-26 04:50:00,5,connected,60.68775939941406,61.75192642211914,60.03763961791992,61.220462799072266,60.97279357910156,60.67738342285156,60.408203125,60.1651840209961
2025-06-26 04:55:00,5,connected,60.61180877685547,61.2939453125,59.99977111816406,61.06797790527344,60.85596466064453,60.60813903808594,60.3467025756836,60.16511535644531
2025-06-26 05:00:00,5,connected,60.65280532836914,61.289093017578125,59.96002960205078,61.125553131103516,60.89524841308594,60.6505126953125,60.3945083618164,60.1885986328125
2025-06-26 05:05:00,5,connected,60.7250099182129,61.41240692138672,60.06269073486328,61.2456283569336,61.03831100463867,60.712249755859375,60.41217041015625,60.191444396972656
2025-06-26 05:30:00,5,connected,60.6786003112793,61.350337982177734,59.95399475097656,61.14115524291992,60.920230865478516,60.67759704589844,60.41425323486328,60.19898223876953
2025-06-26 05:35:00,5,connected,60.633880615234375,61.223182678222656,60.0215835571289,61.11366271972656,60.879085540771484,60.6261215209961,60.381752014160156,60.19580078125
2025-06-26 05:40:00,5,connected,60.6644058227539,61.447784423828125,60.05308532714844,61.13801574707031,60.93241882324219,60.660736083984375,60.395904541015625,60.176876068115234
2025-06-26 05:45:00,5,connected,60.67259979248047,61.493743896484375,60.01454162597656,61.13116455078125,60.91590881347656,60.67061233520508,60.413604736328125,60.20701599121094
2025-06-26 05:50:00,5,connected,60.6982192993164,61.30315399169922,60.096675872802734,61.21861267089844,60.97845458984375,60.69231414794922,60.43071746826172,60.20487976074219
2025-06-26 05:55:00,5,connected,60.676918029785156,61.36827087402344,60.06062316894531,61.1046371459961,60.92993927001953,60.66900634765625,60.4256591796875,60.22797775268555
2025-06-26 06:00:00,5,connected,60.67439651489258,61.20619201660156,60.02702331542969,61.12224578857422,60.92875671386719,60.66278076171875,60.42002868652344,60.24769973754883
2025-06-26 06:05:00,5,connected,60.7530517578125,61.38215637207031,60.1238899230957,61.204315185546875,61.00865936279297,60.74568557739258,60.4869613647461,60.26515197753906
2025-06-26 06:10:00,5,connected,60.744930267333984,61.344696044921875,60.05622863769531,61.2106056213379,60.990875244140625,60.74253845214844,60.481361389160156,60.2303466796875
2025-06-26 06:15:00,5,connected,60.75185775756836,61.43695068359375,60.102970123291016,61.21332550048828,61.0198745727539,60.74738693237305,60.475799560546875,60.25989532470703
2025-06-26 07:10:00,5,connected,60.84946823120117,61.469482421875,60.20922088623047,61.27394104003906,61.088043212890625,60.84475326538086,60.59223937988281,60.42762756347656
2025-06-26 07:15:00,5,connected,60.849483489990234,61.635459899902344,60.277915954589844,61.317298889160156,61.08941650390625,60.84161376953125,60.59870529174805,60.4129867553711
2025-06-26 07:20:00,5,connected,60.85627365112305,61.5320053100586,60.24184036254883,61.3199234008789,61.10961151123047,60.846229553222656,60.59262466430664,60.38088607788086
2025-06-26 07:25:00,5,connected,60.84787368774414,61.430511474609375,60.181602478027344,61.298736572265625,61.11100769042969,60.84349822998047,60.579708099365234,60.37342834472656
2025-06-26 07:30:00,5,connected,60.911685943603516,61.5435791015625,60.27470779418945,61.4071388244629,61.1865234375,60.9014892578125,60.626373291015625,60.40215301513672
2025-06-26 07:35:00,5,connected,64.1322250366211,83.9994354248047,59.57810974121094,72.9848861694336,61.90452575683594,60.8896713256836,60.35658645629883,59.9557876586914
2025-06-26 07:40:00,5,connected,60.64844512939453,65.07106018066406,57.8087387084961,62.23121643066406,61.62342834472656,60.9817771911621,59.142364501953125,58.18608856201172
2025-06-26 07:45:00,5,connected,59.80805969238281,69.48069763183594,58.64105224609375,61.85820770263672,60.285186767578125,59.60646438598633,59.214317321777344,58.8363914489746
2025-06-26 07:50:00,5,connected,59.6570053100586,63.445526123046875,58.27775573730469,60.82588195800781,60.2249755859375,59.5895118713379,59.0450782775879,58.63367462158203
2025-06-26 07:55:00,5,connected,58.121795654296875,61.172149658203125,56.04280090332031,60.455108642578125,59.64543533325195,57.6764907836914,56.8117904663086,56.37596893310547
2025-06-26 08:00:00,5,connected,57.41997528076172,59.084136962890625,56.1691780090332,58.61510467529297,58.114837646484375,57.3226432800293,56.82347869873047,56.3577537536621
2025-06-26 08:05:00,5,connected,57.65346145629883,63.46443176269531,56.3363037109375,59.40491485595703,58.2583999633789,57.5441665649414,57.04897689819336,56.61199951171875
2025-06-26 08:10:00,5,connected,59.0620460510254,74.26792907714844,56.8762092590332,60.92959213256836,59.834877014160156,58.72106170654297,57.75682067871094,57.0528564453125
2025-06-26 08:15:00,5,connected,58.3718376159668,75.59149169921875,55.034820556640625,65.8783416748047,58.01984405517578,57.01283264160156,55.881832122802734,55.43389892578125
2025-06-26 08:20:00,5,connected,56.712703704833984,71.7701873779297,54.9469985961914,62.291175842285156,56.949066162109375,56.220008850097656,55.679840087890625,55.26521301269531
2025-06-26 08:25:00,5,connected,56.190425872802734,59.8074951171875,55.044281005859375,57.28912353515625,56.682193756103516,56.150794982910156,55.66545867919922,55.33567810058594
2025-06-26 08:30:00,5,connected,56.297542572021484,57.811195373535156,55.37436294555664,57.15782165527344,56.7170181274414,56.27183532714844,55.878700256347656,55.589168548583984
2025-06-26 08:35:00,5,connected,57.22904586791992,67.13743591308594,55.2783203125,58.886512756347656,58.01716613769531,57.07672119140625,56.38246154785156,55.7881088256836
2025-06-26 08:40:00,5,connected,56.33451461791992,61.585453033447266,54.93275451660156,57.35730743408203,56.82372283935547,56.275421142578125,55.81398010253906,55.37959289550781
2025-06-26 08:45:00,5,connected,56.261314392089844,60.284751892089844,55.127281188964844,57.22185516357422,56.70941162109375,56.2246971130371,55.752655029296875,55.36737823486328
2025-06-26 08:50:00,5,connected,56.2957763671875,60.85966873168945,55.11418151855469,57.41271209716797,56.7888412475586,56.241973876953125,55.7525634765625,55.31989288330078
2025-06-26 08:55:00,5,connected,56.39470291137695,61.65904235839844,55.04474639892578,57.9805679321289,57.035701751708984,56.32013702392578,55.714874267578125,55.2309684753418
2025-06-26 09:00:00,5,connected,56.399410247802734,65.8694534301758,54.8352279663086,59.42594909667969,56.9413833618164,56.19867706298828,55.56349182128906,55.16703796386719
2025-06-26 09:05:00,5,connected,56.89230728149414,73.65528869628906,54.6416358947754,61.8542709350586,57.478309631347656,56.066322326660156,55.501251220703125,55.06505584716797
2025-06-26 09:10:00,5,connected,57.41128158569336,76.40098571777344,54.87855529785156,62.691131591796875,57.50190734863281,56.39839172363281,55.75511169433594,55.29380798339844
2025-06-26 09:15:00,5,connected,59.18113327026367,71.02798461914062,54.82374572753906,67.4532470703125,61.617305755615234,56.95719528198242,55.805450439453125,55.23778533935547
2025-06-26 09:20:00,5,connected,59.92827224731445,77.03341674804688,54.74584197998047,68.8847122192383,62.0129623413086,57.5252685546875,56.205230712890625,55.33258819580078
2025-06-26 09:25:00,5,connected,58.3749656677246,67.46881103515625,55.238101959228516,65.01824951171875,60.37872314453125,57.09751892089844,56.164794921875,55.6872329711914
2025-06-26 09:30:00,5,connected,57.132450103759766,67.44441986083984,54.631187438964844,64.4189224243164,58.227359771728516,56.14093017578125,55.41455841064453,54.93250274658203
2025-06-26 09:35:00,5,connected,59.452362060546875,72.5088424682617,54.68888854980469,70.3076934814453,61.19093322753906,56.62342834472656,55.612060546875,55.16526794433594
2025-06-26 09:40:00,5,connected,56.83110427856445,66.9690399169922,55.40312194824219,58.10889434814453,57.36365509033203,56.69258117675781,56.2348861694336,55.824180603027344
2025-06-26 09:45:00,5,connected,56.75606155395508,61.58851623535156,55.619476318359375,57.669677734375,57.2471923828125,56.731998443603516,56.229408264160156,55.91490173339844
2025-06-26 09:50:00,5,connected,56.82048034667969,60.88232421875,55.62059020996094,57.9225082397461,57.35979461669922,56.78623962402344,56.19135284423828,55.85692596435547
2025-06-26 09:55:00,5,connected,56.874149322509766,60.0307731628418,55.45551300048828,58.31243133544922,57.461753845214844,56.80017852783203,56.25799560546875,55.8849868774414
2025-06-26 09:55:00,5,connected,56.874149322509766,60.0307731628418,55.45551300048828,58.31243133544922,57.461753845214844,56.80017852783203,56.25799560546875,55.8849868774414
2025-06-26 10:00:00,5,connected,56.7975082397461,58.21477508544922,55.699249267578125,57.7472152709961,57.33319854736328,56.75290298461914,56.27394485473633,55.918365478515625
2025-06-26 10:05:00,5,connected,58.964176177978516,62.6382942199707,56.6810531616211,61.44792938232422,60.07642364501953,58.806114196777344,57.775054931640625,57.0980224609375
2025-06-26 10:10:00,5,connected,56.9006118774414,60.19966125488281,55.80998229980469,57.94366455078125,57.39308166503906,56.84906005859375,56.356380462646484,56.00086212158203
2025-06-26 10:15:00,5,connected,57.3745460510254,72.76187133789062,55.64191436767578,61.290740966796875,57.58734893798828,56.814125061035156,56.236244201660156,55.868682861328125
2025-06-26 10:20:00,5,connected,56.80656814575195,60.76844787597656,55.58596420288086,57.946014404296875,57.394317626953125,56.75727844238281,56.18092727661133,55.76254653930664
2025-06-26 10:25:00,5,connected,56.961490631103516,66.72726440429688,55.31298065185547,60.57606506347656,57.42474365234375,56.74330139160156,56.153526306152344,55.80579376220703
2025-06-26 10:30:00,5,connected,56.924564361572266,66.88651275634766,55.576297760009766,59.81458282470703,57.31120300292969,56.7647705078125,56.22212219238281,55.76641082763672
2025-06-26 10:35:00,5,connected,57.0303077697754,70.3613967895508,54.97270202636719,60.78432846069336,57.982627868652344,56.53144836425781,55.8185043334961,55.38505554199219
2025-06-26 10:40:00,5,connected,57.36297607421875,63.9488868713379,55.2877426147461,60.40180969238281,58.76728820800781,56.89558410644531,56.03838348388672,55.620849609375
2025-06-26 10:45:00,5,connected,57.32954406738281,66.1624221801758,54.6358985900879,61.628387451171875,58.720703125,56.68317413330078,55.91221618652344,55.11492919921875
2025-06-26 10:50:00,5,connected,58.502601623535156,70.0653533935547,54.9371109008789,65.13168334960938,60.61802673339844,57.35022735595703,56.02184295654297,55.3253173828125
2025-06-26 10:55:00,5,connected,57.7359733581543,68.51920318603516,54.9670181274414,64.78785705566406,59.22956085205078,56.60035705566406,55.7247314453125,55.23384094238281
2025-06-26 11:00:00,5,connected,57.21095657348633,66.5284423828125,54.71760559082031,63.44959259033203,58.59346008300781,56.3439826965332,55.4977798461914,55.00184631347656
2025-06-26 11:05:00,5,connected,56.84600067138672,73.144287109375,54.442657470703125,61.40556335449219,57.47381591796875,56.10157775878906,55.36376190185547,54.84410858154297
2025-06-26 11:10:00,5,connected,58.1019401550293,68.7705078125,54.694454193115234,64.3463821411133,60.059288024902344,56.9476318359375,55.77479553222656,55.103515625
2025-06-26 11:15:00,5,connected,57.713504791259766,72.9330596923828,54.90203857421875,65.76927185058594,58.324424743652344,56.39070129394531,55.6381607055664,55.2429084777832
2025-06-26 11:24:00,5,connected,56.15983963012695,61.669769287109375,54.95894241333008,58.332000732421875,56.76314163208008,56.02376174926758,55.53950500488281,55.225189208984375
2025-06-26 11:25:00,5,connected,56.21784973144531,57.8520851135254,55.32305145263672,57.03926086425781,56.6924171447754,56.151607513427734,55.8138771057129,55.486053466796875
2025-06-26 11:30:00,5,connected,56.44456481933594,69.48956298828125,54.9520378112793,59.6368408203125,56.893375396728516,56.17997741699219,55.571495056152344,55.190460205078125
2025-06-26 11:35:00,5,connected,56.874568939208984,68.6284713745117,54.7108154296875,62.708675384521484,57.683753967285156,56.1624641418457,55.54515075683594,55.06689453125
2025-06-26 11:40:00,5,connected,59.07600784301758,80.28909301757812,54.966712951660156,67.0352554321289,58.27819061279297,56.72718811035156,55.917083740234375,55.31510925292969
2025-06-26 11:45:00,5,connected,56.90045928955078,74.15015411376953,55.10308837890625,61.4903564453125,57.41552734375,56.33088684082031,55.71791076660156,55.3122215270996
2025-06-26 11:50:00,5,connected,56.81990432739258,62.08705139160156,55.01948165893555,60.56806182861328,57.837650299072266,56.454593658447266,55.791805267333984,55.39686965942383
2025-06-26 11:55:00,5,connected,58.59667205810547,80.4687957763672,54.97789764404297,62.77848815917969,58.02820587158203,56.34788513183594,55.80583190917969,55.30043029785156
2025-06-26 12:00:00,5,connected,58.51377868652344,67.4043655395508,55.336830139160156,64.776123046875,60.55751037597656,57.3501091003418,56.05394744873047,55.55183410644531
2025-06-26 12:05:00,5,connected,59.4386978149414,67.3706741333008,55.6417350769043,63.000946044921875,60.94182586669922,59.044673919677734,57.706825256347656,56.51812744140625
2025-06-26 12:10:00,5,connected,61.178035736083984,69.6355972290039,58.12706756591797,64.99137115478516,62.60026168823242,60.87388610839844,59.11918640136719,58.52037811279297
2025-06-26 12:15:00,5,connected,58.48138427734375,63.88365936279297,55.228397369384766,63.511756896972656,61.71626281738281,56.88288879394531,56.00230026245117,55.6060791015625
2025-06-26 12:20:00,5,connected,57.4901123046875,78.1244659423828,55.10859298706055,63.70890426635742,56.9670639038086,56.25769805908203,55.79104232788086,55.4206314086914
2025-06-26 12:25:00,5,connected,57.07899475097656,67.7404251098633,55.313568115234375,61.7049331665039,58.2348403930664,56.41204071044922,55.89413833618164,55.509849548339844
2025-06-26 12:30:00,5,connected,56.53716278076172,69.20314025878906,55.23646545410156,61.06609344482422,56.84461212158203,56.22080993652344,55.8354263305664,55.464691162109375
2025-06-26 12:35:00,5,connected,56.41975784301758,66.2528305053711,55.1138038635254,60.6351203918457,56.68193817138672,56.067047119140625,55.61783981323242,55.326904296875
2025-06-26 18:20:00,5,connected,57.19623947143555,58.5287208557129,55.97862243652344,58.23846435546875,57.7072639465332,57.13468933105469,56.700469970703125,56.305137634277344
2025-06-26 18:25:00,5,connected,58.801597595214844,62.17420959472656,56.67259979248047,61.310909271240234,60.23598861694336,58.61885070800781,57.34546661376953,56.91968536376953
2025-06-26 18:35:00,5,connected,58.624385833740234,77.8638916015625,56.2537841796875,63.30223083496094,58.66030502319336,57.27935028076172,56.77393341064453,56.500370025634766
2025-06-27 09:25:00,5,connected,57.24705123901367,71.29226684570312,55.5953369140625,62.20740509033203,57.53956604003906,56.7324562072754,56.24388122558594,55.880191802978516
2025-06-27 09:30:00,5,connected,56.96746063232422,70.01853942871094,55.9361915588379,58.716636657714844,57.39019012451172,56.79127502441406,56.373046875,56.060585021972656
2025-06-27 09:30:00,5,connected,56.96746063232422,70.01853942871094,55.9361915588379,58.716636657714844,57.39019012451172,56.79127502441406,56.373046875,56.060585021972656
2025-06-27 09:35:00,5,connected,57.255828857421875,61.67169952392578,55.6384048461914,59.9862289428711,58.21709442138672,57.01612854003906,56.374359130859375,55.986358642578125
2025-06-27 09:40:00,5,connected,59.10743713378906,70.003662109375,55.23979187011719,66.4381103515625,61.745758056640625,57.431095123291016,56.22132873535156,55.573856353759766
2025-06-27 09:45:00,5,connected,60.61077117919922,73.60840606689453,54.08441925048828,69.93423461914062,63.22056579589844,58.035888671875,55.59336471557617,54.74359130859375
2025-06-27 09:50:00,5,connected,60.651119232177734,75.7662353515625,54.69130325317383,70.90614318847656,63.418731689453125,56.18461608886719,55.3938980102539,55.01170349121094
2025-06-27 09:55:00,5,connected,58.4767074584961,69.69204711914062,54.60005569458008,65.75016021728516,60.7980728149414,56.847869873046875,55.406558990478516,54.918853759765625
2025-06-27 10:00:00,5,connected,57.58159255981445,68.0591278076172,54.58607864379883,64.4983444213867,59.38864517211914,56.429840087890625,55.4207992553711,54.891929626464844
2025-06-27 10:10:00,5,connected,57.91168212890625,70.0327682495117,55.48469543457031,64.7820281982422,58.53972625732422,57.18345642089844,56.3967628479004,55.810638427734375
2025-06-27 10:15:00,5,connected,58.445098876953125,62.065765380859375,55.78082275390625,61.12144470214844,59.668365478515625,58.26597595214844,56.927490234375,56.2539291381836
2025-06-27 10:25:00,5,connected,57.13026809692383,66.52340698242188,55.54914093017578,59.52210998535156,57.777915954589844,56.93354034423828,56.36747741699219,55.96095275878906
2025-06-27 10:30:00,5,connected,62.103973388671875,75.34005737304688,55.232704162597656,72.39988708496094,65.9957962036133,57.18939208984375,56.35639953613281,55.88056182861328
2025-06-27 10:40:00,5,connected,57.98981857299805,75.6883544921875,55.88372802734375,61.89625930786133,58.716976165771484,57.23188018798828,56.52281951904297,56.15395736694336
2025-06-27 10:45:00,5,connected,57.84040832519531,66.91664123535156,55.7666244506836,61.96929931640625,58.759490966796875,57.45362854003906,56.55194091796875,56.14202117919922
2025-06-27 10:55:00,5,connected,62.453189849853516,79.898193359375,54.81377410888672,70.75565338134766,65.60269927978516,59.83880615234375,55.86598205566406,55.20747375488281
2025-06-27 11:00:00,5,connected,61.51655197143555,77.94075775146484,54.56390380859375,69.9156951904297,64.8740768432617,58.16656494140625,55.33018493652344,54.87046813964844
2025-06-27 11:05:00,5,connected,61.02121353149414,72.62576293945312,54.634674072265625,69.6206741333008,64.3745574951172,58.464813232421875,55.41926574707031,55.00790786743164
2025-06-27 11:10:00,5,connected,61.8419189453125,73.8815155029297,55.01640319824219,70.74969482421875,65.56983184814453,58.286922454833984,55.67339324951172,55.2175636291504
2025-06-27 11:15:00,5,connected,61.2389259338379,73.9830780029297,54.65288543701172,70.3289031982422,64.61807250976562,57.62944412231445,55.6262092590332,55.19776153564453
2025-06-27 11:20:00,5,connected,61.69468307495117,74.8079071044922,54.79136276245117,70.94317626953125,65.14571380615234,58.3692855834961,55.64925003051758,55.135284423828125
2025-06-27 11:25:00,5,connected,57.8926773071289,71.3634796142578,54.742523193359375,65.46615600585938,60.254608154296875,55.95912170410156,55.41859817504883,55.05400466918945
2025-06-27 11:30:00,5,connected,56.76300811767578,72.32763671875,54.573036193847656,62.742984771728516,57.013519287109375,55.83732604980469,55.24420928955078,54.88340759277344
2025-06-27 11:35:00,5,connected,56.4541015625,65.36129760742188,54.89689636230469,61.65911102294922,56.897178649902344,55.908477783203125,55.425079345703125,55.057804107666016
2025-06-27 11:40:00,5,connected,55.9435043334961,60.3912467956543,54.6025390625,57.21858215332031,56.444297790527344,55.85568618774414,55.39594268798828,55.081336975097656
2025-06-27 11:45:00,5,connected,56.18876647949219,59.528987884521484,54.48457336425781,57.45927429199219,56.93227005004883,56.11659240722656,55.42999267578125,54.99997329711914
2025-06-27 11:50:00,5,connected,56.246395111083984,64.81636810302734,54.5895652770996,58.0419921875,56.77587127685547,56.097232818603516,55.59172058105469,55.2046127319336
2025-06-27 11:55:00,5,connected,56.65852355957031,65.8102569580078,54.703155517578125,61.327484130859375,57.377777099609375,56.25193786621094,55.59138488769531,55.09049987792969
2025-06-27 12:00:00,5,connected,60.7107276916504,84.83089447021484,55.45545196533203,64.58766174316406,59.861732482910156,57.39137268066406,56.29182434082031,55.706939697265625
2025-06-27 12:05:00,5,connected,58.17702102661133,67.26558685302734,55.3435401916504,64.01962280273438,59.97605895996094,57.270442962646484,56.23072814941406,55.714141845703125
2025-06-27 12:10:00,5,connected,58.701168060302734,69.55387115478516,55.017635345458984,66.2584457397461,60.5469741821289,57.40597915649414,56.28004455566406,55.61541748046875
2025-06-27 12:15:00,5,connected,57.7824363708496,65.7475128173828,55.02374267578125,63.123695373535156,59.65350341796875,56.99480438232422,55.96734619140625,55.44378662109375
2025-06-27 12:20:00,5,connected,57.343753814697266,65.30943298339844,55.11420440673828,61.563568115234375,58.767826080322266,56.79731750488281,55.93962097167969,55.51160430908203
2025-06-27 12:25:00,5,connected,58.02011489868164,66.8909454345703,55.76154327392578,62.1209487915039,59.40428161621094,57.50190734863281,56.63141632080078,56.13808822631836
2025-06-27 12:30:00,5,connected,57.60264587402344,66.14163970947266,55.404945373535156,61.9027214050293,59.12370300292969,57.00431823730469,56.11590576171875,55.63374328613281
2025-06-27 12:35:00,5,connected,58.02997970581055,66.28079986572266,55.39503479003906,62.5621566772461,59.84034729003906,57.27582550048828,56.25370788574219,55.69926452636719
2025-06-27 12:40:00,5,connected,56.8829689025879,65.38711547851562,54.90972900390625,62.61283874511719,58.08030700683594,56.253536224365234,55.629364013671875,55.21625518798828
2025-06-27 12:45:00,5,connected,56.98744201660156,69.02099609375,55.06209182739258,60.89335250854492,58.05375671386719,56.51288604736328,55.81601333618164,55.4476318359375
2025-06-27 12:50:00,5,connected,56.9071044921875,71.8289031982422,55.07604217529297,59.288421630859375,57.574371337890625,56.568023681640625,55.88437271118164,55.50795364379883
2025-06-27 12:55:00,5,connected,57.066246032714844,65.01870727539062,55.425350189208984,60.809173583984375,57.8919448852539,56.781402587890625,56.0867691040039,55.723228454589844
2025-06-27 13:00:00,5,connected,57.244571685791016,65.92577362060547,55.23115539550781,61.72108459472656,58.3377685546875,56.79718017578125,56.07141876220703,55.56272888183594
2025-06-27 13:05:00,5,connected,57.1054801940918,68.935546875,55.15753173828125,61.79603576660156,57.6356201171875,56.67039108276367,56.0373191833496,55.55906677246094
2025-06-27 13:10:00,5,connected,56.82526397705078,64.4037857055664,55.23591232299805,58.264949798583984,57.5105972290039,56.69032287597656,56.05775451660156,55.68766784667969
2025-06-27 13:15:00,5,connected,57.168758392333984,67.9761276245117,55.39338684082031,61.45857620239258,57.771209716796875,56.68959045410156,56.042442321777344,55.632904052734375
2025-06-27 13:20:00,5,connected,56.73573303222656,67.8379440307617,55.05707931518555,60.169464111328125,57.52867126464844,56.38468551635742,55.779701232910156,55.29271697998047
2025-06-27 13:25:00,5,connected,57.159976959228516,61.623741149902344,55.2109260559082,60.86175537109375,58.67993927001953,56.57757568359375,55.94446563720703,55.608116149902344
2025-06-27 13:30:00,5,connected,57.00736618041992,64.9701614379883,55.013668060302734,61.600669860839844,57.82799530029297,56.63874053955078,55.93231201171875,55.46971130371094
2025-06-27 13:35:00,5,connected,58.2520523071289,66.59954833984375,55.405181884765625,64.1996841430664,60.028106689453125,57.26374435424805,56.2706527709961,55.81748962402344
2025-06-27 13:40:00,5,connected,59.50068664550781,79.9479751586914,55.4964599609375,63.751502990722656,60.494171142578125,58.60832214355469,56.729305267333984,55.81189727783203
2025-06-27 13:45:00,5,connected,57.29311752319336,61.91917419433594,55.736534118652344,59.70372772216797,58.38170623779297,56.96588897705078,56.41594696044922,56.00264358520508
2025-06-27 13:50:00,5,connected,57.079837799072266,59.477455139160156,55.90451431274414,58.357948303222656,57.71565246582031,56.99122619628906,56.44597625732422,56.15617370605469
2025-06-27 15:55:00,5,connected,58.32807922363281,65.53411865234375,55.589752197265625,61.84663391113281,59.61182403564453,58.4176902770996,56.2353286743164,55.813663482666016
2025-06-27 16:00:00,5,connected,56.70065689086914,59.84361267089844,55.7787971496582,58.02605438232422,57.107330322265625,56.64051818847656,56.253509521484375,55.98814392089844
2025-06-27 16:05:00,5,connected,57.148468017578125,62.1523551940918,55.74049377441406,58.874176025390625,58.16021728515625,56.87150192260742,56.388153076171875,56.061439514160156
2025-06-27 16:10:00,5,connected,60.16179656982422,64.4578323364258,57.91625213623047,63.8079719543457,61.27233123779297,59.990760803222656,58.7133560180664,58.175479888916016
2025-06-27 16:15:00,5,connected,59.55940246582031,64.39271545410156,55.94762420654297,63.90838623046875,61.46104431152344,59.49067306518555,56.547637939453125,56.15936279296875
2025-06-27 16:20:00,5,connected,56.914546966552734,62.02085876464844,55.4026870727539,59.385528564453125,57.563270568847656,56.717124938964844,56.259559631347656,55.94447326660156
2025-06-27 16:25:00,5,connected,56.731990814208984,62.36297607421875,55.72642135620117,58.81119918823242,57.05127716064453,56.64551544189453,56.27770233154297,55.92119598388672
2025-06-27 16:30:00,5,connected,56.71831512451172,65.90322875976562,55.77033996582031,58.059146881103516,57.07597351074219,56.633392333984375,56.26837921142578,55.97570037841797
2025-06-27 16:35:00,5,connected,56.78099822998047,59.953208923339844,55.80303192138672,58.1320571899414,57.23729705810547,56.7101058959961,56.32563781738281,56.04164123535156
2025-06-27 16:40:00,5,connected,57.0602912902832,62.032501220703125,56.06273651123047,59.489261627197266,57.580970764160156,56.91340255737305,56.52593231201172,56.24070739746094
2025-06-27 16:45:00,5,connected,57.13860321044922,65.7013397216797,55.94523239135742,58.924652099609375,57.7676010131836,56.998085021972656,56.48008728027344,56.21196746826172
2025-06-27 16:50:00,5,connected,57.45233917236328,68.13987731933594,55.70997619628906,60.06853485107422,58.21851348876953,57.2469711303711,56.50349426269531,56.1284408569336
2025-06-27 16:55:00,5,connected,57.04846954345703,69.7837600708008,55.54587173461914,58.72538375854492,57.52416229248047,56.89104461669922,56.24575424194336,55.80365753173828
2025-06-27 17:00:00,5,connected,57.15180969238281,67.6339111328125,55.60010528564453,60.732025146484375,57.63151550292969,56.87712097167969,56.18177795410156,55.82102584838867
2025-06-27 17:05:00,5,connected,57.598323822021484,73.02381896972656,55.59568786621094,63.15447235107422,57.88226318359375,56.897254943847656,56.31055450439453,55.9437484741211
2025-06-27 17:10:00,5,connected,56.979278564453125,69.68737030029297,55.27134704589844,62.31858825683594,57.39898681640625,56.61341857910156,55.91178894042969,55.4477310180664
2025-06-27 17:15:00,5,connected,57.66279602050781,69.2295379638672,55.83638381958008,61.59064483642578,58.58177185058594,57.17940139770508,56.547149658203125,56.2350082397461
2025-06-27 17:20:00,5,connected,56.5829086303711,58.08454132080078,55.54728317260742,57.52809143066406,56.95601272583008,56.5514907836914,56.201507568359375,55.917236328125
2025-06-27 17:24:59,5,connected,57.79572677612305,67.7384719848633,55.42933654785156,64.8206253051758,58.91753005981445,56.71728515625,56.28581237792969,55.8685302734375
2025-06-27 17:30:00,5,connected,60.5543098449707,75.29175567626953,55.679256439208984,69.72794342041016,62.6906852722168,57.60026550292969,56.5939826965332,56.203765869140625
2025-06-27 17:35:00,5,connected,58.5565071105957,71.2688522338867,55.5207290649414,65.20022583007812,59.93720245361328,57.52738952636719,56.54277038574219,55.90917205810547
2025-06-27 17:40:00,5,connected,56.780277252197266,66.9154586791992,55.94220733642578,58.689334869384766,57.032867431640625,56.6812629699707,56.35760498046875,56.06217956542969
2025-06-27 17:45:00,5,connected,56.72394943237305,57.92882537841797,55.80644226074219,57.32867431640625,57.04486083984375,56.72007369995117,56.3724021911621,56.0464859008789
2025-06-27 17:50:00,5,connected,58.40760803222656,66.2808151245117,55.9381103515625,62.3769645690918,59.910614013671875,57.754112243652344,56.5794448852539,56.221923828125
2025-06-27 17:55:00,5,connected,62.05860137939453,69.2692337036133,60.52827453613281,65.0332489013672,63.151031494140625,61.5180892944336,60.965248107910156,60.72705841064453
2025-06-27 18:00:00,5,connected,60.9360694885254,61.743690490722656,60.0989761352539,61.52850341796875,61.26027297973633,60.92967987060547,60.585357666015625,60.30519104003906
2025-06-27 18:05:00,5,connected,60.723690032958984,61.3310775756836,60.061973571777344,61.22380447387695,61.01593017578125,60.72035598754883,60.4110221862793,60.19586944580078
2025-06-27 18:10:00,5,connected,60.62992477416992,61.36415100097656,59.80033874511719,61.18556213378906,60.946250915527344,60.6124496459961,60.326210021972656,60.074066162109375
2025-06-27 18:15:00,5,connected,60.55765914916992,61.30287170410156,59.7045783996582,61.10169982910156,60.85469055175781,60.54241943359375,60.262908935546875,60.024593353271484
2025-06-27 18:20:00,5,connected,60.59269714355469,61.51197814941406,59.90852355957031,61.136627197265625,60.898834228515625,60.585201263427734,60.281742095947266,60.01542282104492
2025-06-27 18:25:00,5,connected,60.844600677490234,62.64542770385742,59.86541748046875,62.19115447998047,61.43382263183594,60.735015869140625,60.38197708129883,60.14844512939453
2025-06-27 18:30:00,5,connected,61.91118240356445,64.287841796875,59.95824432373047,63.84760665893555,62.91084289550781,61.93946838378906,60.53623962402344,60.2374382019043
2025-06-27 18:35:00,5,connected,60.686973571777344,61.44343566894531,59.833580017089844,61.29356384277344,60.996219635009766,60.68064880371094,60.34101104736328,60.12925720214844
2025-06-27 18:40:00,5,connected,62.065185546875,64.2854461669922,60.72441101074219,63.488739013671875,62.77933883666992,61.947418212890625,61.398597717285156,60.9256477355957
2025-06-27 18:45:00,5,connected,60.87982177734375,63.34642028808594,59.9163589477539,62.87572479248047,61.78904724121094,60.66626739501953,60.31782531738281,60.11259841918945
2025-06-27 18:50:00,5,connected,60.64915084838867,61.41496276855469,59.92822265625,61.23423767089844,60.979549407958984,60.630943298339844,60.3271484375,60.11383056640625
2025-06-27 18:55:00,5,connected,60.68751525878906,62.57764434814453,59.8143539428711,61.29071044921875,61.01341247558594,60.69306564331055,60.34233093261719,60.06951904296875
2025-06-27 19:00:00,5,connected,60.699424743652344,61.37153625488281,59.94331359863281,61.271907806396484,61.03587341308594,60.690635681152344,60.33142852783203,60.11396789550781
2025-06-27 19:05:00,5,connected,60.6401596069336,61.609867095947266,59.789554595947266,61.210113525390625,60.94874572753906,60.62471008300781,60.336761474609375,60.09410858154297
2025-06-27 19:10:00,5,connected,60.67470932006836,61.57188415527344,59.97398376464844,61.33402633666992,61.014320373535156,60.656951904296875,60.32709884643555,60.112125396728516
2025-06-27 19:15:00,5,connected,60.636680603027344,61.4803695678711,59.99324035644531,61.21522521972656,60.947296142578125,60.631534576416016,60.3189468383789,60.089202880859375
2025-06-27 19:20:00,5,connected,60.6539192199707,61.4088363647461,59.7650146484375,61.21516036987305,60.94610595703125,60.65528869628906,60.332706451416016,60.08174133300781
2025-06-27 19:25:00,5,connected,60.70478820800781,61.45851135253906,59.94537353515625,61.24109649658203,61.01567840576172,60.70001220703125,60.36321258544922,60.107421875
2025-06-27 19:30:00,5,connected,60.7029685974121,61.56011962890625,59.9654884338379,61.27745819091797,61.020355224609375,60.699893951416016,60.379180908203125,60.114261627197266
2025-06-27 19:35:00,5,connected,60.72595977783203,61.93836212158203,59.84194564819336,61.317909240722656,61.046295166015625,60.7225570678711,60.3787498474121,60.111663818359375
2025-06-27 19:40:00,5,connected,60.726402282714844,61.4079818725586,60.01223373413086,61.249107360839844,61.026153564453125,60.72566223144531,60.41130065917969,60.15392303466797
2025-06-27 19:45:00,5,connected,60.73625946044922,62.36144256591797,59.92835998535156,61.36249542236328,61.05243682861328,60.73114776611328,60.39970397949219,60.08575439453125
2025-06-27 19:50:00,5,connected,60.704139709472656,61.65156555175781,59.91801452636719,61.31687927246094,61.01865005493164,60.68940353393555,60.38225555419922,60.13524627685547
2025-06-27 19:55:00,5,connected,60.71806716918945,61.38618469238281,59.9169807434082,61.245521545410156,61.035247802734375,60.71729278564453,60.39439392089844,60.14684295654297
2025-06-27 20:00:00,5,connected,60.74656677246094,66.13674926757812,59.99888610839844,61.332763671875,61.06074142456055,60.726409912109375,60.41203308105469,60.1659164428711
2025-06-27 20:05:00,5,connected,60.77333068847656,62.53924560546875,59.919471740722656,61.37352752685547,61.080894470214844,60.76459503173828,60.44129943847656,60.13819122314453
2025-06-27 20:10:00,5,connected,60.74690628051758,61.50386047363281,60.009552001953125,61.359779357910156,61.060211181640625,60.7426986694336,60.40385055541992,60.17316436767578
2025-06-27 20:15:00,5,connected,60.704769134521484,61.490936279296875,60.015411376953125,61.24163055419922,61.018836975097656,60.69010925292969,60.3888168334961,60.1241455078125
2025-06-27 20:20:00,5,connected,60.73344802856445,62.643218994140625,60.01118469238281,61.311317443847656,61.054283142089844,60.71479034423828,60.4129524230957,60.1527328491211
2025-06-27 20:25:00,5,connected,60.71830368041992,61.48040771484375,60.02178955078125,61.26398849487305,61.02907943725586,60.69990539550781,60.410675048828125,60.160804748535156
2025-06-27 20:30:00,5,connected,60.75129699707031,61.532958984375,59.97077941894531,61.318294525146484,61.0717658996582,60.74610137939453,60.436927795410156,60.19892883300781
2025-06-27 20:35:00,5,connected,60.75372314453125,61.564537048339844,60.03907012939453,61.40351867675781,61.088706970214844,60.72955322265625,60.41234588623047,60.14075469970703
2025-06-27 20:40:00,5,connected,60.7539291381836,61.51799392700195,59.93037033081055,61.327484130859375,61.08282470703125,60.74781799316406,60.42948532104492,60.146812438964844
2025-06-27 20:45:00,5,connected,60.77519989013672,61.411338806152344,60.032958984375,61.3095932006836,61.08263397216797,60.77458953857422,60.41830825805664,60.18193054199219
2025-06-27 20:50:00,5,connected,61.114830017089844,62.77427673339844,60.20964431762695,62.2703857421875,61.61391067504883,61.050289154052734,60.628204345703125,60.38067626953125
2025-06-27 20:55:00,5,connected,60.75185012817383,61.65010070800781,60.07415771484375,61.4031982421875,61.05835723876953,60.7332878112793,60.40784454345703,60.17528533935547
2025-06-27 21:00:00,5,connected,60.85799026489258,71.45533752441406,59.98693084716797,61.4620704650879,61.126190185546875,60.75983428955078,60.4510269165039,60.21961212158203
2025-06-27 21:05:00,5,connected,60.827518463134766,61.59014129638672,59.981258392333984,61.45753479003906,61.14128875732422,60.81822204589844,60.495059967041016,60.2369155883789
2025-06-27 21:10:00,5,connected,60.7900390625,61.4044189453125,60.14234161376953,61.31633758544922,61.08918762207031,60.78742980957031,60.45037078857422,60.232582092285156
2025-06-27 21:15:00,5,connected,60.779720306396484,61.66661071777344,60.04664611816406,61.3470230102539,61.10295867919922,60.771026611328125,60.44478225708008,60.15715026855469
2025-06-27 21:20:00,5,connected,60.7912940979004,61.56098937988281,59.992218017578125,61.37635803222656,61.11029815673828,60.77870559692383,60.45598602294922,60.216129302978516
2025-06-27 21:25:00,5,connected,60.81731414794922,61.64994812011719,60.008697509765625,61.39466857910156,61.137847900390625,60.81120681762695,60.48919677734375,60.199100494384766
2025-06-27 21:30:00,5,connected,60.80242156982422,61.530609130859375,60.0218734741211,61.40393829345703,61.12145233154297,60.7897834777832,60.46728515625,60.2056655883789
2025-06-27 21:35:00,5,connected,60.84299850463867,61.668663024902344,60.10520935058594,61.45128631591797,61.1675910949707,60.82490539550781,60.521976470947266,60.267974853515625
2025-06-27 21:40:00,5,connected,60.74528503417969,61.58911895751953,60.11395263671875,61.27743911743164,61.0395278930664,60.744224548339844,60.434783935546875,60.18840789794922
2025-06-27 21:45:00,5,connected,60.795169830322266,61.55164337158203,59.92266082763672,61.37217330932617,61.11802291870117,60.7923240661621,60.46735382080078,60.15687561035156
2025-06-27 21:50:00,5,connected,60.83676528930664,61.71635818481445,60.0445556640625,61.41582489013672,61.135581970214844,60.8377342224121,60.517333984375,60.24969482421875
2025-06-27 21:55:00,5,connected,60.908878326416016,61.8560676574707,59.967079162597656,61.52281951904297,61.25413131713867,60.892608642578125,60.53517150878906,60.2779541015625
2025-06-27 22:00:00,5,connected,60.765995025634766,61.64910125732422,60.01128005981445,61.32606506347656,61.07769775390625,60.75505447387695,60.441131591796875,60.1572036743164
2025-06-27 22:05:00,5,connected,60.737548828125,61.5368881225586,59.7612648010254,61.3336410522461,61.053627014160156,60.73788833618164,60.3893928527832,60.120365142822266
2025-06-27 22:10:00,5,connected,60.731842041015625,61.53593444824219,60.042293548583984,61.30693817138672,61.03667068481445,60.736900329589844,60.411407470703125,60.15138244628906
2025-06-27 22:15:00,5,connected,60.76649856567383,61.65007781982422,59.958900451660156,61.37101745605469,61.09033966064453,60.7642593383789,60.438751220703125,60.1849136352539
2025-06-27 22:20:00,5,connected,60.766815185546875,61.6629295349121,59.970947265625,61.36708068847656,61.08734893798828,60.76118469238281,60.4285545349121,60.2060432434082
2025-06-27 22:25:00,5,connected,60.736637115478516,61.4917984008789,59.75227355957031,61.34630584716797,61.055145263671875,60.72102737426758,60.408775329589844,60.167205810546875
2025-06-27 22:30:00,5,connected,60.772029876708984,61.529666900634766,59.95137405395508,61.35012435913086,61.08384704589844,60.76573181152344,60.4589614868164,60.22336196899414
2025-06-27 22:35:00,5,connected,60.76476287841797,61.67317581176758,60.01173400878906,61.36342239379883,61.067440032958984,60.74879455566406,60.45301055908203,60.18853759765625
2025-06-27 22:40:00,5,connected,60.86017990112305,61.71411895751953,59.967926025390625,61.47377014160156,61.19624328613281,60.86033630371094,60.515621185302734,60.24308776855469
2025-06-27 22:45:00,5,connected,60.834102630615234,61.6863021850586,59.992610931396484,61.40374755859375,61.145660400390625,60.83010482788086,60.50862503051758,60.2757911682129
2025-06-27 22:50:00,5,connected,60.840248107910156,61.7291030883789,59.99635314941406,61.43923568725586,61.187950134277344,60.83660125732422,60.483245849609375,60.256717681884766
2025-06-27 22:55:00,5,connected,60.817535400390625,61.657230377197266,60.02503967285156,61.41435241699219,61.1425666809082,60.8131332397461,60.48051452636719,60.23478317260742
2025-06-27 23:00:00,5,connected,61.78962326049805,63.93666076660156,60.101192474365234,63.634193420410156,62.88233947753906,61.61973190307617,60.67133331298828,60.351593017578125
2025-06-27 23:05:00,5,connected,61.14733123779297,63.7635154724121,60.12672424316406,63.288368225097656,61.97496032714844,60.9302749633789,60.56626892089844,60.310211181640625
2025-06-27 23:10:00,5,connected,60.814056396484375,61.83816146850586,59.99835968017578,61.42665100097656,61.13751983642578,60.79728698730469,60.48912811279297,60.2327995300293
2025-06-27 23:15:00,5,connected,60.844974517822266,61.64726257324219,60.008056640625,61.43180847167969,61.191001892089844,60.839324951171875,60.48097229003906,60.225284576416016
2025-06-27 23:20:00,5,connected,60.89653015136719,61.84064483642578,60.111907958984375,61.5274658203125,61.24766540527344,60.899173736572266,60.50909423828125,60.26997375488281
2025-06-27 23:25:00,5,connected,60.87620162963867,62.19012451171875,60.143104553222656,61.8929786682129,61.2342529296875,60.8342628479004,60.51137161254883,60.27157974243164
2025-06-27 23:30:00,5,connected,61.4494285583496,64.03638458251953,59.97632598876953,63.473876953125,62.53480529785156,61.20469665527344,60.591278076171875,60.27324676513672
2025-06-27 23:35:00,5,connected,60.75249481201172,61.427181243896484,59.989295959472656,61.307247161865234,61.05974578857422,60.7397232055664,60.427001953125,60.17283248901367
2025-06-27 23:40:00,5,connected,60.82179260253906,61.558467864990234,59.92717742919922,61.43042755126953,61.1502342224121,60.822509765625,60.455692291259766,60.19391632080078
2025-06-28 10:30:00,5,connected,60.85752487182617,61.77792739868164,60.15422058105469,61.47228240966797,61.216583251953125,60.839019775390625,60.510498046875,60.29328918457031
2025-06-28 10:35:00,5,connected,60.72430419921875,62.16237258911133,59.98939514160156,61.32038116455078,61.043907165527344,60.711090087890625,60.38520812988281,60.183013916015625
2025-06-28 10:40:00,5,connected,61.231266021728516,63.66651916503906,60.0203628540039,63.14894104003906,62.04808807373047,61.019466400146484,60.60192108154297,60.2422218322754
2025-06-28 10:45:00,5,connected,61.2431411743164,64.04383850097656,60.086708068847656,63.69509506225586,62.3100814819336,60.96900939941406,60.58667755126953,60.2681999206543
2025-06-28 10:50:00,5,connected,60.993438720703125,63.44800567626953,60.15147399902344,61.6646728515625,61.37087631225586,60.96479034423828,60.61273193359375,60.310630798339844
2025-06-28 10:55:00,5,connected,60.97695541381836,62.3992691040039,59.8574447631836,61.77204132080078,61.38081359863281,60.95661926269531,60.5610008239746,60.25278854370117
2025-06-28 10:55:00,5,connected,60.97695541381836,62.3992691040039,59.8574447631836,61.77204132080078,61.38081359863281,60.95661926269531,60.5610008239746,60.25278854370117
2025-06-28 11:00:00,5,connected,60.756954193115234,61.75946807861328,59.8741455078125,61.3665771484375,61.049156188964844,60.73517608642578,60.474117279052734,60.26380920410156
2025-06-28 11:05:00,5,connected,60.772247314453125,62.33538818359375,60.0168685913086,61.3497085571289,61.08375549316406,60.74677276611328,60.462730407714844,60.245819091796875
2025-06-28 11:10:00,5,connected,60.971885681152344,61.81156921386719,60.13816833496094,61.5753059387207,61.311187744140625,60.966644287109375,60.62468338012695,60.36371612548828
2025-06-28 11:15:00,5,connected,60.86625671386719,67.46360778808594,60.04014587402344,61.46782684326172,61.19734573364258,60.821380615234375,60.54213333129883,60.30146026611328
2025-06-28 11:20:00,5,connected,60.93318557739258,62.15754699707031,60.23130798339844,61.54424285888672,61.26721954345703,60.91438293457031,60.604488372802734,60.3656005859375
2025-06-28 11:25:00,5,connected,60.971153259277344,61.8822364807129,60.2182846069336,61.64167022705078,61.31816101074219,60.95861053466797,60.61396026611328,60.38612365722656
2025-06-28 11:30:00,5,connected,61.01695251464844,61.94488525390625,60.22185516357422,61.64161682128906,61.34113311767578,61.004425048828125,60.677669525146484,60.42669677734375
2025-06-28 11:35:00,5,connected,60.9812889099121,61.74522399902344,60.23246765136719,61.552581787109375,61.3150291442871,60.9745864868164,60.63581085205078,60.3857421875
2025-06-28 11:40:00,5,connected,61.01205825805664,69.5037612915039,60.287139892578125,61.684356689453125,61.3086929321289,60.9700927734375,60.608978271484375,60.39503860473633
2025-06-28 11:45:00,5,connected,60.92884063720703,64.53082275390625,60.196712493896484,61.51893615722656,61.2264747619629,60.91136169433594,60.56914138793945,60.34001922607422
2025-06-28 11:50:00,5,connected,60.99755096435547,61.9148941040039,60.02069091796875,61.647178649902344,61.363197326660156,60.97978210449219,60.63349914550781,60.37786102294922
2025-06-28 11:55:00,5,connected,60.95460891723633,62.21894454956055,60.170562744140625,61.591339111328125,61.28673553466797,60.93895721435547,60.62672424316406,60.3484878540039
2025-06-28 12:00:00,5,connected,60.9317398071289,61.92817687988281,60.107505798339844,61.599334716796875,61.30218505859375,60.90489196777344,60.5627555847168,60.31061935424805
2025-06-28 12:05:00,5,connected,60.99188232421875,61.83879852294922,60.16675567626953,61.70183563232422,61.33155822753906,60.975433349609375,60.6414794921875,60.39794921875
2025-06-28 12:10:00,5,connected,60.95978927612305,61.868736267089844,60.17333984375,61.59607696533203,61.30540466308594,60.9394760131836,60.6268310546875,60.389225006103516
2025-06-28 12:15:00,5,connected,60.9838752746582,70.38633728027344,59.98937225341797,61.5316162109375,61.2813720703125,60.94287872314453,60.61927032470703,60.3680648803711
2025-06-28 12:20:00,5,connected,60.916542053222656,61.65595245361328,60.20170974731445,61.50465393066406,61.24513244628906,60.908599853515625,60.58378601074219,60.32292175292969
2025-06-28 12:25:00,5,connected,60.8644676208496,61.719444274902344,59.98274230957031,61.46977996826172,61.19825744628906,60.86186218261719,60.506439208984375,60.20771789550781
2025-06-28 12:30:00,5,connected,60.96574783325195,61.86808776855469,60.22767639160156,61.53709411621094,61.293060302734375,60.96213150024414,60.60328674316406,60.38323974609375
2025-06-28 12:35:00,5,connected,60.99011993408203,61.82121276855469,60.22642517089844,61.54149627685547,61.32386779785156,60.97862243652344,60.6463623046875,60.376869201660156
2025-06-28 12:40:00,5,connected,60.86956787109375,61.91136169433594,59.945884704589844,61.574005126953125,61.23015213012695,60.85087966918945,60.493408203125,60.1553726196289
2025-06-28 12:45:00,5,connected,60.812801361083984,61.630615234375,60.1400489807129,61.37681198120117,61.1200180053711,60.80192565917969,60.50737762451172,60.24999237060547
2025-06-28 12:50:00,5,connected,60.750308990478516,67.24813842773438,60.0271987915039,61.40556335449219,61.0372657775879,60.718505859375,60.418521881103516,60.1749153137207
2025-06-28 12:55:00,5,connected,60.74026107788086,61.47322463989258,59.93909454345703,61.27558517456055,61.0678482055664,60.737239837646484,60.4061393737793,60.11748123168945
2025-06-28 13:00:00,5,connected,60.72611999511719,61.5084228515625,59.77765655517578,61.25849914550781,61.05121612548828,60.71493911743164,60.392127990722656,60.18903350830078
2025-06-28 13:05:00,5,connected,60.824344635009766,61.922672271728516,59.737998962402344,61.660560607910156,61.22941589355469,60.78767013549805,60.4271011352539,60.116207122802734
2025-06-28 13:10:00,5,connected,60.83855056762695,65.2773971557617,59.945770263671875,61.4758071899414,61.15692138671875,60.828277587890625,60.47194290161133,60.12115478515625
2025-06-28 13:15:00,5,connected,60.83293914794922,65.21752166748047,60.003231048583984,61.3560791015625,61.14506912231445,60.81182861328125,60.4913101196289,60.25677490234375
2025-06-28 13:20:00,5,connected,60.80548858642578,61.585453033447266,59.90803527832031,61.415321350097656,61.15641403198242,60.79930114746094,60.4339370727539,60.1512680053711
2025-06-28 13:25:00,5,connected,62.131168365478516,63.87242889404297,60.88892364501953,63.454917907714844,62.768463134765625,62.084190368652344,61.417724609375,61.04749298095703
2025-06-28 13:30:00,5,connected,61.55809783935547,65.31642150878906,60.006988525390625,63.952117919921875,62.75115966796875,61.0519905090332,60.4783706665039,60.2224998474121
2025-06-28 13:35:00,5,connected,60.79736328125,62.11335754394531,59.99462127685547,61.3709373474121,61.12649154663086,60.78709411621094,60.47917175292969,60.237884521484375
2025-06-28 13:40:00,5,connected,60.80546569824219,61.68479919433594,59.96614074707031,61.406036376953125,61.138126373291016,60.79390335083008,60.47430419921875,60.236751556396484
2025-06-28 13:45:00,5,connected,60.8001480102539,62.17295455932617,59.889404296875,61.52191925048828,61.15022277832031,60.77882385253906,60.43413543701172,60.19780731201172
2025-06-28 13:50:00,5,connected,60.7604751586914,61.57905578613281,59.9875373840332,61.35431671142578,61.08644104003906,60.7525749206543,60.43436813354492,60.16521453857422
2025-06-28 13:55:00,5,connected,60.76808547973633,62.44822311401367,59.876495361328125,61.4690284729004,61.1020164489746,60.74082946777344,60.427406311035156,60.23194885253906
2025-06-28 14:00:00,5,connected,60.7947654724121,61.565513610839844,59.8747901916504,61.353057861328125,61.117469787597656,60.783287048339844,60.45672607421875,60.17462158203125
2025-06-28 14:05:00,5,connected,61.810184478759766,67.28160095214844,60.16278839111328,63.7468605041504,62.80732345581055,61.675819396972656,60.6673583984375,60.38129425048828
2025-06-28 14:10:00,5,connected,61.226287841796875,64.12693786621094,59.64311218261719,63.4863395690918,62.52449035644531,60.75458526611328,60.314727783203125,60.01786804199219
2025-06-28 20:55:01,5,connected,60.7909164428711,63.660560607910156,59.85821533203125,62.4063949584961,61.16448974609375,60.72932434082031,60.3476791381836,60.089447021484375
2025-06-29 00:30:00,5,connected,60.800777435302734,61.814910888671875,60.117427825927734,61.4275894165039,61.13501739501953,60.791412353515625,60.46441650390625,60.230995178222656
2025-06-29 00:35:00,5,connected,60.83447265625,61.56098556518555,60.10190200805664,61.431312561035156,61.161773681640625,60.812808990478516,60.491485595703125,60.235721588134766
2025-06-29 00:40:00,5,connected,60.8714942932129,61.70774841308594,60.08338928222656,61.48291778564453,61.214195251464844,60.86128234863281,60.52018737792969,60.249427795410156
2025-06-29 00:45:00,5,connected,60.86433029174805,61.6079330444336,59.939483642578125,61.456783294677734,61.21440887451172,60.85741424560547,60.46923065185547,60.2218017578125
2025-06-29 04:20:00,5,connected,60.96921157836914,61.72962188720703,60.14521408081055,61.602935791015625,61.31650161743164,60.95500183105469,60.62061309814453,60.36046600341797
2025-06-29 04:25:00,5,connected,60.752750396728516,61.853485107421875,60.107696533203125,61.28999328613281,61.02330780029297,60.744998931884766,60.47254180908203,60.272247314453125
2025-06-29 04:30:00,5,connected,60.79460525512695,61.799747467041016,60.03636932373047,61.33405303955078,61.0732765197754,60.78196716308594,60.50529479980469,60.282047271728516
2025-06-29 04:35:00,5,connected,60.7825698852539,61.74078369140625,59.92278289794922,61.36077880859375,61.095428466796875,60.7591781616211,60.48482131958008,60.29711151123047
2025-06-29 04:40:00,5,connected,60.73870086669922,61.415000915527344,60.056217193603516,61.208213806152344,60.98871612548828,60.7247314453125,60.481170654296875,60.273765563964844
2025-06-29 04:45:00,5,connected,60.83238220214844,61.70274353027344,60.168739318847656,61.46092224121094,61.14744567871094,60.80854034423828,60.52155685424805,60.288414001464844
2025-06-29 04:50:00,5,connected,60.73540496826172,61.3616828918457,60.131500244140625,61.20654296875,60.971744537353516,60.734458923339844,60.48316192626953,60.26612091064453
2025-06-29 04:55:00,5,connected,60.76884078979492,61.593994140625,60.09471893310547,61.287906646728516,61.05265808105469,60.75846481323242,60.482826232910156,60.2617530822754
2025-06-29 05:00:00,5,connected,60.80064010620117,61.6692123413086,59.983314514160156,61.3910140991211,61.10169982910156,60.77796173095703,60.49932861328125,60.30809020996094
2025-06-29 05:05:00,5,connected,62.091522216796875,64.28601837158203,60.319583892822266,63.884708404541016,63.03269958496094,62.11444091796875,60.97193908691406,60.5748634338379
2025-06-29 05:10:00,5,connected,61.88861083984375,64.0845489501953,60.12465286254883,63.490081787109375,62.93486404418945,61.96467208862305,60.6623306274414,60.39073944091797
2025-06-29 05:15:00,5,connected,60.727481842041016,61.342037200927734,60.104644775390625,61.204898834228516,60.97483825683594,60.71791458129883,60.474395751953125,60.2580795288086
2025-06-29 05:20:00,5,connected,60.7271957397461,61.393714904785156,60.067230224609375,61.215003967285156,60.986968994140625,60.7276611328125,60.4674415588379,60.19892883300781
2025-06-29 05:25:00,5,connected,60.7431869506836,61.4119873046875,60.06657791137695,61.23546600341797,60.9978370666504,60.74049377441406,60.47262954711914,60.31819152832031
2025-06-29 05:30:00,5,connected,60.742549896240234,61.4212417602539,60.088775634765625,61.24524688720703,61.00261688232422,60.741729736328125,60.45616149902344,60.232513427734375
2025-06-29 05:35:00,5,connected,60.91679382324219,61.7829818725586,59.970027923583984,61.6153335571289,61.25566101074219,60.8958740234375,60.571502685546875,60.3368911743164
2025-06-29 05:40:00,5,connected,60.75373840332031,61.6098289489746,60.12920379638672,61.224205017089844,61.012359619140625,60.74006652832031,60.49352264404297,60.31536102294922
2025-06-29 05:45:00,5,connected,60.74073028564453,61.36640167236328,60.12290954589844,61.218170166015625,60.99273681640625,60.74040603637695,60.4781265258789,60.260986328125
2025-06-29 05:50:00,5,connected,60.76747512817383,61.81887435913086,60.05000305175781,61.37456130981445,61.07297134399414,60.74976348876953,60.47247314453125,60.24945831298828
2025-06-29 05:55:00,5,connected,60.890167236328125,61.74858093261719,60.13849639892578,61.6122169494629,61.263301849365234,60.85166931152344,60.5230484008789,60.30699920654297
2025-06-29 06:00:00,5,connected,60.7442855834961,61.310829162597656,60.01850128173828,61.21137237548828,60.98667907714844,60.73939514160156,60.482547760009766,60.26348114013672
2025-06-29 06:05:00,5,connected,60.75835418701172,61.424468994140625,60.099884033203125,61.26948165893555,61.02339172363281,60.74994659423828,60.49428176879883,60.268035888671875
2025-06-29 06:10:00,5,connected,60.73581314086914,61.3143653869629,60.122222900390625,61.166229248046875,60.9964599609375,60.73225784301758,60.4719009399414,60.2458724975586
2025-06-29 06:15:00,5,connected,60.798431396484375,61.55999755859375,60.111541748046875,61.3065071105957,61.073673248291016,60.78618240356445,60.5050048828125,60.26000213623047
2025-06-29 06:20:00,5,connected,60.88610076904297,61.71849822998047,60.20623779296875,61.54052734375,61.194026947021484,60.87586975097656,60.56292724609375,60.28350830078125
2025-06-29 06:25:00,5,connected,60.8900260925293,61.8124885559082,60.0719985961914,61.4977798461914,61.200889587402344,60.8660774230957,60.592041015625,60.394222259521484
2025-06-29 06:30:00,5,connected,60.8677101135254,61.74357604980469,60.09232711791992,61.39775085449219,61.15502166748047,60.86339569091797,60.579376220703125,60.31495666503906
2025-06-29 06:35:00,5,connected,60.9198341369629,61.9442253112793,60.15870666503906,61.514678955078125,61.20783615112305,60.911834716796875,60.635746002197266,60.372344970703125
2025-06-29 06:40:00,5,connected,60.786624908447266,61.61598205566406,60.06950378417969,61.30612564086914,61.069091796875,60.7705307006836,60.52062225341797,60.305213928222656
2025-06-29 06:45:00,5,connected,60.7585792541504,61.41590881347656,59.99524688720703,61.26023483276367,61.0056381225586,60.76136016845703,60.49252700805664,60.25288772583008
2025-06-29 06:50:00,5,connected,60.81447982788086,62.764522552490234,60.24496841430664,61.4114112854004,61.07916259765625,60.79325485229492,60.55353546142578,60.362632751464844
2025-06-29 06:55:00,5,connected,60.78345489501953,61.516441345214844,60.14625549316406,61.250205993652344,61.05078887939453,60.7767562866211,60.5182876586914,60.28838348388672
2025-06-29 07:00:00,5,connected,60.79502487182617,61.4634780883789,60.11480712890625,61.28373718261719,61.06554412841797,60.79149627685547,60.51299285888672,60.2839012145996
2025-06-29 07:05:00,5,connected,60.79624938964844,61.504554748535156,60.232177734375,61.2451057434082,61.047447204589844,60.792938232421875,60.52384948730469,60.34309387207031
2025-06-29 07:10:00,5,connected,60.81330871582031,61.46131134033203,60.09101104736328,61.314971923828125,61.09010314941406,60.807533264160156,60.534828186035156,60.30632019042969
2025-06-29 07:15:00,5,connected,60.84462356567383,61.74742126464844,60.17279052734375,61.42732238769531,61.14262390136719,60.82685089111328,60.53942108154297,60.347110748291016
2025-06-29 07:15:00,5,connected,60.84462356567383,61.74742126464844,60.17279052734375,61.42732238769531,61.14262390136719,60.82685089111328,60.53942108154297,60.347110748291016
2025-06-29 07:20:00,5,connected,62.408607482910156,64.4775161743164,60.64098358154297,63.99617004394531,63.3040771484375,62.39971923828125,61.278839111328125,60.85449981689453
2025-06-29 07:25:00,5,connected,61.9947395324707,64.7273941040039,60.41206359863281,63.96400451660156,63.13549041748047,61.62885284423828,60.80573272705078,60.5701904296875
2025-06-29 07:30:00,5,connected,60.820594787597656,61.44276809692383,60.211246490478516,61.28739929199219,61.08354187011719,60.819175720214844,60.55177307128906,60.33066940307617
2025-06-29 07:35:00,5,connected,60.835140228271484,62.32708740234375,60.06285095214844,61.391845703125,61.11146545410156,60.82200622558594,60.5383186340332,60.29435348510742
2025-06-29 07:40:00,5,connected,60.8443832397461,65.13472747802734,60.14790344238281,61.47728729248047,61.12767791748047,60.822017669677734,60.53057861328125,60.34300231933594
2025-06-29 07:45:00,5,connected,61.0146598815918,61.763980865478516,60.131431579589844,61.587196350097656,61.3509635925293,61.01531219482422,60.67518615722656,60.415740966796875
2025-06-29 07:50:00,5,connected,61.0695915222168,62.22574996948242,60.324066162109375,61.845306396484375,61.431800842285156,61.03484344482422,60.71660614013672,60.433868408203125
2025-06-29 07:55:00,5,connected,61.01732635498047,62.413177490234375,60.17285919189453,61.680091857910156,61.444522857666016,60.99904251098633,60.62284851074219,60.29222869873047
2025-06-29 08:00:00,5,connected,61.12675857543945,61.8508644104004,60.3294906616211,61.69347381591797,61.45222854614258,61.12403106689453,60.783935546875,60.513832092285156
2025-06-29 08:05:00,5,connected,62.71641159057617,64.75250244140625,60.91969680786133,63.99350357055664,63.24577331542969,62.66857147216797,62.13637161254883,61.66077423095703
2025-06-29 08:10:00,5,connected,61.4368019104004,64.21533203125,60.038734436035156,63.4044532775879,62.64777374267578,61.050933837890625,60.57492446899414,60.344608306884766
2025-06-29 08:15:00,5,connected,60.92228698730469,61.98720169067383,60.14398193359375,61.678916931152344,61.315956115722656,60.89837646484375,60.54021453857422,60.29515838623047
2025-06-29 08:20:00,5,connected,60.8713150024414,61.92486572265625,60.22871398925781,61.59721374511719,61.1925277709961,60.8436279296875,60.559871673583984,60.3482437133789
2025-06-29 08:24:59,5,connected,60.765193939208984,63.67454528808594,60.024658203125,61.23664855957031,61.01402282714844,60.75691223144531,60.49089050292969,60.252410888671875
2025-06-29 08:30:00,5,connected,60.84669494628906,63.25940704345703,60.10383605957031,61.46104431152344,61.1646957397461,60.82911682128906,60.52024841308594,60.253211975097656
2025-06-29 08:35:00,5,connected,61.010459899902344,63.668663024902344,60.17499542236328,61.7133560180664,61.35681915283203,60.98066711425781,60.64738082885742,60.404876708984375
2025-06-29 08:40:00,5,connected,60.899818420410156,61.789344787597656,60.2029037475586,61.63569641113281,61.266605377197266,60.87493133544922,60.54774475097656,60.31927490234375
2025-06-29 08:45:00,5,connected,61.006385803222656,61.898468017578125,60.24552917480469,61.70417785644531,61.3614158630371,60.9898910522461,60.655517578125,60.407142639160156
2025-06-29 08:50:00,5,connected,60.95420455932617,62.68665313720703,60.09002685546875,61.5870361328125,61.30358123779297,60.93190383911133,60.58013153076172,60.37518310546875
2025-06-29 08:55:00,5,connected,60.96250534057617,61.63722229003906,60.21482849121094,61.56683349609375,61.29460144042969,60.949554443359375,60.630287170410156,60.414634704589844
2025-06-29 09:00:00,5,connected,61.8989143371582,65.5610885620117,60.10527038574219,63.5568618774414,62.74851608276367,61.94847106933594,60.79798126220703,60.42311096191406
2025-06-29 09:05:00,5,connected,62.27666473388672,64.2237319946289,60.172027587890625,63.86965560913086,63.237060546875,62.35112380981445,60.8661117553711,60.44096374511719
2025-06-29 09:10:00,5,connected,60.745174407958984,61.5431900024414,59.931846618652344,61.3153953552246,61.04746627807617,60.737396240234375,60.4330177307129,60.142303466796875
2025-06-29 09:15:00,5,connected,60.96675491333008,63.58512878417969,60.07094192504883,63.01449966430664,61.50641632080078,60.82121658325195,60.46784591674805,60.23614501953125
2025-06-29 09:20:00,5,connected,61.0104866027832,63.92265319824219,60.12237548828125,63.38392639160156,61.2757568359375,60.8571548461914,60.5615005493164,60.29278564453125
2025-06-29 09:25:00,5,connected,60.72700119018555,61.685001373291016,60.0150146484375,61.36219787597656,61.044185638427734,60.70298767089844,60.41682052612305,60.161590576171875
2025-06-29 09:30:00,5,connected,60.8060417175293,61.88731002807617,59.956626892089844,61.38264465332031,61.12306213378906,60.79199981689453,60.48223876953125,60.22560119628906
2025-06-29 09:35:00,5,connected,60.83399200439453,61.811363220214844,59.93486022949219,61.44878387451172,61.1395034790039,60.83082580566406,60.50603485107422,60.22978591918945
2025-06-29 09:40:00,5,connected,61.00006866455078,68.4006881713867,59.96373748779297,61.726226806640625,61.2895851135254,60.9237060546875,60.558143615722656,60.31130599975586
2025-06-29 09:45:00,5,connected,60.880245208740234,71.40713500976562,60.07060241699219,61.511104583740234,61.156681060791016,60.82440948486328,60.494667053222656,60.23919677734375
2025-06-29 09:50:00,5,connected,60.83417510986328,62.02507019042969,60.037567138671875,61.48222351074219,61.16746520996094,60.8188705444336,60.478084564208984,60.27531814575195
2025-06-29 09:55:00,5,connected,60.91969680786133,66.9037322998047,60.026885986328125,61.845420837402344,61.29433822631836,60.86040496826172,60.5047607421875,60.23719787597656
2025-06-29 10:00:00,5,connected,62.4429054260254,65.1700439453125,61.202178955078125,64.2091064453125,63.1297836303711,62.3351058959961,61.71635818481445,61.38491439819336
2025-06-29 10:05:00,5,connected,61.1928596496582,63.72499084472656,60.03211212158203,63.039276123046875,62.14983367919922,60.91705322265625,60.46722412109375,60.20574188232422
2025-06-29 10:10:00,5,connected,60.84367370605469,68.2496337890625,60.04121398925781,61.722129821777344,61.11299133300781,60.77611541748047,60.46495056152344,60.2234115600586
2025-06-29 10:10:00,5,connected,60.84367370605469,68.2496337890625,60.04121398925781,61.722129821777344,61.11299133300781,60.77611541748047,60.46495056152344,60.2234115600586
2025-06-29 10:15:00,5,connected,60.86588668823242,66.6060791015625,59.968021392822266,61.519775390625,61.1583480834961,60.838623046875,60.5120620727539,60.2551040649414
2025-06-29 10:20:00,5,connected,60.8289909362793,61.53852844238281,60.05680847167969,61.39793395996094,61.1355323791504,60.83213806152344,60.5175552368164,60.280235290527344
2025-06-29 10:25:00,5,connected,60.88016891479492,63.80507278442383,59.9362449645996,61.506103515625,61.190513610839844,60.8588523864746,60.55399703979492,60.2719383239746
2025-06-29 10:30:00,5,connected,61.11274719238281,71.2414016723633,60.08130645751953,64.99517822265625,61.352745056152344,60.86277770996094,60.5245475769043,60.3143310546875
2025-06-29 10:35:00,5,connected,61.20077896118164,67.61965942382812,60.06422805786133,63.27702331542969,62.41522979736328,60.8779525756836,60.51543045043945,60.298789978027344
2025-06-29 10:40:00,5,connected,61.24463653564453,67.0428009033203,59.9289436340332,63.3653793334961,62.130615234375,61.01670837402344,60.5982894897461,60.31465148925781
2025-06-29 10:45:00,5,connected,60.92157745361328,67.5338897705078,60.1556167602539,61.971923828125,61.212188720703125,60.85631561279297,60.564727783203125,60.34672546386719
2025-06-29 10:50:00,5,connected,60.90448760986328,66.23162841796875,59.9944190979004,61.799442291259766,61.205841064453125,60.85094451904297,60.54193115234375,60.27275085449219
2025-06-29 10:55:00,5,connected,61.00927734375,69.22476959228516,60.16249465942383,63.171875,61.3925552368164,60.88441467285156,60.53376388549805,60.285850524902344
2025-06-29 11:00:00,5,connected,60.8486557006836,65.49340057373047,60.12925720214844,61.4852294921875,61.17594528198242,60.820274353027344,60.498199462890625,60.26982116699219
2025-06-29 11:05:00,5,connected,60.81538772583008,62.85115432739258,60.03416442871094,61.3921127319336,61.1368179321289,60.811004638671875,60.473182678222656,60.1822738647461
2025-06-29 11:10:00,5,connected,60.83802795410156,66.01695251464844,60.0469856262207,62.35835266113281,61.12713623046875,60.76725769042969,60.442020416259766,60.222816467285156
2025-06-29 11:15:00,5,connected,60.78126907348633,62.893280029296875,59.9648208618164,61.44160079956055,61.097259521484375,60.7561264038086,60.43584060668945,60.21935272216797
2025-06-29 11:20:00,5,connected,60.54881286621094,62.10795211791992,59.78297424316406,61.2524642944336,60.86165237426758,60.53769302368164,60.2077980041504,59.94153594970703
2025-06-29 11:25:00,5,connected,60.60711669921875,65.62136840820312,59.7160873413086,61.4117317199707,60.97889709472656,60.567195892333984,60.220184326171875,59.973846435546875
2025-06-29 11:30:00,5,connected,60.54630661010742,71.21598052978516,59.749267578125,61.3541259765625,60.8255500793457,60.44465255737305,60.154335021972656,59.90129852294922
2025-06-29 11:35:00,5,connected,61.08718490600586,69.66532135009766,59.7807388305664,64.36936950683594,62.0589599609375,60.74840545654297,60.30366516113281,60.04081726074219
2025-06-30 11:15:00,5,connected,60.522789001464844,77.0851287841797,52.650550842285156,69.32403564453125,63.761531829833984,57.205116271972656,54.04424285888672,53.12303161621094
2025-06-30 11:20:00,5,connected,56.81547927856445,71.0115509033203,52.746646881103516,64.1211471557617,59.35358428955078,55.157867431640625,53.4957275390625,53.00740432739258
2025-06-30 11:25:00,5,connected,54.87090301513672,72.6837387084961,52.34965515136719,61.157188415527344,55.2212142944336,53.710174560546875,52.95393753051758,52.555362701416016
2025-06-30 11:30:00,5,connected,56.195552825927734,66.77152252197266,52.67317581176758,61.70110321044922,58.330753326416016,55.321441650390625,53.511077880859375,52.91071701049805
2025-06-30 11:45:00,5,connected,54.6229476928711,63.8079605102539,52.27728271484375,59.43918991088867,55.582923889160156,54.038150787353516,53.29652404785156,52.84850311279297
2025-06-30 11:50:00,5,connected,56.48237228393555,71.5150833129883,52.60022735595703,62.182525634765625,58.7456283569336,55.06937789916992,53.78278350830078,52.99238967895508
2025-06-30 14:25:00,5,connected,60.64555740356445,81.26646423339844,55.37594985961914,69.0283432006836,61.01439666748047,58.91133499145508,56.90671157836914,56.255332946777344
2025-06-30 14:30:00,5,connected,69.4014892578125,85.94012451171875,58.80429458618164,83.1388397216797,67.38379669189453,60.85106658935547,59.68785095214844,59.04186248779297
2025-06-30 14:40:00,5,connected,57.1320686340332,67.99356842041016,56.1468734741211,58.79524230957031,57.425621032714844,56.99704360961914,56.6374855041504,56.34333038330078
2025-06-30 14:45:00,5,connected,57.064022064208984,58.283729553222656,56.05854034423828,57.91796112060547,57.47532653808594,57.038448333740234,56.65687561035156,56.361785888671875
2025-06-30 14:50:00,5,connected,57.17900085449219,58.227359771728516,56.10442352294922,57.97787857055664,57.5753402709961,57.16300964355469,56.7532844543457,56.4267234802246
2025-06-30 14:55:00,5,connected,57.4518699645996,64.08678436279297,56.47044372558594,59.66229248046875,57.836631774902344,57.331382751464844,56.905853271484375,56.63508224487305
2025-06-30 19:15:00,5,connected,60.42932891845703,62.94349670410156,58.421913146972656,62.24196243286133,61.264583587646484,60.314537048339844,59.57311248779297,58.723548889160156
2025-06-30 19:20:00,5,connected,60.16799545288086,62.617431640625,58.6857681274414,61.6252670288086,60.511749267578125,60.12431335449219,59.80946350097656,59.460819244384766
2025-06-30 19:25:00,5,connected,58.09775161743164,62.326454162597656,56.1819725036621,60.4348487854004,59.5929183959961,57.4822769165039,56.85735321044922,56.48259735107422
2025-06-30 19:30:00,5,connected,57.03429412841797,57.89800262451172,56.03709030151367,57.7212257385254,57.40369415283203,57.02794647216797,56.6479263305664,56.331939697265625
2025-06-30 19:35:00,5,connected,57.081172943115234,58.13568115234375,56.11297607421875,57.91698455810547,57.48130798339844,57.0611801147461,56.667022705078125,56.339080810546875
2025-06-30 19:40:00,5,connected,57.163116455078125,58.448944091796875,56.164642333984375,57.885780334472656,57.56776428222656,57.147979736328125,56.7590217590332,56.4651107788086
2025-06-30 19:45:00,5,connected,57.1356430053711,58.12123489379883,56.2288589477539,57.9479866027832,57.56005859375,57.1016845703125,56.72715759277344,56.38417053222656
2025-06-30 19:50:00,5,connected,57.054012298583984,57.94511413574219,56.209754943847656,57.716190338134766,57.40966796875,57.0360336303711,56.684391021728516,56.38398361206055
2025-06-30 19:55:00,5,connected,57.1127700805664,62.18536376953125,56.22568893432617,59.00883483886719,57.411651611328125,57.051483154296875,56.71155548095703,56.383731842041016
2025-06-30 20:00:00,5,connected,57.1722183227539,59.30070495605469,56.31085968017578,58.07935333251953,57.58252716064453,57.1336441040039,56.78031921386719,56.52539825439453
2025-06-30 20:05:00,5,connected,57.20789337158203,58.36639404296875,56.1805419921875,58.00260925292969,57.56202697753906,57.181549072265625,56.850555419921875,56.54400634765625
2025-06-30 20:10:00,5,connected,57.56815719604492,59.4389877319336,56.4202651977539,58.79792404174805,58.18617248535156,57.48728942871094,56.9700927734375,56.66936111450195
2025-06-30 20:15:00,5,connected,57.78744888305664,66.74752807617188,56.70581817626953,59.11836242675781,58.30861282348633,57.69921875,57.188899993896484,56.88283157348633
2025-06-30 20:20:00,5,connected,58.78816604614258,64.037353515625,56.69874572753906,62.81884002685547,59.833744049072266,58.54944610595703,57.42292022705078,56.97792053222656
2025-06-30 20:25:00,5,connected,56.9282341003418,60.59149932861328,55.88374328613281,57.95463562011719,57.39784240722656,56.87985610961914,56.42430114746094,56.05696105957031
2025-06-30 20:30:00,5,connected,56.850830078125,60.8324966430664,55.91204833984375,57.8433609008789,57.1887092590332,56.831756591796875,56.46586608886719,56.18787384033203
2025-06-30 20:35:00,5,connected,57.0615005493164,58.98451232910156,56.32568359375,57.863285064697266,57.42024612426758,57.03898239135742,56.688140869140625,56.435699462890625
2025-06-30 20:40:00,5,connected,57.199249267578125,62.28645324707031,56.167144775390625,58.950164794921875,57.60143280029297,57.0955924987793,56.69618225097656,56.4020652770996
2025-06-30 20:45:00,5,connected,57.26715087890625,59.32355499267578,56.22533416748047,58.29088592529297,57.7215347290039,57.22522735595703,56.8218994140625,56.47588348388672
2025-06-30 20:50:00,5,connected,60.535064697265625,75.0609588623047,55.43449401855469,63.87054443359375,61.959163665771484,61.38673400878906,56.7673225402832,55.92338562011719
2025-06-30 20:55:00,5,connected,62.07225799560547,63.57661056518555,61.05668640136719,63.01259231567383,62.65057373046875,62.02406692504883,61.446685791015625,61.200103759765625
2025-06-30 21:00:00,5,connected,63.489044189453125,67.16223907470703,62.142181396484375,65.62770080566406,64.32098388671875,63.28240966796875,62.75830841064453,62.4371223449707
2025-06-30 21:05:00,5,connected,61.531494140625,63.429107666015625,60.62300109863281,63.118568420410156,62.211669921875,61.37250518798828,60.95216369628906,60.709808349609375
2025-06-30 21:10:00,5,connected,61.107601165771484,61.9460220336914,60.34672546386719,61.6458625793457,61.39733123779297,61.10015869140625,60.8160285949707,60.573211669921875
2025-06-30 21:15:00,5,connected,61.05889129638672,61.69287109375,60.36908721923828,61.55622863769531,61.3436279296875,61.05590057373047,60.78666687011719,60.57630157470703
2025-06-30 21:20:00,5,connected,61.19976806640625,62.37202835083008,60.47288513183594,62.03968048095703,61.590248107910156,61.155120849609375,60.830352783203125,60.57484436035156
2025-06-30 21:25:00,5,connected,62.76835632324219,67.35750579833984,61.01145553588867,65.19154357910156,63.7967300415039,62.6397476196289,61.66889190673828,61.31221008300781
2025-06-30 21:30:00,5,connected,62.53489685058594,67.72373962402344,60.62641143798828,66.4913864135742,63.8491439819336,62.05267333984375,61.20397186279297,60.88385772705078
2025-06-30 21:35:00,5,connected,61.1121940612793,61.82420349121094,60.3799705505371,61.6460952758789,61.39265823364258,61.11248016357422,60.81617736816406,60.5479965209961
2025-06-30 21:40:00,5,connected,61.10407257080078,61.7920799255371,60.42805862426758,61.616737365722656,61.3909683227539,61.0959243774414,60.81873321533203,60.563682556152344
2025-06-30 21:45:00,5,connected,61.20156478881836,62.07763671875,60.25426483154297,61.91342544555664,61.563072204589844,61.16688537597656,60.86143493652344,60.60981750488281
2025-06-30 21:50:00,5,connected,62.519447326660156,64.24903106689453,61.228965759277344,63.53564453125,63.03453826904297,62.49272918701172,61.96013641357422,61.52204895019531
2025-06-30 21:55:00,5,connected,62.006099700927734,64.02890014648438,60.60179901123047,63.479209899902344,62.8837890625,61.90842819213867,61.12018585205078,60.77671813964844
2025-06-30 22:00:00,5,connected,61.100833892822266,61.76837921142578,60.22894287109375,61.5984115600586,61.37724685668945,61.09685516357422,60.81321716308594,60.6003303527832
2025-06-30 22:05:00,5,connected,61.10911560058594,61.85095977783203,60.44975280761719,61.62376403808594,61.3714828491211,61.104576110839844,60.82278060913086,60.60022735595703
2025-06-30 22:10:00,5,connected,61.1115608215332,61.77907180786133,60.425262451171875,61.63950729370117,61.39714050292969,61.105743408203125,60.81548309326172,60.62232971191406
2025-06-30 22:15:00,5,connected,61.0911865234375,61.77593231201172,60.417659759521484,61.604156494140625,61.3486099243164,61.08509826660156,60.81128692626953,60.590240478515625
2025-06-30 22:20:00,5,connected,61.12700271606445,61.84557342529297,60.39728927612305,61.59346389770508,61.40477752685547,61.12061309814453,60.83702087402344,60.6139259338379
2025-06-30 22:25:00,5,connected,61.10752487182617,61.853797912597656,60.409393310546875,61.618194580078125,61.3782958984375,61.09819793701172,60.82898712158203,60.645477294921875
2025-06-30 22:30:00,5,connected,61.16127395629883,61.9111328125,60.34125518798828,61.748252868652344,61.4623794555664,61.1494140625,60.85820007324219,60.630615234375
2025-06-30 22:35:00,5,connected,62.43113327026367,64.31751251220703,61.1367530822754,63.54875946044922,62.97637939453125,62.43296813964844,61.7656593322754,61.42224884033203
2025-06-30 22:40:00,5,connected,62.62636947631836,63.910728454589844,61.4732894897461,63.539642333984375,63.10927200317383,62.62620544433594,62.012939453125,61.681671142578125
2025-06-30 22:45:00,5,connected,61.29370880126953,63.42951202392578,60.21484375,63.026405334472656,62.07167053222656,61.1166000366211,60.798500061035156,60.56378936767578
